ID,Item title,Final URL,Image URL,Item description,Price
8700749,2BR Apartment for Sale in New Cairo City,https://www.propertyfinder.eg/to/FPKATJDE3AEFZC04EWD5V7JJHM/en,https://static.shared.propertyfinder.eg/media/images/listing/FPKATJDE3AEFZC04EWD5V7JJHM/f4eae404-8f22-45db-a48f-501143d1a5d3/1312x894.jpg,See the details of this Apartment for Sale in Galleria Moon Valley.,5800000
8700708,2BR Apartment for Sale in New Cairo City,https://www.propertyfinder.eg/to/GT5F87RQ4C8R07AA0C1R8845FM/en,https://static.shared.propertyfinder.eg/media/images/listing/GT5F87RQ4C8R07AA0C1R8845FM/bc76a205-acc5-4978-b9cb-fd53385da94c/1312x894.jpg,See the details of this Apartment for Sale in District 5.,8500000
8697497,2BR Chalet for Sale in Qesm Marsa Matrouh,https://www.propertyfinder.eg/to/XEPPA3XGY6KFN2VZG2RHMW61N0/en,https://static.shared.propertyfinder.eg/media/images/listing/XEPPA3XGY6KFN2VZG2RHMW61N0/28ba057b-9979-44a8-8aa1-d29fea2a0330/1312x894.jpg,See the details of this Chalet for Sale in Almaza Bay.,16500000
8693212,3BR Apartment for Sale in New Cairo City,https://www.propertyfinder.eg/to/74C2BMWC75A1VEECYSFSBGBX08/en,https://static.shared.propertyfinder.eg/media/images/listing/74C2BMWC75A1VEECYSFSBGBX08/5754e0f1-9bb3-41f0-a761-7fef3693a356/1312x894.jpg,See the details of this Apartment for Sale in The Icon Residence.,4675000
8688934,2BR Apartment for Sale in Heliopolis - Masr El Gedida,https://www.propertyfinder.eg/to/PK7076M6N4KW7P9BY1GHMZ8WZ8/en,https://static.shared.propertyfinder.eg/media/images/listing/PK7076M6N4KW7P9BY1GHMZ8WZ8/e9ac8fc1-884e-4dfc-9f5d-eb00d2cf9294/1312x894.jpg,See the details of this Apartment for Sale in Marriott Residence Heliopolis.,9000000
8681279,3BR Apartment for Sale in New Cairo City,https://www.propertyfinder.eg/to/X3QTW4GZA9CT7SB45CHCW4RXEG/en,https://static.shared.propertyfinder.eg/media/images/listing/X3QTW4GZA9CT7SB45CHCW4RXEG/0dcefded-608b-4513-8536-c9bc60b50b1f/1312x894.jpg,See the details of this Apartment for Sale in The Square.,7800000
8659377,3BR Apartment for Sale in Hay Sharq,https://www.propertyfinder.eg/to/7YAA88S3YRWW7R493Y3BQ8ABYG/en,https://static.shared.propertyfinder.eg/media/images/listing/7YAA88S3YRWW7R493Y3BQ8ABYG/2fa2850e-bbd4-429c-a1d9-8f06c089ad33/1312x894.jpg,See the details of this Apartment for Sale in Grand View.,8998000
8657493,3BR Apartment for Sale in New Cairo City,https://www.propertyfinder.eg/to/7J2PM93QTXH27489BAAJN6FQF8/en,https://static.shared.propertyfinder.eg/media/images/listing/7J2PM93QTXH27489BAAJN6FQF8/5edbe81c-b0a6-461e-a28f-82f9346ced0a/1312x894.jpg,See the details of this Apartment for Sale in TRIO.,7370000
8614746,4BR Villa for Sale in 6 October City,https://www.propertyfinder.eg/to/NDT66HCQP998QSEJJB3Z047PZW/en,https://static.shared.propertyfinder.eg/media/images/listing/NDT66HCQP998QSEJJB3Z047PZW/9d50f336-eda7-4f3b-b215-417b7318c658/1312x894.jpg,See the details of this Villa for Sale in O West.,32500000
8613382,1BR Hotel Apartment for Sale in New Cairo City,https://www.propertyfinder.eg/to/RAZZS6EPAET9Y4DQVTJMP71W2G/en,https://static.shared.propertyfinder.eg/media/images/listing/RAZZS6EPAET9Y4DQVTJMP71W2G/9a2ee276-1895-4bc6-874b-81dac7b1b35c/1312x894.jpg,See the details of this Hotel Apartment for Sale in Moon Residences.,4700000
8607806,3BR Apartment for Sale in New Heliopolis,https://www.propertyfinder.eg/to/6WAV55M1S4HG58ZVA1SGK45FN8/en,https://static.shared.propertyfinder.eg/media/images/listing/6WAV55M1S4HG58ZVA1SGK45FN8/16be20ab-22d9-4f50-8b54-95864ade9a45/1312x894.jpg,See the details of this Apartment for Sale in Talala.,8500000
8607690,3BR Apartment for Sale in New Heliopolis,https://www.propertyfinder.eg/to/NX1MZW15EM1Y4BTHJ92A94HSR0/en,https://static.shared.propertyfinder.eg/media/images/listing/NX1MZW15EM1Y4BTHJ92A94HSR0/060ed095-94c1-4c77-99d0-369797106296/1312x894.jpg,See the details of this Apartment for Sale in Talala.,4500000
8603139,2BR Apartment for Sale in New Cairo City,https://www.propertyfinder.eg/to/ETBK7YKHE791PBM1MTEVMSDYYC/en,https://static.shared.propertyfinder.eg/media/images/listing/ETBK7YKHE791PBM1MTEVMSDYYC/e4d486be-db17-4c23-8507-4d2b1429aa11/1312x894.jpg,See the details of this Apartment for Sale in Lake View Residence.,11500000
8595184,3BR Chalet for Sale in Al Ain Al Sokhna,https://www.propertyfinder.eg/to/BF6N09HWWHX65GYQXCPGEBTYMG/en,https://static.shared.propertyfinder.eg/media/images/listing/BF6N09HWWHX65GYQXCPGEBTYMG/5ab038b4-5fad-4a31-98cb-1e72fdcddedf/1312x894.jpg,See the details of this Chalet for Sale in Telal Al Sokhna.,8500000
8594064,3BR Apartment for Sale in New Cairo City,https://www.propertyfinder.eg/to/T3RN648S42EA2HTTFBJN2MVVB0/en,https://static.shared.propertyfinder.eg/media/images/listing/T3RN648S42EA2HTTFBJN2MVVB0/91fa7f41-2dfe-4094-af20-5af41d9b9731/1312x894.jpg,See the details of this Apartment for Sale in The Square.,7000000
8583232,3BR Penthouse for Sale in New Cairo City,https://www.propertyfinder.eg/to/EG7341S4119G5RES8ZXXSWH3XG/en,https://static.shared.propertyfinder.eg/media/images/listing/EG7341S4119G5RES8ZXXSWH3XG/8938ec75-45bc-4f61-bd4d-75910ff7e397/1312x894.jpg,See the details of this Penthouse for Sale in Galleria Moon Valley.,11000000
8576513,3BR Apartment for Sale in New Cairo City,https://www.propertyfinder.eg/to/JWVJY2YRK6CA7Z3AHJ12PSVSF0/en,https://static.shared.propertyfinder.eg/media/images/listing/JWVJY2YRK6CA7Z3AHJ12PSVSF0/eeadaa52-31d1-4601-9185-c46a46fea49e/1312x894.jpg,See the details of this Apartment for Sale in The Square.,8500000
8576019,4BR Apartment for Sale in New Cairo City,https://www.propertyfinder.eg/to/S2QP0DZMKG3465GZSTMHMK7N8G/en,https://static.shared.propertyfinder.eg/media/images/listing/S2QP0DZMKG3465GZSTMHMK7N8G/1425bbc7-b505-43b4-beab-93db211732ed/1312x894.jpg,See the details of this Apartment for Sale in The Water Way.,15000000
8572239,3BR Apartment for Sale in New Cairo City,https://www.propertyfinder.eg/to/KDCS996V4BMH22G1EFAV3B2798/en,https://static.shared.propertyfinder.eg/media/images/listing/KDCS996V4BMH22G1EFAV3B2798/54294066-2bdb-4e3e-8fba-9646f0429391/1312x894.jpg,See the details of this Apartment for Sale in Isola Quattro.,7700000
8541937,3BR Townhouse for Sale in New Cairo City,https://www.propertyfinder.eg/to/VPTJKPKJ9C8XVENKAX5TQ8AYW0/en,https://static.shared.propertyfinder.eg/media/images/listing/VPTJKPKJ9C8XVENKAX5TQ8AYW0/e297b14e-c7cc-4484-8960-bfa295c03d04/1312x894.jpg,See the details of this Townhouse for Sale in Layan Residence.,22000000
8501259,5BR Apartment for Sale in Hay Sharq,https://www.propertyfinder.eg/to/K2HH5KT150S3V8QMNKC5RG4WH0/en,https://static.shared.propertyfinder.eg/media/images/listing/K2HH5KT150S3V8QMNKC5RG4WH0/e2273a08-88f8-494e-807e-cf9925345fa8/1312x894.jpg,See the details of this Apartment for Sale in San Stefano Grand Plaza.,38000000
8486222,3BR Apartment for Sale in 6 October City,https://www.propertyfinder.eg/to/SQD2RSQ24KF67TCZMKSKDCDE5C/en,https://static.shared.propertyfinder.eg/media/images/listing/SQD2RSQ24KF67TCZMKSKDCDE5C/a09ade81-5095-4e8c-92ca-c02a281ffdc8/1312x894.jpg,See the details of this Apartment for Sale in Badya Palm Hills.,9000000
8435982,Retail Space for Sale in Sheikh Zayed City,https://www.propertyfinder.eg/to/6B9FMX54NJY0CN5FFKCMC4YMZG/en,https://static.shared.propertyfinder.eg/media/images/listing/6B9FMX54NJY0CN5FFKCMC4YMZG/00ee45c1-50eb-4a3e-8018-a59283c20fec/1312x894.jpg,See the details of this Retail Space for Sale in Arkan Palm 205.,8000000
8433863,Retail Space for Sale in Sheikh Zayed City,https://www.propertyfinder.eg/to/6Q6D8YSAA1XMMJNHZJFE86RSHW/en,https://static.shared.propertyfinder.eg/media/images/listing/6Q6D8YSAA1XMMJNHZJFE86RSHW/b7c57b11-c9a9-45db-a94c-1515883ef423/1312x894.jpg,See the details of this Retail Space for Sale in Al Bostan St..,37000000
8413589,4BR Townhouse for Sale in 6 October City,https://www.propertyfinder.eg/to/RWQQ7TPBZ4VQD83PAGY0RRME3R/en,https://static.shared.propertyfinder.eg/media/images/listing/RWQQ7TPBZ4VQD83PAGY0RRME3R/78928d76-bd6b-48b8-bf73-a8dc62290cc0/1312x894.jpg,See the details of this Townhouse for Sale in Hadaba.,16000000
8402172,5BR Townhouse for Sale in Sheikh Zayed City,https://www.propertyfinder.eg/to/Y7VC0970GS0526MYH88XQEZGZ8/en,https://static.shared.propertyfinder.eg/media/images/listing/Y7VC0970GS0526MYH88XQEZGZ8/45c6e4fe-d6d2-46eb-ae04-915d9c32746f/1312x894.jpg,See the details of this Townhouse for Sale in Atrio.,17500000
8401843,3BR Villa for Sale in 6 October City,https://www.propertyfinder.eg/to/CT60WFZHKJX5CR1948ZFW0PT44/en,https://static.shared.propertyfinder.eg/media/images/listing/CT60WFZHKJX5CR1948ZFW0PT44/66edd0c9-f001-4f94-921e-d1ee4d47b5c5/1312x894.jpg,See the details of this Villa for Sale in Badya Palm Hills.,11000000
8365101,3BR Apartment for Sale in New Cairo City,https://www.propertyfinder.eg/to/01KBMR305RAMN67A4K1M7JJZYZ/en,https://static.shared.propertyfinder.eg/media/images/listing/01KBMR305RAMN67A4K1M7JJZYZ/adc8b03c-7f38-497a-afbe-c41e785f1a0f/1312x894.jpg,See the details of this Apartment for Sale in Hyde Park.,8282550
8364400,3BR Apartment for Sale in New Cairo City,https://www.propertyfinder.eg/to/01KBMMXVSQXAPEP5R81ZHV7TH0/en,https://static.shared.propertyfinder.eg/media/images/listing/01KBMMXVSQXAPEP5R81ZHV7TH0/9ea214ab-e629-4654-bf18-119cf9efabe4/1312x894.jpg,See the details of this Apartment for Sale in Hyde Park.,7412600
8333531,2BR Apartment for Sale in Sheikh Zayed City,https://www.propertyfinder.eg/to/01K85PB2GS22EK00E3SDYNR6B1/en,https://static.shared.propertyfinder.eg/media/images/listing/01K85PB2GS22EK00E3SDYNR6B1/4e9edd44-9fe7-4bcf-a6ca-d519701d1a67/1312x894.jpg,See the details of this Apartment for Sale in Elysium.,6809600
8325046,3BR Apartment for Sale in Shorouk City,https://www.propertyfinder.eg/to/01KB073NMK7J0SWTA48QA41CGK/en,https://static.shared.propertyfinder.eg/media/images/listing/01KB073NMK7J0SWTA48QA41CGK/f1f71d39-94ad-4088-8182-63ab5bf80cae/1312x894.jpg,See the details of this Apartment for Sale in Palm Capital.,4851000
8309865,3BR Apartment for Sale in New Cairo City,https://www.propertyfinder.eg/to/01KATV119TN5R2DG1WTN5NP0NG/en,https://static.shared.propertyfinder.eg/media/images/listing/01KATV119TN5R2DG1WTN5NP0NG/768239f0-7eed-4a4b-a25d-32b2262f8028/1312x894.jpg,See the details of this Apartment for Sale in The Square.,7800000
8272737,2BR Apartment for Sale in Hurghada,https://www.propertyfinder.eg/to/01KA91MDSPZ91FNAS4S5S3D74R/en,https://static.shared.propertyfinder.eg/media/images/listing/01KA91MDSPZ91FNAS4S5S3D74R/09f7be97-ec5d-4e97-b977-084d993f56d2/1312x894.jpg,See the details of this Apartment for Sale in Bay West.,14000000
8251037,2BR Apartment for Sale in Heliopolis - Masr El Gedida,https://www.propertyfinder.eg/to/01K9YG02C9HJQ85SAY3SHD17RR/en,https://static.shared.propertyfinder.eg/media/images/listing/01K9YG02C9HJQ85SAY3SHD17RR/98532e02-7e03-4a67-9df9-f80c15534847/1312x894.jpg,See the details of this Apartment for Sale in Marriott Residence Heliopolis.,10800000
80000498,5BR Townhouse for Sale in New Cairo City,https://www.propertyfinder.eg/to/BTEDGSP4MA9MTEZHCVKWQM87W0/en,https://static.shared.propertyfinder.eg/media/images/listing/BTEDGSP4MA9MTEZHCVKWQM87W0/77e844c9-8187-4f02-b2a6-a2deca707f9d/1312x894.jpg,See the details of this Townhouse for Sale in Villette.,42000000
80000493,3BR Apartment for Sale in New Cairo City,https://www.propertyfinder.eg/to/4GATTJJJJ8Z0EXH70JV4XX5TX4/en,https://static.shared.propertyfinder.eg/media/images/listing/4GATTJJJJ8Z0EXH70JV4XX5TX4/adff6743-81dd-4b7b-bfd0-98cb869b8459/1312x894.jpg,See the details of this Apartment for Sale in Mountain View 1.1.,10180000
80000481,3BR iVilla for Sale in New Cairo City,https://www.propertyfinder.eg/to/3YMG8Y14Z7JD5EBYMVVDEZMV8C/en,https://static.shared.propertyfinder.eg/media/images/listing/3YMG8Y14Z7JD5EBYMVVDEZMV8C/ff762f3f-7d76-482c-ab17-f578d87f6259/1312x894.jpg,See the details of this iVilla for Sale in Mountain View 1.1.,16543592
80000467,3BR Townhouse for Sale in Qesm Ad Dabaah,https://www.propertyfinder.eg/to/1SKN8SKCP7288VVAVDYDF2G0AR/en,https://static.shared.propertyfinder.eg/media/images/listing/1SKN8SKCP7288VVAVDYDF2G0AR/4058e65a-d2ac-4b23-b124-50550eb46ce1/1312x894.jpg,See the details of this Townhouse for Sale in Soul North Coast.,38000000
80000118,2BR Chalet for Sale in Ras Al Hekma,https://www.propertyfinder.eg/to/MGGNG93ET4VB54YMKZG7T3R2HW/en,https://static.shared.propertyfinder.eg/media/images/listing/MGGNG93ET4VB54YMKZG7T3R2HW/818122d9-276e-4991-b48d-cfabc294f9c1/1312x894.jpg?v=7a620701a8e5d8e333fd169c07231d56,See the details of this Chalet for Sale in Gaia.,5900000
79999459,2BR Apartment for Sale in Sheikh Zayed City,https://www.propertyfinder.eg/to/DBEV8JX8YECFACZ10H2PKC636W/en,https://static.shared.propertyfinder.eg/media/images/listing/DBEV8JX8YECFACZ10H2PKC636W/00236a4d-b847-4bcf-af91-1950b0bc4d1f/1312x894.jpg?v=6e89e28490e074b3625f92c333632d1c,See the details of this Apartment for Sale in Six West.,6700000
79999404,3BR Apartment for Sale in Sheikh Zayed City,https://www.propertyfinder.eg/to/21VNDGHFW1B155J9MXATJZB8NW/en,https://static.shared.propertyfinder.eg/media/images/listing/21VNDGHFW1B155J9MXATJZB8NW/5713bcf8-6700-493c-a4d0-cbcf1b8b7c2e/1312x894.jpg?v=d2fb8c71a0633a1d5207f5f44849cb7d,See the details of this Apartment for Sale in Park Side Residence.,11897400
79998679,3BR Townhouse for Sale in Sheikh Zayed City,https://www.propertyfinder.eg/to/GVVETCPJXAPNAQJ7VPRRY6R630/en,https://static.shared.propertyfinder.eg/media/images/listing/GVVETCPJXAPNAQJ7VPRRY6R630/04d81e6a-0d28-4626-a448-5371258a7012/1312x894.jpg?v=a42d8d1b8b0e3c4ce7b4d4341d26f4db,See the details of this Townhouse for Sale in Lake West.,11424000
79998262,3BR Chalet for Sale in Qesm Marsa Matrouh,https://www.propertyfinder.eg/to/QD205P6N1SD59DJQMYKR8E7F50/en,https://static.shared.propertyfinder.eg/media/images/listing/QD205P6N1SD59DJQMYKR8E7F50/9d335716-3715-42fb-8b7a-ad8a39eb3c69/1312x894.jpg?v=a0c0d89fbca25b7944813fb7a2961f0e,See the details of this Chalet for Sale in Silver Sands.,9600000
79998178,2BR Chalet for Sale in Qesm Marsa Matrouh,https://www.propertyfinder.eg/to/E5E5Y4P8ZS6FDMMGQ3B83CQ7Q0/en,https://static.shared.propertyfinder.eg/media/images/listing/E5E5Y4P8ZS6FDMMGQ3B83CQ7Q0/c5ce6eb9-ee01-4dc4-95ab-d01d124d6b64/1312x894.jpg?v=f792dfa7664508ba7f219dfb613bfab2,See the details of this Chalet for Sale in Silver Sands.,9950000
79998154,3BR Chalet for Sale in Qesm Ad Dabaah,https://www.propertyfinder.eg/to/DE59Q5J67ZYYJBR4KRC0CSGPT0/en,https://static.shared.propertyfinder.eg/media/images/listing/DE59Q5J67ZYYJBR4KRC0CSGPT0/25afe6fd-322d-4d15-9c1e-cfbd73305cc7/1312x894.jpg?v=b603f6442ed4feb189a67dde63d99d45,See the details of this Chalet for Sale in Ramla Lakeside.,15000000
79998104,3BR Chalet for Sale in Qesm Marsa Matrouh,https://www.propertyfinder.eg/to/QFGFPSV5D1EBP8XFZCNQVGYQ9G/en,https://static.shared.propertyfinder.eg/media/images/listing/QFGFPSV5D1EBP8XFZCNQVGYQ9G/552425c9-2aaa-45fe-aea5-1deccaec617c/1312x894.jpg?v=b603f6442ed4feb189a67dde63d99d45,See the details of this Chalet for Sale in Almaza Bay.,15000000
79998101,5BR Villa for Sale in Qesm Marsa Matrouh,https://www.propertyfinder.eg/to/WWSNZ2V124JM862WCM5RHKRV6R/en,https://static.shared.propertyfinder.eg/media/images/listing/WWSNZ2V124JM862WCM5RHKRV6R/21a06d23-0da8-4d5e-b6e9-ea006d980d10/1312x894.jpg?v=8d20a1d8732dc6a54142e4322a9c2d46,See the details of this Villa for Sale in Silver Sands.,45000000
79997677,3BR Townhouse for Sale in New Cairo City,https://www.propertyfinder.eg/to/430W92QY5S9SSG1NYP0JRKAVB0/en,https://static.shared.propertyfinder.eg/media/images/listing/430W92QY5S9SSG1NYP0JRKAVB0/a44b1372-9f6a-49ed-97cb-a805fa1a9b12/1312x894.jpg?v=e9b0345489cd4ad22615a1956aa9deab,See the details of this Townhouse for Sale in District 5.,23500000
79997336,3BR Townhouse for Sale in Ras Al Hekma,https://www.propertyfinder.eg/to/1SF3FKX076EF6NA9DJ7S2R3T2C/en,https://static.shared.propertyfinder.eg/media/images/listing/1SF3FKX076EF6NA9DJ7S2R3T2C/99232030-bacd-468c-9c04-58658cb0a8e4/1312x894.jpg?v=456f90ac53af648cbd7fda9d673b470e,See the details of this Townhouse for Sale in Mar Bay.,22750000
79997154,3BR Chalet for Sale in Qesm Marsa Matrouh,https://www.propertyfinder.eg/to/YA0HYCHTTVHB2E99W81B23MJ9M/en,https://static.shared.propertyfinder.eg/media/images/listing/YA0HYCHTTVHB2E99W81B23MJ9M/1692db2b-ba35-4ee3-aee7-12976253367c/1312x894.jpg?v=6a077ae7f7459673aae61f216baa5f84,See the details of this Chalet for Sale in Almaza Bay.,26500000
79997111,3BR Twin House for Sale in New Cairo City,https://www.propertyfinder.eg/to/V2WS7R08HCM2AHP8JEK8574B2M/en,https://static.shared.propertyfinder.eg/media/images/listing/V2WS7R08HCM2AHP8JEK8574B2M/8c20fddd-f232-4938-9500-7a2c85a2acbc/1312x894.jpg?v=55e9dead683051dac0e0e5bc5a218cce,See the details of this Twin House for Sale in Saada Compound.,9660000
79997102,4BR Villa for Sale in New Cairo City,https://www.propertyfinder.eg/to/S4XZPTK0KS6RMBKR1ABZ2TA3HR/en,https://static.shared.propertyfinder.eg/media/images/listing/S4XZPTK0KS6RMBKR1ABZ2TA3HR/f4227a43-d322-4642-9289-1a3479f79983/1312x894.jpg?v=fb947f8996c02a6b61ba5ab673343fdf,See the details of this Villa for Sale in Saada Compound.,28000000
79997075,2BR Apartment for Sale in New Cairo City,https://www.propertyfinder.eg/to/SWT0ZZV7JY8MPBB2NA90R7X8EM/en,https://static.shared.propertyfinder.eg/media/images/listing/SWT0ZZV7JY8MPBB2NA90R7X8EM/85c6cb26-4540-49af-b87f-ae9ff5dad6c7/1312x894.jpg?v=f82ae6fb47400bdf68421e0c78f28498,See the details of this Apartment for Sale in Palm Hills New Cairo.,4500000
79996684,5BR Apartment for Sale in New Heliopolis,https://www.propertyfinder.eg/to/2DN23ZV0T83RZ7MQ6KFQJ68EA0/en,https://static.shared.propertyfinder.eg/media/images/listing/2DN23ZV0T83RZ7MQ6KFQJ68EA0/265bc614-8b54-44fa-82fc-2077d1ab3596/1312x894.jpg?v=6fb3635881a7d187158d8724756f7aad,See the details of this Apartment for Sale in Sodic East.,20778000
79996306,2BR Chalet for Sale in Ras Al Hekma,https://www.propertyfinder.eg/to/612AZ9QTE362C26BSNMPS7M6TC/en,https://static.shared.propertyfinder.eg/media/images/listing/612AZ9QTE362C26BSNMPS7M6TC/b9addb42-dd63-4163-a52d-e9a995049fcf/1312x894.jpg?v=dd116c507e1489ba54b0a8e6e52b1498,See the details of this Chalet for Sale in Mountain View.,3563000
79996282,2BR Chalet for Sale in Ras Al Hekma,https://www.propertyfinder.eg/to/CHWRNVTD7DZADWNF1KY3164QGW/en,https://static.shared.propertyfinder.eg/media/images/listing/CHWRNVTD7DZADWNF1KY3164QGW/9d429bfa-50af-41e7-aa11-4f1d665a7a1c/1312x894.jpg?v=dd116c507e1489ba54b0a8e6e52b1498,See the details of this Chalet for Sale in Mountain View.,7400000
79996278,2BR Chalet for Sale in Ras Al Hekma,https://www.propertyfinder.eg/to/JXTBDTHHZK8S8R84E6RHZ7FMEG/en,https://static.shared.propertyfinder.eg/media/images/listing/JXTBDTHHZK8S8R84E6RHZ7FMEG/c4c33b05-4d48-4dbe-8b1f-767da11ea0d7/1312x894.jpg?v=dd116c507e1489ba54b0a8e6e52b1498,See the details of this Chalet for Sale in Mountain View.,8822000
79996264,3BR Chalet for Sale in Ras Al Hekma,https://www.propertyfinder.eg/to/3CK9S8J6W4J314BMSKH60DK0NW/en,https://static.shared.propertyfinder.eg/media/images/listing/3CK9S8J6W4J314BMSKH60DK0NW/ba2bcd5a-31f6-46aa-a29c-b9dd2ce4c261/1312x894.jpg?v=dd116c507e1489ba54b0a8e6e52b1498,See the details of this Chalet for Sale in Mountain View.,6400000
79996261,3BR Chalet for Sale in Ras Al Hekma,https://www.propertyfinder.eg/to/825NX0RQRHV2HT1A1740NMCAP4/en,https://static.shared.propertyfinder.eg/media/images/listing/825NX0RQRHV2HT1A1740NMCAP4/82c7022d-9bb8-4290-ba43-94d5a1fe9544/1312x894.jpg?v=b4f8e29c31c6b62cfa5d798f3c1ddc39,See the details of this Chalet for Sale in Mountain View.,9000000
79996253,3BR Chalet for Sale in Ras Al Hekma,https://www.propertyfinder.eg/to/WH80FPXK2611G7RDWJVTZKSCP8/en,https://static.shared.propertyfinder.eg/media/images/listing/WH80FPXK2611G7RDWJVTZKSCP8/26ef7276-1989-4c4b-84eb-36836d2ffc9f/1312x894.jpg?v=4d4059199621cb51ccf345d1de0a004c,See the details of this Chalet for Sale in Mountain View.,9500000
79996234,3BR Chalet for Sale in Ras Al Hekma,https://www.propertyfinder.eg/to/F046TTYPWX5V6Y3X2GGKABFAE0/en,https://static.shared.propertyfinder.eg/media/images/listing/F046TTYPWX5V6Y3X2GGKABFAE0/5052af23-ed31-467f-9fa5-4b81c2d10bbe/1312x894.jpg?v=033f1459544ac80eccd693d61c3fd9ca,See the details of this Chalet for Sale in Mountain View.,10370000
79996224,3BR Chalet for Sale in Ras Al Hekma,https://www.propertyfinder.eg/to/PRK06H77FGG2JPP8VTVW7AKZW4/en,https://static.shared.propertyfinder.eg/media/images/listing/PRK06H77FGG2JPP8VTVW7AKZW4/c892d35e-9d42-45c5-9d65-46670756c806/1312x894.jpg?v=17a51e258bec688c7f44918a4a758b84,See the details of this Chalet for Sale in Mountain View.,11000000
79996200,3BR Chalet for Sale in Ras Al Hekma,https://www.propertyfinder.eg/to/NX2KKDV8HCMDCRR24YMXBD9FXM/en,https://static.shared.propertyfinder.eg/media/images/listing/NX2KKDV8HCMDCRR24YMXBD9FXM/20791bc4-7051-4be6-a9e6-fe988112a7b9/1312x894.jpg?v=6163701eb8f23e7a1a748c7ab028327e,See the details of this Chalet for Sale in Mountain View.,9500000
79996129,3BR Apartment for Sale in New Cairo City,https://www.propertyfinder.eg/to/GX6DWYFMSMTKWAJX1VZ9XZMF5M/en,https://static.shared.propertyfinder.eg/media/images/listing/GX6DWYFMSMTKWAJX1VZ9XZMF5M/ac825de8-7efc-4d17-9178-03b873033f29/1312x894.jpg?v=53f3f726bccfeea53374657f4c05ed2d,See the details of this Apartment for Sale in El Patio Oro.,8500000
79996013,4BR Duplex for Sale in New Cairo City,https://www.propertyfinder.eg/to/GVWKT8BVE51552VRJX9M6EE7BM/en,https://static.shared.propertyfinder.eg/media/images/listing/GVWKT8BVE51552VRJX9M6EE7BM/c1fa9df9-f5d6-4231-9f81-de7068a7e9e2/1312x894.jpg?v=fe2300ac8eafb6b7daae3fa864632bda,See the details of this Duplex for Sale in Garden Residence.,15400000
79995911,3BR Apartment for Sale in Mostakbal City - Future City,https://www.propertyfinder.eg/to/8RPQJADBTAM6E35A3B80GY6WJM/en,https://static.shared.propertyfinder.eg/media/images/listing/8RPQJADBTAM6E35A3B80GY6WJM/a1027170-29ab-462c-a516-4a5396fbad96/1312x894.jpg?v=59581406dfc6f89befe3e041c1472aae,See the details of this Apartment for Sale in Elan Sarai.,9150000
79995908,4BR Townhouse for Sale in Sheikh Zayed City,https://www.propertyfinder.eg/to/QYRRZ5SJGVZSZRFR7FVQV38BBR/en,https://static.shared.propertyfinder.eg/media/images/listing/QYRRZ5SJGVZSZRFR7FVQV38BBR/e41f95a5-1746-40a9-8193-84a7f5d70e88/1312x894.jpg?v=1d27a4f51a93b745e35309081a2e8928,See the details of this Townhouse for Sale in Etapa.,5150000
79995270,3BR Chalet for Sale in Ras Al Hekma,https://www.propertyfinder.eg/to/5FRDRCFAGNP1A8F3GGBAQQA75W/en,https://static.shared.propertyfinder.eg/media/images/listing/5FRDRCFAGNP1A8F3GGBAQQA75W/7c390959-358a-4b6f-bc4e-73b66c36c5b9/1312x894.jpg?v=9c9a8f1890554ab2a1eeed42e4db8f9b,See the details of this Chalet for Sale in Naia bay.,3432980
79995099,4BR Townhouse for Sale in New Cairo City,https://www.propertyfinder.eg/to/B5WKZD4DS1YQEBQ5KVVBX449E8/en,https://static.shared.propertyfinder.eg/media/images/listing/B5WKZD4DS1YQEBQ5KVVBX449E8/20c41db0-2a21-42c4-bbf4-a8c5e8849e41/1312x894.jpg?v=b7fe8f173bf65f7543af83c3acd38264,See the details of this Townhouse for Sale in Saada Compound.,13100000
79994720,4BR Villa for Sale in Sheikh Zayed City,https://www.propertyfinder.eg/to/WK3EPPF2PVS61F0ZF3PA6WVX3G/en,https://static.shared.propertyfinder.eg/media/images/listing/WK3EPPF2PVS61F0ZF3PA6WVX3G/2035af78-0e69-47d6-84af-5563083f9ef8/1312x894.jpg?v=36854e751905785ac78afff09aaaa33f,See the details of this Villa for Sale in Patio Al Zahraa.,10450000
79994618,2BR Apartment for Sale in New Cairo City,https://www.propertyfinder.eg/to/A112AR5F3RB3DV0RQJEZ8Z6ZWM/en,https://static.shared.propertyfinder.eg/media/images/listing/A112AR5F3RB3DV0RQJEZ8Z6ZWM/27addeb0-35e3-467f-b291-075d4e636914/1312x894.jpg?v=2f789faf8c1e3072b7df7d46adad9afa,See the details of this Apartment for Sale in Mountain View Hyde Park.,7800000
79994510,2BR Chalet for Sale in Ras Al Hekma,https://www.propertyfinder.eg/to/5905Z0BQ6WTY0RVJ49F3W4XXBC/en,https://static.shared.propertyfinder.eg/media/images/listing/5905Z0BQ6WTY0RVJ49F3W4XXBC/78765455-50b3-49b0-a4cd-ffa00f8409dd/1312x894.jpg?v=8e1ea7e71b58a65d14d93b93ab8cfdfe,See the details of this Chalet for Sale in Marseilia Beach 5.,9000000
79994481,4BR Townhouse for Sale in New Capital City,https://www.propertyfinder.eg/to/DF4SHKW3TXFBD03A8X998D3TRR/en,https://static.shared.propertyfinder.eg/media/images/listing/DF4SHKW3TXFBD03A8X998D3TRR/3a2a9b1a-7c8c-4713-86ef-bedcb773f546/1312x894.jpg?v=f41a611824e8e45cef7e6875cfc6fc16,See the details of this Townhouse for Sale in Bleu Vert.,17000000
79994419,2BR Townhouse for Sale in Ras Al Hekma,https://www.propertyfinder.eg/to/6FWY41SBNGHJMJP9QDG6HYC260/en,https://static.shared.propertyfinder.eg/media/images/listing/6FWY41SBNGHJMJP9QDG6HYC260/12dd1dee-eac7-49c6-8920-c6e482bc73af/1312x894.jpg?v=11c92005da33bebb8e51f66a16e4fd99,See the details of this Townhouse for Sale in Direction White.,18000000
79994384,3BR iVilla for Sale in New Cairo City,https://www.propertyfinder.eg/to/BYRWJM1BS5ZDDZP9CAKMJSS718/en,https://static.shared.propertyfinder.eg/media/images/listing/BYRWJM1BS5ZDDZP9CAKMJSS718/f45d1c0d-d234-4b7e-bf38-70bb6f98481c/1312x894.jpg?v=69da6cba78e02eff33c91397e6d455c5,See the details of this iVilla for Sale in Mountain View iCity.,9200000
79994218,5BR Villa for Sale in Qesm Ad Dabaah,https://www.propertyfinder.eg/to/MDP40K9SYM8WEM04YP10NNR6MR/en,https://static.shared.propertyfinder.eg/media/images/listing/MDP40K9SYM8WEM04YP10NNR6MR/3c9add9f-1e11-46fb-8662-7c3dec6ebc5d/1312x894.jpg?v=be7ad68886136a12015c852ff12df10e,See the details of this Villa for Sale in Soul North Coast.,18000000
79994204,5BR Villa for Sale in Ras Al Hekma,https://www.propertyfinder.eg/to/6JEY8C9F6JQZTQP6HB7F0KPMZ8/en,https://static.shared.propertyfinder.eg/media/images/listing/6JEY8C9F6JQZTQP6HB7F0KPMZ8/8d9efa7a-5a5b-48b1-a6f0-31660f543533/1312x894.jpg?v=b603f6442ed4feb189a67dde63d99d45,See the details of this Villa for Sale in Ramla.,27000000
79994140,5BR Villa for Sale in Ras Al Hekma,https://www.propertyfinder.eg/to/HMQYGFGCZNY699F0CPPZ080BN8/en,https://static.shared.propertyfinder.eg/media/images/listing/HMQYGFGCZNY699F0CPPZ080BN8/1c1a4d83-f8cf-417a-8661-82055a0eb9af/1312x894.jpg?v=be7ad68886136a12015c852ff12df10e,See the details of this Villa for Sale in The Med.,27000000
79994134,5BR Villa for Sale in Qesm Marsa Matrouh,https://www.propertyfinder.eg/to/FE9BWRMR9PB8TXTBB0MS8ZCQBM/en,https://static.shared.propertyfinder.eg/media/images/listing/FE9BWRMR9PB8TXTBB0MS8ZCQBM/9b9253db-7e75-4eb7-90d4-27efb85e79d4/1312x894.jpg?v=be7ad68886136a12015c852ff12df10e,See the details of this Villa for Sale in Silver Sands.,27000000
79994123,5BR Villa for Sale in Qesm Marsa Matrouh,https://www.propertyfinder.eg/to/YX2GD53BM0RP7PXBBE1ZKW378C/en,https://static.shared.propertyfinder.eg/media/images/listing/YX2GD53BM0RP7PXBBE1ZKW378C/96296904-3acd-423c-b34e-e8063e9c7123/1312x894.jpg?v=b603f6442ed4feb189a67dde63d99d45,See the details of this Villa for Sale in Caesar.,27000000
79994106,3BR Duplex for Sale in Sheikh Zayed City,https://www.propertyfinder.eg/to/91Z2PE7NGBK0K46BN9EXTPTSEG/en,https://static.shared.propertyfinder.eg/media/images/listing/91Z2PE7NGBK0K46BN9EXTPTSEG/4b044320-61c3-4e91-8fee-f644b8158922/1312x894.jpg?v=0d61ff94ef6463ac12db5e32caa9e5e2,See the details of this Duplex for Sale in Park Side Residence.,20462000
79994102,5BR Villa for Sale in Qesm Marsa Matrouh,https://www.propertyfinder.eg/to/FHETFA4KTZM8B7J85MKXJTWF48/en,https://static.shared.propertyfinder.eg/media/images/listing/FHETFA4KTZM8B7J85MKXJTWF48/8a9a6dae-8eed-4a0c-a75e-f2f5e21b636f/1312x894.jpg?v=b603f6442ed4feb189a67dde63d99d45,See the details of this Villa for Sale in Almaza Bay.,27000000
79994097,3BR Chalet for Sale in Qesm Marsa Matrouh,https://www.propertyfinder.eg/to/D6QP46GCH9935AQ5Y53CGR4TPR/en,https://static.shared.propertyfinder.eg/media/images/listing/D6QP46GCH9935AQ5Y53CGR4TPR/6afbef00-ff33-4144-ac10-afade0be4aab/1312x894.jpg?v=3b3526f63d86ee361ee1066e248caab7,See the details of this Chalet for Sale in Caesar.,17000000
79993905,3BR Chalet for Sale in Qesm Marsa Matrouh,https://www.propertyfinder.eg/to/QCKXMCDSWQBDF04R8RKH0MCED8/en,https://static.shared.propertyfinder.eg/media/images/listing/QCKXMCDSWQBDF04R8RKH0MCED8/544fea84-5303-4434-8486-b0a882dc20bc/1312x894.jpg?v=7afe688adea6c9f41fb48ac38c932e49,See the details of this Chalet for Sale in Silver Sands.,17000000
79993608,2BR Chalet for Sale in Al Alamein,https://www.propertyfinder.eg/to/Y5F1PC2F93VA4VHX0H9SN4KRAC/en,https://static.shared.propertyfinder.eg/media/images/listing/Y5F1PC2F93VA4VHX0H9SN4KRAC/c2a22c38-5a32-4462-93e0-9506b40a5183/1312x894.jpg?v=6a39963e18fd0dfc342cd83999c808bb,See the details of this Chalet for Sale in Marina 6.,3100000
79993598,6BR Villa for Sale in New Cairo City,https://www.propertyfinder.eg/to/P9QXAF7M8J2S7VWK922XZGM4N8/en,https://static.shared.propertyfinder.eg/media/images/listing/P9QXAF7M8J2S7VWK922XZGM4N8/c2518701-e934-4690-93d2-eef3200388f7/1312x894.jpg?v=3fd693027520124988b8fbf751be40a8,See the details of this Villa for Sale in Aswar Residence.,40000000
79993536,5BR Villa for Sale in New Cairo City,https://www.propertyfinder.eg/to/6K5RT6TYF5GMN0N3DMCSV2F6QW/en,https://static.shared.propertyfinder.eg/media/images/listing/6K5RT6TYF5GMN0N3DMCSV2F6QW/4ee2c8ba-bd60-45dd-8112-d4c975302141/1312x894.jpg?v=19dc0dc882768ef1557c4eec4df7368e,See the details of this Villa for Sale in Lake View Residence.,90000000
79993225,3BR Apartment for Sale in Shorouk City,https://www.propertyfinder.eg/to/GJRZQH7F87KAJYVMF1HD1QS2E0/en,https://static.shared.propertyfinder.eg/media/images/listing/GJRZQH7F87KAJYVMF1HD1QS2E0/e1756e4e-c4f1-4a59-a42b-a71ed53b418a/1312x894.jpg?v=866c39665c85c33bf2c76469fa37b6fa,See the details of this Apartment for Sale in Patio Casa.,9000000
79992811,30BR Whole Building for Sale in New Cairo City,https://www.propertyfinder.eg/to/BQV7M5CQPFN81QVGRGA2T1TFDM/en,https://static.shared.propertyfinder.eg/media/images/listing/BQV7M5CQPFN81QVGRGA2T1TFDM/34755de3-449a-409e-8898-fd471d8ac389/1312x894.jpg?v=f0faf79749e64946f0b324e113298fd0,See the details of this Whole Building for Sale in Villette.,91800000
79992759,5BR Twin House for Sale in New Cairo City,https://www.propertyfinder.eg/to/GVSKBR83GM6FJ7K6220SKSGSVW/en,https://static.shared.propertyfinder.eg/media/images/listing/GVSKBR83GM6FJ7K6220SKSGSVW/bb988679-1ed7-4eca-8898-7ecd87da47f8/1312x894.jpg?v=e4c6525598b40183faa08120028e95d5,See the details of this Twin House for Sale in Landmark Village.,42000000
79992406,2BR Chalet for Sale in Al Ain Al Sokhna,https://www.propertyfinder.eg/to/XY4V44F769RYQHX7Q9E9NP3KT0/en,https://static.shared.propertyfinder.eg/media/images/listing/XY4V44F769RYQHX7Q9E9NP3KT0/d2327c28-8d0c-4a98-8cf6-ea83f518d181/1312x894.jpg?v=0347f2a50aaf654af30f27175b3ae65e,See the details of this Chalet for Sale in Azha.,9000000
79991817,3BR Chalet for Sale in Ras Al Hekma,https://www.propertyfinder.eg/to/M7JBG824SXRNG8ZFCFC3S4Q1Q0/en,https://static.shared.propertyfinder.eg/media/images/listing/M7JBG824SXRNG8ZFCFC3S4Q1Q0/d392d8a5-2513-4302-8dd1-fc6b0d4ab2e0/1312x894.jpg?v=5937ff027a677e5abb4ab1c17fd18480,See the details of this Chalet for Sale in Koun.,4026000
79991629,2BR Chalet for Sale in Sidi Abdel Rahman,https://www.propertyfinder.eg/to/TT2S8X0WSWTEF02QQPH9R3MWFC/en,https://static.shared.propertyfinder.eg/media/images/listing/TT2S8X0WSWTEF02QQPH9R3MWFC/2f83829a-7399-4412-bef9-bfb03acaaba7/1312x894.jpg?v=1cc5c64005d9ab2d691fd0e92bef3278,See the details of this Chalet for Sale in Zoya.,9077500
79991531,3BR Villa for Sale in 6 October City,https://www.propertyfinder.eg/to/Q2G604J9JWP4RK0MH4TB5W2270/en,https://static.shared.propertyfinder.eg/media/images/listing/Q2G604J9JWP4RK0MH4TB5W2270/fe3c88f6-f0a7-4bd6-8f45-62ec8072a39c/1312x894.jpg?v=93ace920b9e81093a7c6de9b2fe79257,See the details of this Villa for Sale in Grand Heights.,45000000
79991006,5BR Villa for Sale in New Cairo City,https://www.propertyfinder.eg/to/3DKYNYH6CW7PXA9HHKV4GVZ334/en,https://static.shared.propertyfinder.eg/media/images/listing/3DKYNYH6CW7PXA9HHKV4GVZ334/dec62659-cc9e-460c-8237-98b547ac60e7/1312x894.jpg?v=33c8515ade7fc93cd894a7e52bf7e692,See the details of this Villa for Sale in Villette.,67000000
79990762,4BR Townhouse for Sale in New Capital City,https://www.propertyfinder.eg/to/VNM4Q9MWF6WKGJ3ZY7ZST7E6S8/en,https://static.shared.propertyfinder.eg/media/images/listing/VNM4Q9MWF6WKGJ3ZY7ZST7E6S8/0be61a18-5c77-480f-aa1f-a771ffee6c4b/1312x894.jpg?v=9dc01fbeef679f716a96e61c5b348f6f,See the details of this Townhouse for Sale in Al Maqsad.,10000000
79990718,2BR Apartment for Sale in New Cairo City,https://www.propertyfinder.eg/to/B61ANMA028J17PG22YSQYWV8K8/en,https://static.shared.propertyfinder.eg/media/images/listing/B61ANMA028J17PG22YSQYWV8K8/5b545864-5190-49aa-abec-471eba0da734/1312x894.jpg?v=f0d79c557065b0699dc127ae0cab1549,See the details of this Apartment for Sale in Lake View Residence 2.,5500000
79990706,3BR Duplex for Sale in Sheikh Zayed City,https://www.propertyfinder.eg/to/C93N3VKR022D5SSYX6P9559M3W/en,https://static.shared.propertyfinder.eg/media/images/listing/C93N3VKR022D5SSYX6P9559M3W/1bb3e5e9-436a-4b03-beb0-9da539ef544e/1312x894.jpg?v=7f2664cc7b0f175eb340ace8d2c0d49e,See the details of this Duplex for Sale in 8th District.,7500000
79990687,3BR Apartment for Sale in Mostakbal City - Future City,https://www.propertyfinder.eg/to/JJ2G01PEYYFMT7WJMTGSAWR1AC/en,https://static.shared.propertyfinder.eg/media/images/listing/JJ2G01PEYYFMT7WJMTGSAWR1AC/931778d5-7075-494e-a1a9-aab308c04169/1312x894.jpg?v=c1ed2e4bc450c5166845fde94b6dfda7,See the details of this Apartment for Sale in L'avenir.,6500000
79990650,Office for Sale in New Cairo City,https://www.propertyfinder.eg/to/K06VEW9MSTT9AKTJV4P8TF54E4/en,https://static.shared.propertyfinder.eg/media/images/listing/K06VEW9MSTT9AKTJV4P8TF54E4/da63076b-86cd-4e6c-b75d-2d26af35ab3a/1312x894.jpg?v=592a53f8b9a138e68504bdfe942d4907,See the details of this Office for Sale in Cairo Business Plaza.,25650000
79990643,2BR Chalet for Sale in Ras Al Hekma,https://www.propertyfinder.eg/to/P78HPR6Z71SSNP1TXWYTPZTGQ4/en,https://static.shared.propertyfinder.eg/media/images/listing/P78HPR6Z71SSNP1TXWYTPZTGQ4/45726435-b65c-4e0b-84eb-eabd0a7799bd/1312x894.jpg?v=f3739947e156b19c58ff0971f1b42def,See the details of this Chalet for Sale in June.,9500000
79990037,5BR Villa for Sale in New Cairo City,https://www.propertyfinder.eg/to/37HT6YWD0SH0CC6KDFN5N0KXC0/en,https://static.shared.propertyfinder.eg/media/images/listing/37HT6YWD0SH0CC6KDFN5N0KXC0/e5694a29-4d25-498a-bd90-f26a49b986d4/1312x894.jpg?v=a63d2d2f356e1e52f66931ee7c9497e7,See the details of this Villa for Sale in Garden Residence.,38000000
79989641,3BR Apartment for Sale in New Cairo City,https://www.propertyfinder.eg/to/TKHZV9ZA4WR52SSKD5SGVAHXDM/en,https://static.shared.propertyfinder.eg/media/images/listing/TKHZV9ZA4WR52SSKD5SGVAHXDM/4ae52283-27d6-4c80-af4a-5ff031832ea2/1312x894.jpg?v=25d66765c70fc5af9711961c523644b0,See the details of this Apartment for Sale in Galleria Moon Valley.,9500000
79989496,Office for Sale in New Cairo City,https://www.propertyfinder.eg/to/JZVTA079W6MEG02GF28FT8Q78G/en,https://static.shared.propertyfinder.eg/media/images/listing/JZVTA079W6MEG02GF28FT8Q78G/3667b4bb-5d89-415a-9626-3d2e646a7c69/1312x894.jpg?v=e7c201dcb960fb8d757f346f375c8353,See the details of this Office for Sale in Golden Gate.,37000000
79989417,4BR Townhouse for Sale in Mostakbal City - Future City,https://www.propertyfinder.eg/to/A1AK6C84QW67EKKYCQD2KS4VVG/en,https://static.shared.propertyfinder.eg/media/images/listing/A1AK6C84QW67EKKYCQD2KS4VVG/d3e887d3-0cf9-4be5-97c2-7f9c88a9ae43/1312x894.jpg?v=11fccf9ab0a4a902c13896422a1ffa82,See the details of this Townhouse for Sale in L'avenir.,11500000
79989377,3BR Apartment for Sale in Mostakbal City - Future City,https://www.propertyfinder.eg/to/53GTW2YZGSMTH89J2DVXNE8DQ0/en,https://static.shared.propertyfinder.eg/media/images/listing/53GTW2YZGSMTH89J2DVXNE8DQ0/b99279e5-4062-4700-8609-ed48e1bc36a8/1312x894.jpg?v=5565af5ec69f109a2c6390c783ccffaa,See the details of this Apartment for Sale in Elan Sarai.,3280000
79988993,6BR Villa for Sale in Sheikh Zayed City,https://www.propertyfinder.eg/to/2FM2AH9P24RJDW58W4FPC1493G/en,https://static.shared.propertyfinder.eg/media/images/listing/2FM2AH9P24RJDW58W4FPC1493G/94bd2e66-7937-4d11-bfa7-8166f2e53a26/1312x894.jpg?v=50819600bba91b33f868d19a884b9d80,See the details of this Villa for Sale in Al  Rabwa.,80000000
79988919,3BR Apartment for Sale in Sheikh Zayed City,https://www.propertyfinder.eg/to/AV3T9MZ57SP5TKWP0PNRXZMBWG/en,https://static.shared.propertyfinder.eg/media/images/listing/AV3T9MZ57SP5TKWP0PNRXZMBWG/818ceae4-fbec-4459-ba0f-f3ba3c742e95/1312x894.jpg?v=588859dc57e7c0dd03df45999efe5f00,See the details of this Apartment for Sale in Park Side Residence.,16000000
79988775,3BR Apartment for Sale in Sheikh Zayed City,https://www.propertyfinder.eg/to/20P1S65K3J76EVYJRAK2YW1T0G/en,https://static.shared.propertyfinder.eg/media/images/listing/20P1S65K3J76EVYJRAK2YW1T0G/05c877bb-21a4-41e0-bdf4-91a963a605fc/1312x894.jpg?v=3d488eccb6dedd07a215da4d16acf2ac,See the details of this Apartment for Sale in Park Side Residence.,16000000
79988643,3BR Apartment for Sale in New Cairo City,https://www.propertyfinder.eg/to/9MDXTDB46MB65CC5HBYKTDQTGM/en,https://static.shared.propertyfinder.eg/media/images/listing/9MDXTDB46MB65CC5HBYKTDQTGM/f67a0d2c-7a4f-45ff-92d3-9724b74f8c12/1312x894.jpg?v=241629e7e7b2c6174f8cdf99785f87b1,See the details of this Apartment for Sale in Mountain View iCity.,8500000
79988639,4BR Villa for Sale in New Cairo City,https://www.propertyfinder.eg/to/M2MG39NZ8ED0GK7DWY4F8QKWVG/en,https://static.shared.propertyfinder.eg/media/images/listing/M2MG39NZ8ED0GK7DWY4F8QKWVG/f6655bf4-5403-4fd2-8fc4-19744d5bd2ac/1312x894.jpg?v=b3637fd891fc64714f996e143cb60bae,See the details of this Villa for Sale in Katameya Heights.,110000000
79988633,3BR Chalet for Sale in Ras Al Hekma,https://www.propertyfinder.eg/to/EXPY52W2XS917QJS75V6AJJN28/en,https://static.shared.propertyfinder.eg/media/images/listing/EXPY52W2XS917QJS75V6AJJN28/6ccebf2e-ed25-4238-b98c-37214b03a82e/1312x894.jpg?v=d7dc5010f6360fd861c721d6307572b1,See the details of this Chalet for Sale in Mountain View.,11000000
79988618,3BR Chalet for Sale in Ras Al Hekma,https://www.propertyfinder.eg/to/HCQ1EMJ5YS7J1YKNWAP2YK6YZ4/en,https://static.shared.propertyfinder.eg/media/images/listing/HCQ1EMJ5YS7J1YKNWAP2YK6YZ4/e953cafd-2473-42d9-b5e6-807a15c6da78/1312x894.jpg?v=d19feccdae177d36a7eaff7742589653,See the details of this Chalet for Sale in Mountain View.,10370000
79988615,3BR Chalet for Sale in Ras Al Hekma,https://www.propertyfinder.eg/to/BH0WBKEX31E12QT960XEDXFDJ0/en,https://static.shared.propertyfinder.eg/media/images/listing/BH0WBKEX31E12QT960XEDXFDJ0/9515f50c-607e-4eb9-a7c9-40d20df5183e/1312x894.jpg?v=dd116c507e1489ba54b0a8e6e52b1498,See the details of this Chalet for Sale in Mountain View.,9300000
79988608,3BR Duplex for Sale in Sheikh Zayed City,https://www.propertyfinder.eg/to/JC9ZFG79H3DCF9M39F3ZD204EM/en,https://static.shared.propertyfinder.eg/media/images/listing/JC9ZFG79H3DCF9M39F3ZD204EM/bfacdda9-4722-4dfb-a479-12d02115f54d/1312x894.jpg?v=5629a5977b6a003f1f37b91103372747,See the details of this Duplex for Sale in Karmell.,11000000
79988594,2BR Apartment for Sale in New Cairo City,https://www.propertyfinder.eg/to/QFNWEY90WNHN80D6FFC297KFAC/en,https://static.shared.propertyfinder.eg/media/images/listing/QFNWEY90WNHN80D6FFC297KFAC/83d9c035-ebf9-4e12-94ae-5252604156a1/1312x894.jpg?v=421ce078848882b863f2c04853d374b8,See the details of this Apartment for Sale in Lake View Residence 2.,5500000
79988263,3BR Apartment for Sale in New Cairo City,https://www.propertyfinder.eg/to/QGEDC33ZQYSHY6JGFC1VT1R018/en,https://static.shared.propertyfinder.eg/media/images/listing/QGEDC33ZQYSHY6JGFC1VT1R018/69dce162-f5d6-45ed-9c84-121e453e13f5/1312x894.jpg?v=65ba1115fc56e137b9e4f82fccb2d147,See the details of this Apartment for Sale in The Address East.,10800000
79988154,1BR Apartment for Sale in Shorouk City,https://www.propertyfinder.eg/to/N43EK56N7Q1CSQ5VBCNRQFKFFM/en,https://static.shared.propertyfinder.eg/media/images/listing/N43EK56N7Q1CSQ5VBCNRQFKFFM/3382000c-4d37-433c-bd23-b604ddd9b337/1312x894.jpg?v=74344a5473b5d99ee68770bb494910fb,See the details of this Apartment for Sale in Aljar.,3400000
79987784,4BR Townhouse for Sale in Sheikh Zayed City,https://www.propertyfinder.eg/to/GDDTARK03J27HZ70CWHKX30HP4/en,https://static.shared.propertyfinder.eg/media/images/listing/GDDTARK03J27HZ70CWHKX30HP4/a1c4c8d4-42cd-4e9b-8b14-2f0bd71bafff/1312x894.jpg?v=300a5e171fa0e2ff21af2222e4de57b2,See the details of this Townhouse for Sale in Allegria.,26000000
79987775,4BR Townhouse for Sale in Sheikh Zayed City,https://www.propertyfinder.eg/to/Y5W0PA4DACNQQ15NRCT2263HJ0/en,https://static.shared.propertyfinder.eg/media/images/listing/Y5W0PA4DACNQQ15NRCT2263HJ0/e63e5b88-852e-44bf-ace9-f6bdac874982/1312x894.jpg?v=300a5e171fa0e2ff21af2222e4de57b2,See the details of this Townhouse for Sale in Allegria.,26000000
79987271,7BR Villa for Sale in Alexandria Compounds,https://www.propertyfinder.eg/to/MQPD05Z53BXJGB568N9PCHC91R/en,https://static.shared.propertyfinder.eg/media/images/listing/MQPD05Z53BXJGB568N9PCHC91R/ba6e29b4-1f3d-45e7-b5aa-6fa3af7ad7bc/1312x894.jpg?v=228a077e6a138d19b51d8f0318e87b4e,See the details of this Villa for Sale in Palm Hills.,41887529
79987133,Office for Sale in New Cairo City,https://www.propertyfinder.eg/to/2KSWQEHCEH72GZMCR5XTHA3060/en,https://static.shared.propertyfinder.eg/media/images/listing/2KSWQEHCEH72GZMCR5XTHA3060/4c363412-8bf9-4c2b-9861-1dfe0fead52b/1312x894.jpg?v=3063643928933d9e528212d47c0ee533,See the details of this Office for Sale in Garden Residence.,8500000
79987105,5BR Townhouse for Sale in New Cairo City,https://www.propertyfinder.eg/to/XQHQ8WKH9VSJ8DT2308QVPY9T8/en,https://static.shared.propertyfinder.eg/media/images/listing/XQHQ8WKH9VSJ8DT2308QVPY9T8/3e1c1cbc-e81e-4a8c-b456-71773a72dc7f/1312x894.jpg?v=ec5c09459aed208981aef077069c2954,See the details of this Townhouse for Sale in Palm Hills New Cairo.,24000000
79986980,5BR Twin House for Sale in New Cairo City,https://www.propertyfinder.eg/to/RQWNTCC1B8ZW5XG51FMR119THM/en,https://static.shared.propertyfinder.eg/media/images/listing/RQWNTCC1B8ZW5XG51FMR119THM/7bed6bc0-5db3-47c2-a362-0d32ef413199/1312x894.jpg?v=b12b3edc06901b61f4fa40bec452201b,See the details of this Twin House for Sale in The Square.,27500000
79986961,3BR Apartment for Sale in 6 October City,https://www.propertyfinder.eg/to/4NQXA208PDENYZKWGB3APSBX1R/en,https://static.shared.propertyfinder.eg/media/images/listing/4NQXA208PDENYZKWGB3APSBX1R/d7059d85-2a47-4b4f-b878-df0c7b2729da/1312x894.jpg?v=d5e6ce5ea641b3183f90582ceb012c33,See the details of this Apartment for Sale in Sun Capital.,7000000
79986226,3BR Apartment for Sale in New Cairo City,https://www.propertyfinder.eg/to/CE7YENVMA94F77TQ3WBXYWBYSG/en,https://static.shared.propertyfinder.eg/media/images/listing/CE7YENVMA94F77TQ3WBXYWBYSG/6c548ac5-a307-4684-993e-6d76d4f2b9f9/1312x894.jpg?v=02a32e1fa0638588673df1b583a0621c,See the details of this Apartment for Sale in Mountain View iCity.,8200000
79986151,3BR Apartment for Sale in New Capital City,https://www.propertyfinder.eg/to/CJ696A7HGM6QD76JSY35YTYP8C/en,https://static.shared.propertyfinder.eg/media/images/listing/CJ696A7HGM6QD76JSY35YTYP8C/01386297-8794-4ace-b644-9035145b01de/1312x894.jpg?v=e757517deea48307372fed25f030695a,See the details of this Apartment for Sale in IL Bosco.,8000000
79986082,3BR Apartment for Sale in New Cairo City,https://www.propertyfinder.eg/to/2GY7JQ1X0ZFDPJTPTKCPX69964/en,https://static.shared.propertyfinder.eg/media/images/listing/2GY7JQ1X0ZFDPJTPTKCPX69964/629c3d91-3025-4084-8e09-9c0d8f099843/1312x894.jpg?v=78c31b48c15299c223a49b873ac08c31,See the details of this Apartment for Sale in Mountain View iCity.,7500000
79985894,5BR Twin House for Sale in New Cairo City,https://www.propertyfinder.eg/to/E0WY3A39N8W1B07X6T66PTMYR0/en,https://static.shared.propertyfinder.eg/media/images/listing/E0WY3A39N8W1B07X6T66PTMYR0/3ff7c565-1c9e-466b-8b72-ea060ef336ce/1312x894.jpg?v=b12b3edc06901b61f4fa40bec452201b,See the details of this Twin House for Sale in The Square.,22500000
79985736,3BR Townhouse for Sale in New Cairo City,https://www.propertyfinder.eg/to/H8QE20HNBD0GJT0K58CNAEDHEM/en,https://static.shared.propertyfinder.eg/media/images/listing/H8QE20HNBD0GJT0K58CNAEDHEM/167de39a-e6a6-4b5e-bf6b-17805042a000/1312x894.jpg?v=7fe0ef25eacb6654b2b1379442af809f,See the details of this Townhouse for Sale in Eastshire compound.,20500000
79985701,3BR Townhouse for Sale in Mostakbal City - Future City,https://www.propertyfinder.eg/to/CT6CTRDWYEXF1J2JG1BVM40NC4/en,https://static.shared.propertyfinder.eg/media/images/listing/CT6CTRDWYEXF1J2JG1BVM40NC4/82d39ae0-3dab-4702-9988-22cfd13d75f7/1312x894.jpg?v=b0067b9b7c7211687e0106e19f42c1fc,See the details of this Townhouse for Sale in Scenes.,10900092
79985658,4BR Villa for Sale in New Cairo City,https://www.propertyfinder.eg/to/8VED7AY78202575ACHCG6WN53M/en,https://static.shared.propertyfinder.eg/media/images/listing/8VED7AY78202575ACHCG6WN53M/81a28823-9d57-4acc-be03-adc8314d981a/1312x894.jpg?v=94c562b988412c2a95094ad435541d12,See the details of this Villa for Sale in The Crest.,23330000
79985601,3BR Townhouse for Sale in New Cairo City,https://www.propertyfinder.eg/to/EZSS4RC0HRHNYVD381SNJPAYC4/en,https://static.shared.propertyfinder.eg/media/images/listing/EZSS4RC0HRHNYVD381SNJPAYC4/0c77e4a8-220d-443f-8759-564048c0993e/1312x894.jpg?v=94c562b988412c2a95094ad435541d12,See the details of this Townhouse for Sale in The Crest.,17500000
79985459,3BR Apartment for Sale in New Cairo City,https://www.propertyfinder.eg/to/SXTZSHWPFAYQR4KZVGKBRYVGJ0/en,https://static.shared.propertyfinder.eg/media/images/listing/SXTZSHWPFAYQR4KZVGKBRYVGJ0/9db99cd6-65cb-4ec7-bf02-1b8e8e35a95a/1312x894.jpg?v=4a3c157416e8c2d5f81af20b1805e212,See the details of this Apartment for Sale in El Patio Oro.,15900000
79985324,3BR Apartment for Sale in Mostakbal City - Future City,https://www.propertyfinder.eg/to/AZ31APS5PHWJENXV28BSMJ7TZG/en,https://static.shared.propertyfinder.eg/media/images/listing/AZ31APS5PHWJENXV28BSMJ7TZG/2a8a9123-526d-4c42-9394-5c7c9c2377c6/1312x894.jpg?v=354cb443f6238a5bac7c05ed73909248,See the details of this Apartment for Sale in Bloomfields.,9700000
79985310,2BR Apartment for Sale in Al Alamein,https://www.propertyfinder.eg/to/JM9TY7VGXVZGNB9V86H3F631DM/en,https://static.shared.propertyfinder.eg/media/images/listing/JM9TY7VGXVZGNB9V86H3F631DM/0f170e4c-05d8-4bca-ad06-59c598b121c2/1312x894.jpg?v=1bde680b5308da670e349e9882506be9,See the details of this Apartment for Sale in Mazarine.,8800000
79985281,3BR Apartment for Sale in New Cairo City,https://www.propertyfinder.eg/to/R9EZW2PZNQYERJ1HTG5671EZTC/en,https://static.shared.propertyfinder.eg/media/images/listing/R9EZW2PZNQYERJ1HTG5671EZTC/55cd0e0c-a414-4d46-84fa-741c2971f3c7/1312x894.jpg?v=3f71c67c579095fdcd6325f4e3a051ad,See the details of this Apartment for Sale in Moon Residences.,12000000
79985243,3BR Apartment for Sale in Mostakbal City - Future City,https://www.propertyfinder.eg/to/EESTSZJNDARR0GJVXN1HATQTHW/en,https://static.shared.propertyfinder.eg/media/images/listing/EESTSZJNDARR0GJVXN1HATQTHW/4f0a9753-cd52-4a7b-9079-1d9cfc101d4c/1312x894.jpg?v=8d65a5a7165f65ea131fb0013be5d20f,See the details of this Apartment for Sale in Neopolis   Wadi Degla.,3900000
79984725,3BR Apartment for Sale in New Cairo City,https://www.propertyfinder.eg/to/6SS8VCFF4FJ27HG0NC03RDYESM/en,https://static.shared.propertyfinder.eg/media/images/listing/6SS8VCFF4FJ27HG0NC03RDYESM/80670592-447a-4074-81b7-ed037126b7ad/1312x894.jpg?v=db8b764dcd1ce3fa2a15ad700a93bb15,See the details of this Apartment for Sale in JAYD Residence.,13600000
79984535,3BR Chalet for Sale in Qesm Marsa Matrouh,https://www.propertyfinder.eg/to/1C8G0RE3M1KENXXSWS1NSMP354/en,https://static.shared.propertyfinder.eg/media/images/listing/1C8G0RE3M1KENXXSWS1NSMP354/872d6ab3-409f-44bf-b211-3bb311974f9c/1312x894.jpg?v=00aa45440bbcd6e2f543ef1dcdfacd1a,See the details of this Chalet for Sale in Fouka Bay.,11000000
79982874,3BR Chalet for Sale in Ras Al Hekma,https://www.propertyfinder.eg/to/536Q732S1K1P9PAD42REG6MYXC/en,https://static.shared.propertyfinder.eg/media/images/listing/536Q732S1K1P9PAD42REG6MYXC/987334fc-351e-4d49-9ec9-cb7e774e3a4b/1312x894.jpg?v=5d9f64dfa058c10eb7fb65cb7ab24eb7,See the details of this Chalet for Sale in La vista Ras El Hikma.,18800000
79982743,3BR Townhouse for Sale in Sheikh Zayed City,https://www.propertyfinder.eg/to/BYQGW65NMM8NP98DCK9B4KC2E8/en,https://static.shared.propertyfinder.eg/media/images/listing/BYQGW65NMM8NP98DCK9B4KC2E8/054f4940-6725-4d68-8f3b-8cdbb8517b6e/1312x894.jpg,See the details of this Townhouse for Sale in The Estates.,24468554
79982739,3BR Duplex for Sale in Sheikh Zayed City,https://www.propertyfinder.eg/to/9GNR3013R91F6ZX94AMP9FFP8C/en,https://static.shared.propertyfinder.eg/media/images/listing/9GNR3013R91F6ZX94AMP9FFP8C/cd2d3fe3-219b-4fc4-ae65-306692a15e24/1312x894.jpg,See the details of this Duplex for Sale in Karmell.,15326000
79982735,2BR Apartment for Sale in Sheikh Zayed City,https://www.propertyfinder.eg/to/SSQ37FVT0YDNABXM05KN5HA76W/en,https://static.shared.propertyfinder.eg/media/images/listing/SSQ37FVT0YDNABXM05KN5HA76W/c5fdd20c-9763-4cbc-81bd-de33e30db81c/1312x894.jpg,See the details of this Apartment for Sale in Vye Sodic.,5000000
79982582,3BR Apartment for Sale in New Cairo City,https://www.propertyfinder.eg/to/MW600ZYC2RYMTJPVP2TAPXDGQ0/en,https://static.shared.propertyfinder.eg/media/images/listing/MW600ZYC2RYMTJPVP2TAPXDGQ0/2f07b5d6-f710-4354-b7c1-5c93ccfcaa41/1312x894.jpg?v=00ecc32115ac4310e068e02b1f751251,See the details of this Apartment for Sale in Eastown.,18000000
79982576,2BR Apartment for Sale in New Cairo City,https://www.propertyfinder.eg/to/78AGHCNQ151M3NMW8K5MC3SAT0/en,https://static.shared.propertyfinder.eg/media/images/listing/78AGHCNQ151M3NMW8K5MC3SAT0/644de384-57f7-4304-ab5f-656353b367f4/1312x894.jpg?v=00ecc32115ac4310e068e02b1f751251,See the details of this Apartment for Sale in Eastown.,12750000
79982573,3BR Apartment for Sale in New Cairo City,https://www.propertyfinder.eg/to/5RYCAH5SGRTKKBT0KRQFXR156W/en,https://static.shared.propertyfinder.eg/media/images/listing/5RYCAH5SGRTKKBT0KRQFXR156W/c828e4a3-f9af-45c7-8c28-a9f9f6167e2e/1312x894.jpg?v=ed6b9c0379f27fecc6178f474066b363,See the details of this Apartment for Sale in Eastown.,23000000
79981459,2BR Apartment for Sale in New Cairo City,https://www.propertyfinder.eg/to/42F2K6AQTC9A1FM3BDQFW96P4C/en,https://static.shared.propertyfinder.eg/media/images/listing/42F2K6AQTC9A1FM3BDQFW96P4C/e9d36b76-224f-4e2d-9bad-1774760d504b/1312x894.jpg?v=fa3c1d6d70a79f53d845f18935887927,See the details of this Apartment for Sale in Lake View Residence 2.,10720043
79980615,3BR Apartment for Sale in Mokattam,https://www.propertyfinder.eg/to/RHVAY9G6H4FTFF6FWEDZHR5AYR/en,https://static.shared.propertyfinder.eg/media/images/listing/RHVAY9G6H4FTFF6FWEDZHR5AYR/4cd3405f-cc62-427d-bc48-250be62afda1/1312x894.jpg?v=51a237a98059bb28ff88b9624c216011,See the details of this Apartment for Sale in The Sierras.,19500000
79980140,2BR Apartment for Sale in New Cairo City,https://www.propertyfinder.eg/to/P3X92K423KTS9C04C1CW001238/en,https://static.shared.propertyfinder.eg/media/images/listing/P3X92K423KTS9C04C1CW001238/17afcced-7e5e-4072-af01-508e6ef128c0/1312x894.jpg,See the details of this Apartment for Sale in Lake View Residence 2.,6500000
7981884,Retail Space for Sale in Sheikh Zayed City,https://www.propertyfinder.eg/to/01K60B339Z1E18GVAXQ1G9VVME/en,https://static.shared.propertyfinder.eg/media/images/listing/01K60B339Z1E18GVAXQ1G9VVME/7ae32e78-9a6b-42f2-be36-bc6954b50458/1312x894.jpg,See the details of this Retail Space for Sale in Arkan Palm 205.,7500000
79731733,3BR Townhouse for Sale in Sheikh Zayed City,https://www.propertyfinder.eg/to/S6R27SKHS641RJHD541DGK8TFW/en,https://static.shared.propertyfinder.eg/media/images/listing/S6R27SKHS641RJHD541DGK8TFW/2d9a1da9-719a-4758-8f9b-e14cddac14e6/1312x894.jpg,See the details of this Townhouse for Sale in The Estates.,17800000
79731336,4BR Apartment for Sale in New Cairo City,https://www.propertyfinder.eg/to/AW98E158M1DSHYNZ53C9SK1RNG/en,https://static.shared.propertyfinder.eg/media/images/listing/AW98E158M1DSHYNZ53C9SK1RNG/61d5013a-e332-4db6-8d2a-2a5b07d4b167/1312x894.jpg?v=a35c5b0d95012cbd2bc9a9bfa74f96c3,See the details of this Apartment for Sale in Palm Hills New Cairo.,17020000
79728465,3BR Apartment for Sale in New Cairo City,https://www.propertyfinder.eg/to/M9D973TC3VXW4XBEHE8PJ7H57C/en,https://static.shared.propertyfinder.eg/media/images/listing/M9D973TC3VXW4XBEHE8PJ7H57C/47dc3803-ea60-44f4-9d1b-3bd41e6b85f6/1312x894.jpg?v=badf2ef2c44855ae14239e6aa3e2983b,See the details of this Apartment for Sale in Garden Residence.,10800000
79728358,2BR Chalet for Sale in Ras Al Hekma,https://www.propertyfinder.eg/to/DCPCNREVHXD29G2BHWVXXV4MQC/en,https://static.shared.propertyfinder.eg/media/images/listing/DCPCNREVHXD29G2BHWVXXV4MQC/8f4f5ce7-701b-48ac-8b05-a81a63016b04/1312x894.jpg?v=eb1f930c62e7c97f685e508a3cd46cc6,See the details of this Chalet for Sale in Azha North.,15000000
79728112,4BR Villa for Sale in New Cairo City,https://www.propertyfinder.eg/to/CEKFDSS3Q0M348NX9JDK64SDZG/en,https://static.shared.propertyfinder.eg/media/images/listing/CEKFDSS3Q0M348NX9JDK64SDZG/ecdc4858-ecb9-4442-a06c-fc80b15a8b92/1312x894.jpg?v=363d8fe5d2f5d2852f112d1087d06133,See the details of this Villa for Sale in Stone Residence.,18000000
79727821,2BR Apartment for Sale in New Cairo City,https://www.propertyfinder.eg/to/QS5FA8FDVQQHE83APS6C4RJ908/en,https://static.shared.propertyfinder.eg/media/images/listing/QS5FA8FDVQQHE83APS6C4RJ908/cbd641dc-4f73-4eba-b770-1b8025400418/1312x894.jpg?v=7723dfe737e15994bc64ce6ae07b699e,See the details of this Apartment for Sale in Garden Residence.,8500000
79727753,2BR Apartment for Sale in New Cairo City,https://www.propertyfinder.eg/to/1941G616ZSRJK38PC4BECK6HVW/en,https://static.shared.propertyfinder.eg/media/images/listing/1941G616ZSRJK38PC4BECK6HVW/ad351c0a-5a6e-46b2-bfea-2edf07aa7070/1312x894.jpg?v=6cfd46497b57469d091f8040aebefeb4,See the details of this Apartment for Sale in Shalya Taj City.,6022000
79727700,1BR Apartment for Sale in Ras Al Hekma,https://www.propertyfinder.eg/to/H6Z1YBEBXR5300J77DV9MBFA9W/en,https://static.shared.propertyfinder.eg/media/images/listing/H6Z1YBEBXR5300J77DV9MBFA9W/b4a4fc1d-ceae-42aa-9547-c66f0a15ff82/1312x894.jpg?v=48df160167f25f3c1f4ab96d1eddeff7,See the details of this Apartment for Sale in June.,10000000
79727667,2BR Apartment for Sale in 6 October City,https://www.propertyfinder.eg/to/ZH836R49AH67SFQ1Z5NZMB2CFW/en,https://static.shared.propertyfinder.eg/media/images/listing/ZH836R49AH67SFQ1Z5NZMB2CFW/cf25c6a6-d524-41f2-bcc1-36483d0b385b/1312x894.jpg?v=12e686655ecb26ef6bcf3987e79ca397,See the details of this Apartment for Sale in O West.,4950000
79727519,4BR Townhouse for Sale in Sheikh Zayed City,https://www.propertyfinder.eg/to/VK007ZXYK31ENS86A5BGZ44M9M/en,https://static.shared.propertyfinder.eg/media/images/listing/VK007ZXYK31ENS86A5BGZ44M9M/2e0825ab-f133-4473-8315-d7b82ac03042/1312x894.jpg?v=3e7cd634a4cc987cc9614c5b31d4db29,See the details of this Townhouse for Sale in Belle Vie.,13400000
79727478,3BR Apartment for Sale in New Cairo City,https://www.propertyfinder.eg/to/9FRVJ4S525JGFEEJS968MK1H08/en,https://static.shared.propertyfinder.eg/media/images/listing/9FRVJ4S525JGFEEJS968MK1H08/cdcce631-99aa-4e57-bfe4-5932aebbf996/1312x894.jpg?v=78e05ab318f26f52a0df5176a0f297e1,See the details of this Apartment for Sale in The Address East.,5600000
79727116,3BR Townhouse for Sale in New Cairo City,https://www.propertyfinder.eg/to/0S0GH6PAC592KFW2H891BGSW30/en,https://static.shared.propertyfinder.eg/media/images/listing/0S0GH6PAC592KFW2H891BGSW30/fee4dd09-617d-4408-80fc-e6858b9781f9/1312x894.jpg,See the details of this Townhouse for Sale in City Gate.,31492000
79727068,3BR Chalet for Sale in Hurghada,https://www.propertyfinder.eg/to/TQQGH8198AS2WG4100QENZBQH4/en,https://static.shared.propertyfinder.eg/media/images/listing/TQQGH8198AS2WG4100QENZBQH4/9005d38b-8752-4d0c-babe-97703ae20962/1312x894.jpg?v=8da100a7f24141a5db186e1c78034414,See the details of this Chalet for Sale in Mesca.,17000000
79727048,3BR Chalet for Sale in Ras Al Hekma,https://www.propertyfinder.eg/to/TAMVAA48DKS3KM1ZEKSREWZP8W/en,https://static.shared.propertyfinder.eg/media/images/listing/TAMVAA48DKS3KM1ZEKSREWZP8W/78d7b9d4-c2d6-41ee-bde8-783e9c14daea/1312x894.jpg?v=e831854f9d96d506f4734ed6b04311fe,See the details of this Chalet for Sale in Azha North.,17800000
79726795,4BR Penthouse for Sale in Qesm Marsa Matrouh,https://www.propertyfinder.eg/to/E61QZDYH44QDNXT93KFF1A1YSG/en,https://static.shared.propertyfinder.eg/media/images/listing/E61QZDYH44QDNXT93KFF1A1YSG/57940351-3aa1-423d-a224-e81daf2a37e8/1312x894.jpg,See the details of this Penthouse for Sale in Silver Sands.,21119000
79726766,3BR Villa for Sale in Sheikh Zayed City,https://www.propertyfinder.eg/to/ZX14DAR3VR9HD2KBGHF87HHVBR/en,https://static.shared.propertyfinder.eg/media/images/listing/ZX14DAR3VR9HD2KBGHF87HHVBR/d3d0df09-d85f-4adb-8337-295bc2989645/1312x894.jpg,See the details of this Villa for Sale in Belle Vie.,18000000
79726564,3BR Apartment for Sale in New Cairo City,https://www.propertyfinder.eg/to/644FE3SWFBPHNS6SKFHZYWE724/en,https://static.shared.propertyfinder.eg/media/images/listing/644FE3SWFBPHNS6SKFHZYWE724/45480d9a-2e55-421e-b03f-74998f1c4d82/1312x894.jpg,See the details of this Apartment for Sale in The Water Way.,28000000
79726427,3BR Apartment for Sale in Sheikh Zayed City,https://www.propertyfinder.eg/to/JFXHMR12055J0CWNJGYQV37Z3M/en,https://static.shared.propertyfinder.eg/media/images/listing/JFXHMR12055J0CWNJGYQV37Z3M/f40dce67-64be-43fa-b206-ebd3883691cd/1312x894.jpg,See the details of this Apartment for Sale in Grand Residences.,19805060
79726003,4BR Twin House for Sale in New Heliopolis,https://www.propertyfinder.eg/to/K4J9X0QCNFQN8VWFH5N1BX1140/en,https://static.shared.propertyfinder.eg/media/images/listing/K4J9X0QCNFQN8VWFH5N1BX1140/0cd7cc02-d3e8-45ac-81df-7847d55219ae/1312x894.jpg?v=eb9968524be8f4d54a32dbf89be5edb3,See the details of this Twin House for Sale in Sodic East.,15500000
79725881,4BR Villa for Sale in New Cairo City,https://www.propertyfinder.eg/to/Z9QPVDNDJX5612DV9NHMXXX628/en,https://static.shared.propertyfinder.eg/media/images/listing/Z9QPVDNDJX5612DV9NHMXXX628/2791d0e4-980e-4188-a807-0cdcbc1424cf/1312x894.jpg?v=9f38ccd678ab9f2d58f2b4ba9c0fb7bb,See the details of this Villa for Sale in Palm Hills New Cairo.,23000000
79725781,3BR Duplex for Sale in New Cairo City,https://www.propertyfinder.eg/to/P6BTBWTQ39TN34AHHHD861RQPW/en,https://static.shared.propertyfinder.eg/media/images/listing/P6BTBWTQ39TN34AHHHD861RQPW/49e8094a-410c-423d-8e12-49588861a07f/1312x894.jpg,See the details of this Duplex for Sale in Garden Residence.,11000000
79725643,1BR Apartment for Sale in Sheikh Zayed City,https://www.propertyfinder.eg/to/G068E4WFSNM5ZGJMYFBA9TX87M/en,https://static.shared.propertyfinder.eg/media/images/listing/G068E4WFSNM5ZGJMYFBA9TX87M/3a09b358-4ae1-4a51-8151-b60241ebad54/1312x894.jpg,See the details of this Apartment for Sale in Belle Vie.,8178180
79725390,4BR Duplex for Sale in Mostakbal City - Future City,https://www.propertyfinder.eg/to/6QQ1TY1WH5ZC2FFZKJ78VRW954/en,https://static.shared.propertyfinder.eg/media/images/listing/6QQ1TY1WH5ZC2FFZKJ78VRW954/230156b1-9705-4a7e-b70c-2c53bdb63beb/1312x894.jpg?v=43ca237cf9a46fcb3dc4d6ef6eeac101,See the details of this Duplex for Sale in Esse Residence.,14068000
79724334,3BR Apartment for Sale in New Cairo City,https://www.propertyfinder.eg/to/3QED4ZQKZ8W8EXR69DSH5V62FW/en,https://static.shared.propertyfinder.eg/media/images/listing/3QED4ZQKZ8W8EXR69DSH5V62FW/a557c9c8-22d9-47bd-8513-7e6bd338dcbc/1312x894.jpg?v=be8a0d0a5e2183fd394c9da640dc400c,See the details of this Apartment for Sale in El Patio Oro.,9455000
79724132,3BR Chalet for Sale in Qesm Marsa Matrouh,https://www.propertyfinder.eg/to/E1E3FS34P47AKNM9NC8RKZ3MDM/en,https://static.shared.propertyfinder.eg/media/images/listing/E1E3FS34P47AKNM9NC8RKZ3MDM/5f6c4813-7add-4789-bda0-5a9948638334/1312x894.jpg?v=02583af94c0c3b8af661f9955c8b89da,See the details of this Chalet for Sale in Silver Sands.,18800000
79723869,2BR Chalet for Sale in Ras Al Hekma,https://www.propertyfinder.eg/to/XGFDM0M5KV4E4J2KVMT5XHS4M8/en,https://static.shared.propertyfinder.eg/media/images/listing/XGFDM0M5KV4E4J2KVMT5XHS4M8/90bf70dc-3b13-4de0-b8fd-cedea5ce5ae2/1312x894.jpg?v=4a863e8007c029c205ed1002d00d5603,See the details of this Chalet for Sale in Solare.,3607000
79723839,2BR Chalet for Sale in Qesm Marsa Matrouh,https://www.propertyfinder.eg/to/CQZY0N6YSEVF9TENRXVPBT38WC/en,https://static.shared.propertyfinder.eg/media/images/listing/CQZY0N6YSEVF9TENRXVPBT38WC/343d0404-e874-49f7-afa6-8415b7a959c9/1312x894.jpg?v=be7ad68886136a12015c852ff12df10e,See the details of this Chalet for Sale in Hacienda Heneish.,11000000
79723824,2BR Chalet for Sale in Sidi Heneish,https://www.propertyfinder.eg/to/6K3DR9YCE8FA4FSAC404ZNXCRM/en,https://static.shared.propertyfinder.eg/media/images/listing/6K3DR9YCE8FA4FSAC404ZNXCRM/d629e75e-0c8c-4225-83ca-6f1736055792/1312x894.jpg?v=accb7221bf8db66becf51875b3063458,See the details of this Chalet for Sale in Beit Al Bahr.,12000000
79723816,5BR Villa for Sale in Sidi Abdel Rahman,https://www.propertyfinder.eg/to/YXY7XGF0XR4J3JHRCS7DSV461C/en,https://static.shared.propertyfinder.eg/media/images/listing/YXY7XGF0XR4J3JHRCS7DSV461C/eea36478-59c1-45b2-a31e-1354b1bcfa61/1312x894.jpg?v=be7ad68886136a12015c852ff12df10e,See the details of this Villa for Sale in Hacienda Bay.,40000000
79723803,2BR Chalet for Sale in Sidi Abdel Rahman,https://www.propertyfinder.eg/to/1QPT5RBX5BHT77F636WHMQ3AB8/en,https://static.shared.propertyfinder.eg/media/images/listing/1QPT5RBX5BHT77F636WHMQ3AB8/dba71d36-bb4c-4b48-8a28-2eda83eaeeb4/1312x894.jpg?v=accb7221bf8db66becf51875b3063458,See the details of this Chalet for Sale in Hacienda White.,11000000
79723722,3BR Chalet for Sale in Sidi Abdel Rahman,https://www.propertyfinder.eg/to/KF3W51D8D1GGF6T80WTSRWJWPM/en,https://static.shared.propertyfinder.eg/media/images/listing/KF3W51D8D1GGF6T80WTSRWJWPM/ab9fc867-707f-4a93-b1a3-6fc61e058bad/1312x894.jpg?v=be7ad68886136a12015c852ff12df10e,See the details of this Chalet for Sale in Hacienda Bay.,12000000
79723688,2BR Chalet for Sale in Ras Al Hekma,https://www.propertyfinder.eg/to/7KF6SNS64GJXMQ46FY05NR8JXC/en,https://static.shared.propertyfinder.eg/media/images/listing/7KF6SNS64GJXMQ46FY05NR8JXC/0db94adc-603d-4e55-9418-f5ab105ad210/1312x894.jpg?v=accb7221bf8db66becf51875b3063458,See the details of this Chalet for Sale in Al Masyaf.,11000000
79723678,3BR Chalet for Sale in Ras Al Hekma,https://www.propertyfinder.eg/to/JNJ0C0R4SYZ6J1T6R0RF583R30/en,https://static.shared.propertyfinder.eg/media/images/listing/JNJ0C0R4SYZ6J1T6R0RF583R30/28e609c2-113f-41f6-af05-6eb197168d04/1312x894.jpg?v=be7ad68886136a12015c852ff12df10e,See the details of this Chalet for Sale in Modon Abu Dhabi.,15000000
79723662,3BR Chalet for Sale in Ras Al Hekma,https://www.propertyfinder.eg/to/DN6FCP7G97G349Y03AWARVMC00/en,https://static.shared.propertyfinder.eg/media/images/listing/DN6FCP7G97G349Y03AWARVMC00/205c2b1f-c949-4428-9884-ef5855c39c05/1312x894.jpg?v=accb7221bf8db66becf51875b3063458,See the details of this Chalet for Sale in The Med.,11500000
79723650,3BR Apartment for Sale in New Heliopolis,https://www.propertyfinder.eg/to/DVAKSDWTV1FM42E7HCASS17XBC/en,https://static.shared.propertyfinder.eg/media/images/listing/DVAKSDWTV1FM42E7HCASS17XBC/3bd91f9a-430e-4a7a-97dd-e0cb2da44502/1312x894.jpg?v=9a8ff6b47fd0e7ca6ee536751a2fc231,See the details of this Apartment for Sale in Sodic East.,9700000
79723176,3BR Chalet for Sale in Ras Al Hekma,https://www.propertyfinder.eg/to/7D7JB2EXSX8GT3PBC214T37ZB0/en,https://static.shared.propertyfinder.eg/media/images/listing/7D7JB2EXSX8GT3PBC214T37ZB0/3442719f-b285-4291-b55a-7aade8e75fad/1312x894.jpg?v=ae74026dc86d72c6925dd601f3d6fd56,See the details of this Chalet for Sale in Playa SeaShell.,18900000
79723097,5BR Villa for Sale in New Cairo City,https://www.propertyfinder.eg/to/W3N0PNMVDGHB8ZYJAZDGMF3HV4/en,https://static.shared.propertyfinder.eg/media/images/listing/W3N0PNMVDGHB8ZYJAZDGMF3HV4/acd39619-2660-42b0-bf27-024f37f359cf/1312x894.jpg?v=30abe55efbf93c3c140a85dec3759469,See the details of this Villa for Sale in Palm Hills New Cairo.,14850000
79722560,3BR Duplex for Sale in Sidi Abdel Rahman,https://www.propertyfinder.eg/to/9BMDQ1VT781CXN8150HB5231VG/en,https://static.shared.propertyfinder.eg/media/images/listing/9BMDQ1VT781CXN8150HB5231VG/67451c46-0f95-48fc-9ca2-b1a058e85780/1312x894.jpg?v=ba8d676e8c75490e0799b0647900b4f9,See the details of this Duplex for Sale in Seashell.,18900000
79722427,2BR Apartment for Sale in Sheikh Zayed City,https://www.propertyfinder.eg/to/0JYS43S0DVNG015YQT2CEFJ7Z0/en,https://static.shared.propertyfinder.eg/media/images/listing/0JYS43S0DVNG015YQT2CEFJ7Z0/81fdbb09-38b3-44e3-8a6e-52258466404d/1312x894.jpg?v=dbb59ffdd8397a804384742a0c075c46,See the details of this Apartment for Sale in Vye Sodic.,6300000
79722366,Office for Sale in New Cairo City,https://www.propertyfinder.eg/to/2Q2CYE0ZHKJE48WTVFERCZCC7M/en,https://static.shared.propertyfinder.eg/media/images/listing/2Q2CYE0ZHKJE48WTVFERCZCC7M/df4c56ad-bbf6-42b4-a7c2-3f755be5b640/1312x894.jpg?v=d536dfaf4687e2ca9f957c8b96af0631,See the details of this Office for Sale in Agora Commercial Complex.,14000000
79722241,3BR Apartment for Sale in El Nozha,https://www.propertyfinder.eg/to/P9JAE1VH1MNKSYKSXTHPCB00T8/en,https://static.shared.propertyfinder.eg/media/images/listing/P9JAE1VH1MNKSYKSXTHPCB00T8/c143aa43-8a38-4b9a-a351-a91a408ba042/1312x894.jpg?v=1fb5824468e06b3cf034949c6012c177,See the details of this Apartment for Sale in Isola Sheraton.,13000000
79721639,3BR Apartment for Sale in 6 October City,https://www.propertyfinder.eg/to/M7T2RDMPH6J0FG0VDE18S5CSX8/en,https://static.shared.propertyfinder.eg/media/images/listing/M7T2RDMPH6J0FG0VDE18S5CSX8/92c96efc-393e-47b2-bc99-f95f80bf9397/1312x894.jpg?v=6013f34636667fb6b91926d7692ea22c,See the details of this Apartment for Sale in Badya Palm Hills.,8400000
79721616,2BR Chalet for Sale in Ras Al Hekma,https://www.propertyfinder.eg/to/6FKJ9FZEVS2T16Z49WC7AEJDMC/en,https://static.shared.propertyfinder.eg/media/images/listing/6FKJ9FZEVS2T16Z49WC7AEJDMC/958270c8-7465-49d6-bcd5-bc1fc9628778/1312x894.jpg?v=777b60d1eba122c645a8b7029dc96618,See the details of this Chalet for Sale in Cali Coast.,3500000
79719662,2BR Chalet for Sale in Al Ain Al Sokhna,https://www.propertyfinder.eg/to/DZTAGP45JR1N4X4NFC2WKQA580/en,https://static.shared.propertyfinder.eg/media/images/listing/DZTAGP45JR1N4X4NFC2WKQA580/b7937504-d516-49a4-8299-d330b48b404d/1312x894.jpg?v=c2771ac23fbf722e836e26c169d9f30b,See the details of this Chalet for Sale in Azha.,12300000
79719424,4BR Villa for Sale in 6 October City,https://www.propertyfinder.eg/to/GB04GSFFBHRA8KRXMHKZGJ6JZ8/en,https://static.shared.propertyfinder.eg/media/images/listing/GB04GSFFBHRA8KRXMHKZGJ6JZ8/714a1fb1-de6a-4d47-91f0-20b7b1719815/1312x894.jpg?v=2de5f2fecf3b9c56fb774109fa254ef4,See the details of this Villa for Sale in Swan Lake West.,6626000
79719226,4BR Villa for Sale in Mostakbal City - Future City,https://www.propertyfinder.eg/to/9H316HHSKS5WG3ED7WJ9E2E54W/en,https://static.shared.propertyfinder.eg/media/images/listing/9H316HHSKS5WG3ED7WJ9E2E54W/dace8499-f4c2-4181-8931-251d0a468409/1312x894.jpg?v=a15d38f0edc6b51713ed4b237d2704ad,See the details of this Villa for Sale in Elm Tree Park.,9100000
79719184,3BR Chalet for Sale in Ras Al Hekma,https://www.propertyfinder.eg/to/SKZF78ZDF8WBD8MCDWEVFH63W0/en,https://static.shared.propertyfinder.eg/media/images/listing/SKZF78ZDF8WBD8MCDWEVFH63W0/5aac5c24-4637-4632-8c6a-bcdb5d56b903/1312x894.jpg?v=88a79f4ed71f5ea212006eaa75e87d6c,See the details of this Chalet for Sale in Azha North.,16665000
79718921,3BR Chalet for Sale in Sidi Abdel Rahman,https://www.propertyfinder.eg/to/V4A063D4982XQAPBKY0BYWQ8SM/en,https://static.shared.propertyfinder.eg/media/images/listing/V4A063D4982XQAPBKY0BYWQ8SM/1c0afab1-2cc2-451b-bd04-04ae948d7909/1312x894.jpg?v=9bffb8281556b9021bdf7d206bba80b6,See the details of this Chalet for Sale in Amwaj.,8032500
79718827,2BR Chalet for Sale in Qesm Marsa Matrouh,https://www.propertyfinder.eg/to/WQJ8BTF39ZE9864EPXAYXYT9ZM/en,https://static.shared.propertyfinder.eg/media/images/listing/WQJ8BTF39ZE9864EPXAYXYT9ZM/68aec664-f6b8-4412-a642-909aa2041cbb/1312x894.jpg?v=26d151e6c1184fb8bc4f2f71ac6be0e3,See the details of this Chalet for Sale in Silver Sands.,11000000
79718613,3BR Apartment for Sale in New Cairo City,https://www.propertyfinder.eg/to/9ZJ3SGP9NAT7CN524VPZS5BY8G/en,https://static.shared.propertyfinder.eg/media/images/listing/9ZJ3SGP9NAT7CN524VPZS5BY8G/4c16db33-7294-4531-9d8e-cb6eccf76193/1312x894.jpg?v=2fdda4312747fed346bbef6c2b32f1d9,See the details of this Apartment for Sale in El Lotus.,6624000
79718542,4BR Townhouse for Sale in Ras Al Hekma,https://www.propertyfinder.eg/to/J7WFRRBQJ7V4W85B2V69RFQ6GR/en,https://static.shared.propertyfinder.eg/media/images/listing/J7WFRRBQJ7V4W85B2V69RFQ6GR/e5d69716-7e40-420f-97c0-97c87eecadba/1312x894.jpg?v=ae034dfea1020430563925b9cbdf4489,See the details of this Townhouse for Sale in Naia bay.,30000000
79718164,4BR Apartment for Sale in 6 October City,https://www.propertyfinder.eg/to/AA2EBEQ3QC8ZWCH7R8EZBR1S70/en,https://static.shared.propertyfinder.eg/media/images/listing/AA2EBEQ3QC8ZWCH7R8EZBR1S70/c7924aea-7adc-4d1a-81ce-b11a740ff770/1312x894.jpg?v=8859695c0746946641c594d0eadc62b2,See the details of this Apartment for Sale in Joulz.,10218000
79717885,3BR Apartment for Sale in New Cairo City,https://www.propertyfinder.eg/to/WZMT7J8QDM55VX2HNKV7VEEHZG/en,https://static.shared.propertyfinder.eg/media/images/listing/WZMT7J8QDM55VX2HNKV7VEEHZG/8414f6c8-7045-49ce-9ed0-57ba5f21a12b/1312x894.jpg?v=1008fb9e1d5f585a6422646b5573647b,See the details of this Apartment for Sale in Taj City.,16900000
79717805,3BR Apartment for Sale in New Capital City,https://www.propertyfinder.eg/to/EEFWBFTH6ZG4DJGRHHRT2MFJM0/en,https://static.shared.propertyfinder.eg/media/images/listing/EEFWBFTH6ZG4DJGRHHRT2MFJM0/163187e4-b3bc-47f0-8d3c-b682f2fc829a/1312x894.jpg?v=6c5e72102e24766016f3787348a7c26c,See the details of this Apartment for Sale in Midtown Sky.,3711551
79717709,4BR Penthouse for Sale in New Cairo City,https://www.propertyfinder.eg/to/03Q2E6AFZHCD566Z1M2Y72PGM8/en,https://static.shared.propertyfinder.eg/media/images/listing/03Q2E6AFZHCD566Z1M2Y72PGM8/419296a8-fb8a-4617-992c-014da998ec43/1312x894.jpg?v=35cbf2352d9bab13b3b6af90f97a995c,See the details of this Penthouse for Sale in Stone Residence.,9500000
79717467,3BR Apartment for Sale in New Cairo City,https://www.propertyfinder.eg/to/WCAJEPA7BZ47PG7MB6Q0R31Z3G/en,https://static.shared.propertyfinder.eg/media/images/listing/WCAJEPA7BZ47PG7MB6Q0R31Z3G/d3ad0c33-db3e-4dad-9e96-0371bbbf27b6/1312x894.jpg?v=cbb835b08e02a1e1099eec186b56d715,See the details of this Apartment for Sale in Promenade New Cairo.,6000000
79717324,4BR Townhouse for Sale in Sidi Abdel Rahman,https://www.propertyfinder.eg/to/NBRZFG86VB40C58MSK73SS2NXM/en,https://static.shared.propertyfinder.eg/media/images/listing/NBRZFG86VB40C58MSK73SS2NXM/e1478488-8a46-4115-a2d8-3b51f13291de/1312x894.jpg?v=120e68825282bdc93f637ca51c79226f,See the details of this Townhouse for Sale in Zoya.,3701389
79717268,4BR iVilla for Sale in New Cairo City,https://www.propertyfinder.eg/to/TJ95TTBCGM9R8ZXDXMN7ZPTBV0/en,https://static.shared.propertyfinder.eg/media/images/listing/TJ95TTBCGM9R8ZXDXMN7ZPTBV0/0c736a36-b2c8-4e4f-95e9-6bc333994279/1312x894.jpg?v=3e9f47603eda19ca3086914d4a5314ca,See the details of this iVilla for Sale in Mountain View 1.1.,10800000
79717027,1BR Apartment for Sale in Heliopolis - Masr El Gedida,https://www.propertyfinder.eg/to/QP233HAMEQKC1E0VKR891B1DDG/en,https://static.shared.propertyfinder.eg/media/images/listing/QP233HAMEQKC1E0VKR891B1DDG/dcfa0d7e-ff32-4334-a16d-e24d5c73a5b6/1312x894.jpg?v=69114fd5f7618c829209f5e5aa32ac4b,See the details of this Apartment for Sale in Marriott Residence Heliopolis.,6600000
79716819,3BR Apartment for Sale in New Cairo City,https://www.propertyfinder.eg/to/2MSMKDXSM7BY040YR4J0XSJJBG/en,https://static.shared.propertyfinder.eg/media/images/listing/2MSMKDXSM7BY040YR4J0XSJJBG/e5a7ac5a-0c43-472b-9c9a-4cd837ec3e1e/1312x894.jpg?v=b3808d1694aa89b07b64635af29011bc,See the details of this Apartment for Sale in Eastown.,23000000
79716659,Land for Sale in New Cairo City,https://www.propertyfinder.eg/to/CKVP7G8DYDRHNFJPMQR5KEMKG4/en,https://static.shared.propertyfinder.eg/media/images/listing/CKVP7G8DYDRHNFJPMQR5KEMKG4/7dd2f133-4090-4129-833b-c4facb1e3dbc/1312x894.jpg?v=d709ef9d0b3bc3d925c4470ff731b77e,See the details of this Land for Sale in V90.,150000000
79716603,2BR Chalet for Sale in Markaz Al Hamam,https://www.propertyfinder.eg/to/0XQFBNERJQR2Z3Q2VK33MHAJE8/en,https://static.shared.propertyfinder.eg/media/images/listing/0XQFBNERJQR2Z3Q2VK33MHAJE8/57e318bb-3eb6-441f-8ed1-b6e951ee2f4e/1312x894.jpg?v=de148cbce59079a4d06a1836d92e503a,See the details of this Chalet for Sale in Bungalows North Coast.,8200000
79716543,3BR Chalet for Sale in Ras Al Hekma,https://www.propertyfinder.eg/to/VXAYSV91M9ZYM3XP6H9YC4RDKM/en,https://static.shared.propertyfinder.eg/media/images/listing/VXAYSV91M9ZYM3XP6H9YC4RDKM/a1eb424f-0f31-4f5e-a240-71dc2d610d15/1312x894.jpg?v=2328bef56615e26ad9a28ebc15a8de8f,See the details of this Chalet for Sale in Azha North.,10448000
79716470,3BR Chalet for Sale in Sidi Abdel Rahman,https://www.propertyfinder.eg/to/PVGWFFDFP38JJ0D0S82VBSD6TW/en,https://static.shared.propertyfinder.eg/media/images/listing/PVGWFFDFP38JJ0D0S82VBSD6TW/1a527732-6b83-46b2-93fc-db62a643a456/1312x894.jpg?v=ae8faa2a41afb29e260c0cf83caa4e87,See the details of this Chalet for Sale in Marassi.,25000000
79716213,4BR Apartment for Sale in 6 October City,https://www.propertyfinder.eg/to/7XWM9JA4F36GE189X1FKM1P3YC/en,https://static.shared.propertyfinder.eg/media/images/listing/7XWM9JA4F36GE189X1FKM1P3YC/089e3340-342a-4370-b4d7-836abcb7acda/1312x894.jpg?v=1167ce3379f4f8424cdeacbb3c5326a6,See the details of this Apartment for Sale in O West.,9655000
79716022,3BR Chalet for Sale in Qesm Ad Dabaah,https://www.propertyfinder.eg/to/YBGRNY2QQE50E6MRNA1YPFRPAG/en,https://static.shared.propertyfinder.eg/media/images/listing/YBGRNY2QQE50E6MRNA1YPFRPAG/47ef703b-7fdb-4342-a99b-13889c2d29e0/1312x894.jpg?v=5f3e9d1b2f763fa8fcd4ca5d5e8c703e,See the details of this Chalet for Sale in D-Bay.,8500000
79715999,3BR Townhouse for Sale in Qesm Marsa Matrouh,https://www.propertyfinder.eg/to/Z7BYK8HAR5K855MNH1E0ZDW9KW/en,https://static.shared.propertyfinder.eg/media/images/listing/Z7BYK8HAR5K855MNH1E0ZDW9KW/6e54c32c-1375-4b75-95c5-b4e5119e648e/1312x894.jpg?v=0f6d40c43f0e6a129e257bd6cc69f7a6,See the details of this Townhouse for Sale in Fouka Bay.,19500000
79715572,4BR Villa for Sale in Sidi Abdel Rahman,https://www.propertyfinder.eg/to/RB6QNC78AHV0T37Q8PV1Q7V70R/en,https://static.shared.propertyfinder.eg/media/images/listing/RB6QNC78AHV0T37Q8PV1Q7V70R/6d1074f1-01fd-4597-a555-3ac441254c36/1312x894.jpg?v=83a0afcd234a25ec397ed103e9ff825d,See the details of this Villa for Sale in Marassi.,30000000
79715521,3BR Apartment for Sale in Shorouk City,https://www.propertyfinder.eg/to/1FG92CNRS8B2BVZ14QQP72CXB4/en,https://static.shared.propertyfinder.eg/media/images/listing/1FG92CNRS8B2BVZ14QQP72CXB4/446d598c-cdf3-48ab-a8d8-e3156491cf7a/1312x894.jpg?v=10d0d8ef287fae3a2cda3351ece5b355,See the details of this Apartment for Sale in Ivy Residence.,6700000
79715420,3BR Apartment for Sale in New Cairo City,https://www.propertyfinder.eg/to/HG7B9FWSZW9CXYB9Z4K75XGPP8/en,https://static.shared.propertyfinder.eg/media/images/listing/HG7B9FWSZW9CXYB9Z4K75XGPP8/202a0466-b1a6-4c84-a52f-575aa042ab20/1312x894.jpg?v=ed6b9c0379f27fecc6178f474066b363,See the details of this Apartment for Sale in Eastown.,18500000
79715065,3BR Apartment for Sale in New Cairo City,https://www.propertyfinder.eg/to/M9FMANAF6GN4SQ2B97JEB71GH0/en,https://static.shared.propertyfinder.eg/media/images/listing/M9FMANAF6GN4SQ2B97JEB71GH0/67b369ca-9151-4de1-be98-44bf5b250b4d/1312x894.jpg?v=38c36c19eb3e27287cae46a0ed267a3f,See the details of this Apartment for Sale in Mountain View 1.1.,6800000
79714848,2BR Chalet for Sale in Sidi Abdel Rahman,https://www.propertyfinder.eg/to/3A75F7HG8AHP5XFRPCWES54GEM/en,https://static.shared.propertyfinder.eg/media/images/listing/3A75F7HG8AHP5XFRPCWES54GEM/c14888f9-3d70-42ff-954d-d18daa19676a/1312x894.jpg?v=d8aa75e71505aab2e2fff4873e031c4f,See the details of this Chalet for Sale in Hacienda Red.,5750000
79714629,3BR Apartment for Sale in New Cairo City,https://www.propertyfinder.eg/to/XRYK5N94AMDMC582V7BE3RP45C/en,https://static.shared.propertyfinder.eg/media/images/listing/XRYK5N94AMDMC582V7BE3RP45C/127dc024-8efb-41ee-a7ae-1a54d320621e/1312x894.jpg?v=0e45d421283ddd22032fa3a32c4df027,See the details of this Apartment for Sale in Palm Hills Village Gate.,11000000
79714266,3BR Twin House for Sale in Sheikh Zayed City,https://www.propertyfinder.eg/to/XJYHTGPDA7EZD6CAVVP8V6S0DC/en,https://static.shared.propertyfinder.eg/media/images/listing/XJYHTGPDA7EZD6CAVVP8V6S0DC/9b6d64de-07b7-4740-b1ab-0b82bc6f7f3d/1312x894.jpg?v=61fd8c9b9652471faac4e9ee5c764aa4,See the details of this Twin House for Sale in Vye Sodic.,23500000
79714120,2BR Chalet for Sale in Ras Al Hekma,https://www.propertyfinder.eg/to/53Z60WN7FE52QBEQ4XZ336JH5R/en,https://static.shared.propertyfinder.eg/media/images/listing/53Z60WN7FE52QBEQ4XZ336JH5R/8ff2adef-cfb6-4348-9880-7a9cbf718dda/1312x894.jpg?v=09f17a30ef1c1b941abab2142d317e87,See the details of this Chalet for Sale in June.,8900000
79714021,3BR iVilla for Sale in New Cairo City,https://www.propertyfinder.eg/to/FE6PA6ZACAT30556BJPPM8SQA8/en,https://static.shared.propertyfinder.eg/media/images/listing/FE6PA6ZACAT30556BJPPM8SQA8/db1aed76-874f-4ad0-9a63-c60ae4a97473/1312x894.jpg?v=8464b977a75ded5261ca3a18d4819ea4,See the details of this iVilla for Sale in Mountain View 1.1.,10350000
79713926,2BR Penthouse for Sale in Sheikh Zayed City,https://www.propertyfinder.eg/to/KYPXJ78DJBJETX733P5Y6XTZCW/en,https://static.shared.propertyfinder.eg/media/images/listing/KYPXJ78DJBJETX733P5Y6XTZCW/17723781-ad93-47a1-8ee2-695a363d0ee0/1312x894.jpg?v=1c664f3f49ff55f7c93e276c2600c1b4,See the details of this Penthouse for Sale in Vye Sodic.,7000000
79713658,3BR Villa for Sale in Sheikh Zayed City,https://www.propertyfinder.eg/to/GAXPTXWG91E9GFW3AX45GMP62G/en,https://static.shared.propertyfinder.eg/media/images/listing/GAXPTXWG91E9GFW3AX45GMP62G/e3fe2f60-03b8-4481-8ac0-96e79d9848c4/1312x894.jpg?v=ecff0ec798ec9be8ef3690fea79cb3fe,See the details of this Villa for Sale in The Estates.,32768000
79713406,2BR Apartment for Sale in New Cairo City,https://www.propertyfinder.eg/to/HC9XMPGRMT1VWQJQA0MX0R6CJR/en,https://static.shared.propertyfinder.eg/media/images/listing/HC9XMPGRMT1VWQJQA0MX0R6CJR/7f94f675-d2a3-437e-88be-d6f1fd32a88f/1312x894.jpg?v=8c6e0731b62e53be4b342530c22c1d39,See the details of this Apartment for Sale in Telal East.,8500000
79712746,2BR Apartment for Sale in New Cairo City,https://www.propertyfinder.eg/to/T7EWGE6SGB312TBWQK0BFVKC1M/en,https://static.shared.propertyfinder.eg/media/images/listing/T7EWGE6SGB312TBWQK0BFVKC1M/d449bd04-42e0-4a1f-98b2-07f0e0427219/1312x894.jpg,See the details of this Apartment for Sale in Hyde Park.,7700000
79712665,3BR Townhouse for Sale in Sheikh Zayed City,https://www.propertyfinder.eg/to/DKX89P1D5F3DQWD1FSA4M5SX6M/en,https://static.shared.propertyfinder.eg/media/images/listing/DKX89P1D5F3DQWD1FSA4M5SX6M/20931aa2-dc49-4f90-8195-7fe708c4f54c/1312x894.jpg,See the details of this Townhouse for Sale in Vye Sodic.,2000000
79712609,2BR Chalet for Sale in Ras Al Hekma,https://www.propertyfinder.eg/to/JZNYAEQRWSWTJX7WZBPWGAP1A0/en,https://static.shared.propertyfinder.eg/media/images/listing/JZNYAEQRWSWTJX7WZBPWGAP1A0/21b57de7-25dc-4436-a42e-3ecd1da7c332/1312x894.jpg,See the details of this Chalet for Sale in Direction White.,12000000
79712569,2BR Chalet for Sale in Ras Al Hekma,https://www.propertyfinder.eg/to/PRJW108WM6YTQ2QVMN59W044BM/en,https://static.shared.propertyfinder.eg/media/images/listing/PRJW108WM6YTQ2QVMN59W044BM/77c5ac46-5ee4-4c36-98e5-6ade52caa9e6/1312x894.jpg,See the details of this Chalet for Sale in Direction White.,14700000
79712536,3BR Villa for Sale in Sheikh Zayed City,https://www.propertyfinder.eg/to/N1X0SZVX4X6F7D8B4Y899XMTJG/en,https://static.shared.propertyfinder.eg/media/images/listing/N1X0SZVX4X6F7D8B4Y899XMTJG/4eb98e64-a97b-450c-be78-f77de54dc4f0/1312x894.jpg,See the details of this Villa for Sale in Karmell.,28000000
79712528,2BR Chalet for Sale in Ras Al Hekma,https://www.propertyfinder.eg/to/BSZBDQ4J5EF9ZKHWCT59TEWFVW/en,https://static.shared.propertyfinder.eg/media/images/listing/BSZBDQ4J5EF9ZKHWCT59TEWFVW/194aef43-c1c4-4b5c-90ea-de814de35716/1312x894.jpg,See the details of this Chalet for Sale in Summer.,8450000
79711977,2BR Penthouse for Sale in Sheikh Zayed City,https://www.propertyfinder.eg/to/N35ZDVA6H60GPS8EVNS1ADV19R/en,https://static.shared.propertyfinder.eg/media/images/listing/N35ZDVA6H60GPS8EVNS1ADV19R/c38dfb50-7d7b-48dc-9aa8-5c14dd08faf5/1312x894.jpg,See the details of this Penthouse for Sale in Vye Sodic.,7000000
79709525,3BR Duplex for Sale in 6 October City,https://www.propertyfinder.eg/to/TBNHDGV3A5HN4EVRZ3S7BHSR5C/en,https://static.shared.propertyfinder.eg/media/images/listing/TBNHDGV3A5HN4EVRZ3S7BHSR5C/1786a97e-2d1c-454a-a08d-9253d0b21ddf/1312x894.jpg,See the details of this Duplex for Sale in O West.,7369847
79709522,3BR Chalet for Sale in Sidi Abdel Rahman,https://www.propertyfinder.eg/to/564232WYPGMCSP5BCBTW119068/en,https://static.shared.propertyfinder.eg/media/images/listing/564232WYPGMCSP5BCBTW119068/f38f69db-6282-4dd2-b9bc-358f2d8ed722/1312x894.jpg,See the details of this Chalet for Sale in Hacienda White.,10200000
79709519,4BR Villa for Sale in 6 October City,https://www.propertyfinder.eg/to/G28QRH65X6PM35B5ZWDFWJ8A5C/en,https://static.shared.propertyfinder.eg/media/images/listing/G28QRH65X6PM35B5ZWDFWJ8A5C/2bbab225-d9ab-4196-a49f-3a1e008ebe89/1312x894.jpg,See the details of this Villa for Sale in O West.,22550000
79709518,1BR Chalet for Sale in Sidi Abdel Rahman,https://www.propertyfinder.eg/to/HBED17W370KP8K4Z5MQFTNWAPM/en,https://static.shared.propertyfinder.eg/media/images/listing/HBED17W370KP8K4Z5MQFTNWAPM/b6cf5b04-746a-4c8c-a1d3-7850fd8f4e60/1312x894.jpg,See the details of this Chalet for Sale in Hacienda White.,3700000
79709508,2BR Chalet for Sale in Sidi Abdel Rahman,https://www.propertyfinder.eg/to/J5WTB4Q26PEDK1DX61W30RR5CR/en,https://static.shared.propertyfinder.eg/media/images/listing/J5WTB4Q26PEDK1DX61W30RR5CR/95783d2d-2810-4479-bdef-8499e2a61dbc/1312x894.jpg,See the details of this Chalet for Sale in Hacienda White.,11000000
79709501,2BR Chalet for Sale in Sidi Abdel Rahman,https://www.propertyfinder.eg/to/6S8FXSC16BD0J6PJ7YNP33AP0R/en,https://static.shared.propertyfinder.eg/media/images/listing/6S8FXSC16BD0J6PJ7YNP33AP0R/90e5a166-39d6-469f-ac52-08216b107c85/1312x894.jpg,See the details of this Chalet for Sale in Hacienda White.,10200000
79709498,5BR Villa for Sale in 6 October City,https://www.propertyfinder.eg/to/KZT6N3F1B4W6XGDJ06R5FT1GZ8/en,https://static.shared.propertyfinder.eg/media/images/listing/KZT6N3F1B4W6XGDJ06R5FT1GZ8/50a66991-9ff7-4494-a18a-d81b4d024abd/1312x894.jpg,See the details of this Villa for Sale in O West.,28250000
79709486,3BR Chalet for Sale in Sidi Abdel Rahman,https://www.propertyfinder.eg/to/5K1RRMSAHS9YZNXEHJ8FXY5RZ0/en,https://static.shared.propertyfinder.eg/media/images/listing/5K1RRMSAHS9YZNXEHJ8FXY5RZ0/d7e00efb-8fc3-40c6-b552-fc238a6eb9f3/1312x894.jpg,See the details of this Chalet for Sale in Hacienda White.,9000000
79709484,2BR Chalet for Sale in Sidi Abdel Rahman,https://www.propertyfinder.eg/to/MY8600H1P7MVX6ES3GXXJ0CVZC/en,https://static.shared.propertyfinder.eg/media/images/listing/MY8600H1P7MVX6ES3GXXJ0CVZC/56d674c8-eb4e-40d8-b68a-a6375e481530/1312x894.jpg,See the details of this Chalet for Sale in Hacienda White.,5750000
79709475,3BR Duplex for Sale in 6 October City,https://www.propertyfinder.eg/to/DJW13C53WS47DC2X8WJY2TCM1W/en,https://static.shared.propertyfinder.eg/media/images/listing/DJW13C53WS47DC2X8WJY2TCM1W/5fb3dcbc-03d2-4a32-bf80-b050df9cb6ef/1312x894.jpg,See the details of this Duplex for Sale in O West.,6150000
79683394,3BR Townhouse for Sale in 6 October City,https://www.propertyfinder.eg/to/WKN0Q17B6PYRVQED0EZYHEY7ZR/en,https://static.shared.propertyfinder.eg/media/images/listing/WKN0Q17B6PYRVQED0EZYHEY7ZR/4cc6d3c2-818c-4d17-8bcb-8f40dd3d44bf/1312x894.jpg,See the details of this Townhouse for Sale in O West.,12400000
79460360,2BR Chalet for Sale in Ras Al Hekma,https://www.propertyfinder.eg/to/T6SZ1P1AFBYWW87BE9F9YAYYP8/en,https://static.shared.propertyfinder.eg/media/images/listing/T6SZ1P1AFBYWW87BE9F9YAYYP8/e8da09f7-4a0e-4638-b647-e0e9596e9e88/1312x894.jpg,See the details of this Chalet for Sale in Hacienda West.,10200000
79460285,3BR Chalet for Sale in Ras Al Hekma,https://www.propertyfinder.eg/to/CAV8MQCJTMXKVTTMXTW8JDHS3W/en,https://static.shared.propertyfinder.eg/media/images/listing/CAV8MQCJTMXKVTTMXTW8JDHS3W/a4775c71-01e9-4641-aa77-0cac530d6c88/1312x894.jpg,See the details of this Chalet for Sale in Hacienda West.,9000000
79460157,2BR Chalet for Sale in Ras Al Hekma,https://www.propertyfinder.eg/to/4JZGGYZF3MWBN5BZD2ERXDV9Z4/en,https://static.shared.propertyfinder.eg/media/images/listing/4JZGGYZF3MWBN5BZD2ERXDV9Z4/c25fad5d-cc2b-4886-a63d-00b1500b6380/1312x894.jpg,See the details of this Chalet for Sale in Hacienda West.,5750000
79460090,2BR Chalet for Sale in Ras Al Hekma,https://www.propertyfinder.eg/to/Z1PK1MCZM3FX3WCPP65WQCKJHW/en,https://static.shared.propertyfinder.eg/media/images/listing/Z1PK1MCZM3FX3WCPP65WQCKJHW/cda94eec-3c16-4fa1-b803-ded349590159/1312x894.jpg,See the details of this Chalet for Sale in Hacienda West.,11000000
79459996,3BR Chalet for Sale in Ras Al Hekma,https://www.propertyfinder.eg/to/BKD76GSTFR4E6T4DA3E63G6Q6R/en,https://static.shared.propertyfinder.eg/media/images/listing/BKD76GSTFR4E6T4DA3E63G6Q6R/cb59fb25-75b4-4675-8026-08c397a6b50b/1312x894.jpg,See the details of this Chalet for Sale in Hacienda West.,10200000
79458752,3BR Chalet for Sale in Ras Al Hekma,https://www.propertyfinder.eg/to/3S8B0SPP2K0EWXA8D3W733BYX4/en,https://static.shared.propertyfinder.eg/media/images/listing/3S8B0SPP2K0EWXA8D3W733BYX4/470ab0d2-ce99-498a-ae5b-0c2a733ad2d7/1312x894.jpg,See the details of this Chalet for Sale in Azha North.,7500000
79458648,1BR Chalet for Sale in Ras Al Hekma,https://www.propertyfinder.eg/to/DBPJZNVGJ565NPH7CGH89YW6D0/en,https://static.shared.propertyfinder.eg/media/images/listing/DBPJZNVGJ565NPH7CGH89YW6D0/5b7dd343-d1a6-4849-912b-29d07e8d2aa4/1312x894.jpg,See the details of this Chalet for Sale in Azha North.,4280000
79458152,4BR Twin House for Sale in Ras Al Hekma,https://www.propertyfinder.eg/to/940WEWZS9P0MJ28P198HEK0ZCM/en,https://static.shared.propertyfinder.eg/media/images/listing/940WEWZS9P0MJ28P198HEK0ZCM/5625fcca-860a-4e5c-8bfd-18f3db72e3f5/1312x894.jpg,See the details of this Twin House for Sale in La vista Ras El Hikma.,27700000
79457997,1BR Chalet for Sale in Ras Al Hekma,https://www.propertyfinder.eg/to/W3B9GY1FB4ZEF1J95ZYSAR4058/en,https://static.shared.propertyfinder.eg/media/images/listing/W3B9GY1FB4ZEF1J95ZYSAR4058/92689c38-e331-411e-bcfe-e736958404a7/1312x894.jpg,See the details of this Chalet for Sale in Hacienda West.,3700000
79457937,3BR Apartment for Sale in New Cairo City,https://www.propertyfinder.eg/to/4GNFRR4ZCP7VA66EZZA1B14DN0/en,https://static.shared.propertyfinder.eg/media/images/listing/4GNFRR4ZCP7VA66EZZA1B14DN0/7d855477-9ead-463d-b09c-1ba487b65554/1312x894.jpg,See the details of this Apartment for Sale in Garden Residence.,9500000
79457475,3BR Chalet for Sale in Ras Al Hekma,https://www.propertyfinder.eg/to/D59D7YP4P3VY23N70W25QEBY04/en,https://static.shared.propertyfinder.eg/media/images/listing/D59D7YP4P3VY23N70W25QEBY04/dd814f79-8d2f-4350-ab41-5f0db2e50a55/1312x894.jpg,See the details of this Chalet for Sale in Cali Coast.,13442500
79457333,3BR Townhouse for Sale in Ras Al Hekma,https://www.propertyfinder.eg/to/MRBM42VTGK19S8R21B5B8WBFNR/en,https://static.shared.propertyfinder.eg/media/images/listing/MRBM42VTGK19S8R21B5B8WBFNR/c5d644c5-6acc-4e4b-8052-37eed4aabea5/1312x894.jpg,See the details of this Townhouse for Sale in Azha North.,11000000
79457228,4BR Chalet for Sale in Qesm Marsa Matrouh,https://www.propertyfinder.eg/to/797P9TN60BC1K5J28E2BS5GBPM/en,https://static.shared.propertyfinder.eg/media/images/listing/797P9TN60BC1K5J28E2BS5GBPM/d4c8223b-a4da-442e-ad02-c895eacf8f48/1312x894.jpg,See the details of this Chalet for Sale in Fouka Bay.,16500000
79456912,4BR Villa for Sale in New Cairo City,https://www.propertyfinder.eg/to/DWA3BS2FV16WY2K7M0WMAKPE34/en,https://static.shared.propertyfinder.eg/media/images/listing/DWA3BS2FV16WY2K7M0WMAKPE34/c9a39460-01a9-46fb-951a-c6145fd54798/1312x894.jpg,See the details of this Villa for Sale in Cairo Festival City.,28000000
79456846,3BR Apartment for Sale in 6 October City,https://www.propertyfinder.eg/to/56DRWAB3YQPN95G4NDHYG70NBR/en,https://static.shared.propertyfinder.eg/media/images/listing/56DRWAB3YQPN95G4NDHYG70NBR/a9b25803-ab01-4940-97c7-ef332a3a66b6/1312x894.jpg,See the details of this Apartment for Sale in One33.,8340000
79456835,4BR Villa for Sale in Qesm Marsa Matrouh,https://www.propertyfinder.eg/to/YKQ4WGYP6DFWWWXAVWN72P64J4/en,https://static.shared.propertyfinder.eg/media/images/listing/YKQ4WGYP6DFWWWXAVWN72P64J4/f4b6da3f-9a50-49ac-983e-79df4f5d43ec/1312x894.jpg,See the details of this Villa for Sale in Fouka Bay.,19500000
79456059,2BR Apartment for Sale in New Cairo City,https://www.propertyfinder.eg/to/J7SYNAQGWY32MYET3T81J8J03C/en,https://static.shared.propertyfinder.eg/media/images/listing/J7SYNAQGWY32MYET3T81J8J03C/5c891b86-ca73-4080-8ea8-702e0ccc1050/1312x894.jpg,See the details of this Apartment for Sale in Mountain View iCity.,6000000
79455506,3BR Duplex for Sale in New Cairo City,https://www.propertyfinder.eg/to/G79SZP7X7BV85D6R36BDMVX6QG/en,https://static.shared.propertyfinder.eg/media/images/listing/G79SZP7X7BV85D6R36BDMVX6QG/55728d40-3fd2-4cc5-bddb-0b9a4955809e/1312x894.jpg,See the details of this Duplex for Sale in Eastown.,23500000
79455262,3BR Chalet for Sale in Qesm Marsa Matrouh,https://www.propertyfinder.eg/to/TYHZ3BRXKE4HG2K4K6Q6SYQDE8/en,https://static.shared.propertyfinder.eg/media/images/listing/TYHZ3BRXKE4HG2K4K6Q6SYQDE8/9c1d5c5c-25d8-498d-9383-0c2672586dc0/1312x894.jpg,See the details of this Chalet for Sale in Fouka Bay.,11500000
79455017,4BR Villa for Sale in New Heliopolis,https://www.propertyfinder.eg/to/AGNPRJPFRZ96NT8YY1E88Q7918/en,https://static.shared.propertyfinder.eg/media/images/listing/AGNPRJPFRZ96NT8YY1E88Q7918/afad5714-1bc1-44a0-8fbe-03e4b8e3a06f/1312x894.jpg,See the details of this Villa for Sale in Sodic East.,23850000
79454942,2BR Chalet for Sale in Qesm Marsa Matrouh,https://www.propertyfinder.eg/to/927J7GM3FWWRPAJ864826E4MSC/en,https://static.shared.propertyfinder.eg/media/images/listing/927J7GM3FWWRPAJ864826E4MSC/0854e2d6-fea7-4bae-b36e-06ecb38a11d3/1312x894.jpg,See the details of this Chalet for Sale in Fouka Bay.,9237000
79454803,2BR Apartment for Sale in New Cairo City,https://www.propertyfinder.eg/to/AQ3TWPAKG4V1X89WHRR7H5RSG4/en,https://static.shared.propertyfinder.eg/media/images/listing/AQ3TWPAKG4V1X89WHRR7H5RSG4/b9359a52-2f04-4d43-afcb-9bfab895fa45/1312x894.jpg,See the details of this Apartment for Sale in The Icon Residence.,2929000
79454322,3BR Apartment for Sale in New Heliopolis,https://www.propertyfinder.eg/to/7VSQEKAB8361X4T14VMQDBSAE8/en,https://static.shared.propertyfinder.eg/media/images/listing/7VSQEKAB8361X4T14VMQDBSAE8/d90c2d73-574c-47d3-b73e-50029f94ceed/1312x894.jpg,See the details of this Apartment for Sale in Talala.,7377000
79454250,1BR Chalet for Sale in Sidi Abdel Rahman,https://www.propertyfinder.eg/to/9W2S6WE1AJDCKWECBB1BQDT3H8/en,https://static.shared.propertyfinder.eg/media/images/listing/9W2S6WE1AJDCKWECBB1BQDT3H8/cda7ab91-a82f-42e7-a599-e4eb9bdf8d62/1312x894.jpg,See the details of this Chalet for Sale in Marassi.,12000000
79454107,3BR Apartment for Sale in Mostakbal City - Future City,https://www.propertyfinder.eg/to/Z8FAPMQCPSEV5T70GD5G1QS6H0/en,https://static.shared.propertyfinder.eg/media/images/listing/Z8FAPMQCPSEV5T70GD5G1QS6H0/8ac4a699-8cc3-4b44-9dd7-cf9edbe515a4/1312x894.jpg,See the details of this Apartment for Sale in Elm Tree Park.,6750000
79453956,2BR Chalet for Sale in Hurghada,https://www.propertyfinder.eg/to/WMF5KY3NGD0JBZKKBEV5VY84R0/en,https://static.shared.propertyfinder.eg/media/images/listing/WMF5KY3NGD0JBZKKBEV5VY84R0/ed4a9886-c93c-42b8-bb7e-a8aa35282c15/1312x894.jpg,See the details of this Chalet for Sale in Mesca.,12900000
79453544,4BR Apartment for Sale in New Cairo City,https://www.propertyfinder.eg/to/4N725QPBBC1TSG9QCSBQ7T3P20/en,https://static.shared.propertyfinder.eg/media/images/listing/4N725QPBBC1TSG9QCSBQ7T3P20/6d0f7380-f2cf-4104-b5d3-b3e8ce6daf55/1312x894.jpg,See the details of this Apartment for Sale in Eastown.,22000000
79453494,2BR Chalet for Sale in Sidi Abdel Rahman,https://www.propertyfinder.eg/to/03N98TWEAZRE9ZMJYFGA6N8VZ8/en,https://static.shared.propertyfinder.eg/media/images/listing/03N98TWEAZRE9ZMJYFGA6N8VZ8/ee0231fd-bfd1-4994-af1f-0149163fc058/1312x894.jpg,See the details of this Chalet for Sale in Hacienda Bay.,6530000
79453390,3BR Twin House for Sale in Ras Al Hekma,https://www.propertyfinder.eg/to/1TFBCPDQ2M582NZM3HEBKKRAK8/en,https://static.shared.propertyfinder.eg/media/images/listing/1TFBCPDQ2M582NZM3HEBKKRAK8/d718c2a2-717b-4bfa-9184-cc501f6cb9ba/1312x894.jpg,See the details of this Twin House for Sale in Mountain View.,9810000
79453099,3BR Chalet for Sale in Qesm Marsa Matrouh,https://www.propertyfinder.eg/to/NNYY6MHBJZT3F4CEBK4BHCN3MG/en,https://static.shared.propertyfinder.eg/media/images/listing/NNYY6MHBJZT3F4CEBK4BHCN3MG/b2fc7148-6cc1-42cd-9904-b261ad1f5da0/1312x894.jpg,See the details of this Chalet for Sale in Silver Sands.,14800000
79453064,4BR Chalet for Sale in Sidi Abdel Rahman,https://www.propertyfinder.eg/to/6D1Y42EJMWA893ZADRHX11RAP8/en,https://static.shared.propertyfinder.eg/media/images/listing/6D1Y42EJMWA893ZADRHX11RAP8/7704a65f-aa84-4d54-bcff-e7b6da80aab2/1312x894.jpg,See the details of this Chalet for Sale in Hacienda Bay.,14500000
79453061,3BR Townhouse for Sale in New Heliopolis,https://www.propertyfinder.eg/to/68S9MC0NBE9Z4119D6DA376180/en,https://static.shared.propertyfinder.eg/media/images/listing/68S9MC0NBE9Z4119D6DA376180/f9492062-b7ed-49da-a439-f5ca594be2f8/1312x894.jpg,See the details of this Townhouse for Sale in Sodic East.,13600000
79452882,4BR Villa for Sale in Sheikh Zayed City,https://www.propertyfinder.eg/to/9T1SBZ3NMGVJ2SMRB3QTE066SG/en,https://static.shared.propertyfinder.eg/media/images/listing/9T1SBZ3NMGVJ2SMRB3QTE066SG/4d2d1093-0736-46dd-84f5-ddc4bedcd971/1312x894.jpg,See the details of this Villa for Sale in Patio Al Zahraa.,7000000
79452875,5BR Villa for Sale in Sidi Abdel Rahman,https://www.propertyfinder.eg/to/YC0KFX8M1P5J45P1CSR3MM61N0/en,https://static.shared.propertyfinder.eg/media/images/listing/YC0KFX8M1P5J45P1CSR3MM61N0/dbafa594-3c3b-42b9-a987-abe131d37a76/1312x894.jpg,See the details of this Villa for Sale in Marassi.,63000000
79452769,3BR Chalet for Sale in Ras Al Hekma,https://www.propertyfinder.eg/to/14EGWSW9KE6VJ93282W3FG6Z8M/en,https://static.shared.propertyfinder.eg/media/images/listing/14EGWSW9KE6VJ93282W3FG6Z8M/11a558b1-773a-4bdb-8371-d85bb9a8989b/1312x894.jpg,See the details of this Chalet for Sale in Mountain View.,6800000
79452600,2BR Apartment for Sale in New Cairo City,https://www.propertyfinder.eg/to/0GFC2Q087NN4RMBXPYY73NG1HM/en,https://static.shared.propertyfinder.eg/media/images/listing/0GFC2Q087NN4RMBXPYY73NG1HM/ce6da2a5-cd64-4a13-b9d2-3fc2ca048a96/1312x894.jpg,See the details of this Apartment for Sale in Lake View Residence 2.,7320000
79452384,4BR Chalet for Sale in Sidi Abdel Rahman,https://www.propertyfinder.eg/to/TZXD5FFTQH6GV8QZ4G9CFGSS4W/en,https://static.shared.propertyfinder.eg/media/images/listing/TZXD5FFTQH6GV8QZ4G9CFGSS4W/da60f025-54eb-472d-9693-5b05553570f0/1312x894.jpg,See the details of this Chalet for Sale in Hacienda Bay.,15000000
79452141,2BR Chalet for Sale in Sidi Abdel Rahman,https://www.propertyfinder.eg/to/BX1TJ6P44TVMDX6HVKBYV32T7W/en,https://static.shared.propertyfinder.eg/media/images/listing/BX1TJ6P44TVMDX6HVKBYV32T7W/f3f3b9e9-2461-4cd8-8f01-242427d87726/1312x894.jpg,See the details of this Chalet for Sale in Marassi.,25600000
79451883,2BR Apartment for Sale in New Cairo City,https://www.propertyfinder.eg/to/BXGGN50Y3D6HEH8T1M1VHH44V0/en,https://static.shared.propertyfinder.eg/media/images/listing/BXGGN50Y3D6HEH8T1M1VHH44V0/af9ddc93-8b5c-4607-bea2-7a0ea2eac92f/1312x894.jpg,See the details of this Apartment for Sale in Lake View Residence 2.,10869000
79451765,3BR Chalet for Sale in Sidi Abdel Rahman,https://www.propertyfinder.eg/to/46RYJ4PQRKR70YZTKZWYC3APKG/en,https://static.shared.propertyfinder.eg/media/images/listing/46RYJ4PQRKR70YZTKZWYC3APKG/abc981b0-c740-495f-b2fc-62cebad2dd99/1312x894.jpg,See the details of this Chalet for Sale in Marassi.,28350000
79451713,2BR Chalet for Sale in Ras Al Hekma,https://www.propertyfinder.eg/to/MB4QAMX9W8GVRXNDBRAZBPDKFG/en,https://static.shared.propertyfinder.eg/media/images/listing/MB4QAMX9W8GVRXNDBRAZBPDKFG/1314b62f-1c94-4736-a45d-0d65665eb964/1312x894.jpg,See the details of this Chalet for Sale in Cali Coast.,7900000
79451469,Office for Sale in New Cairo City,https://www.propertyfinder.eg/to/0FZFEN879Q8FX50W8FZ4215DJW/en,https://static.shared.propertyfinder.eg/media/images/listing/0FZFEN879Q8FX50W8FZ4215DJW/0128e137-cd5b-42b4-a0c0-b00c3d4696ee/1312x894.jpg,See the details of this Office for Sale in Prk Vie.,9900000
79451191,3BR Apartment for Sale in New Cairo City,https://www.propertyfinder.eg/to/JM88ACV0JSYWP2A9FNJEC1QX5M/en,https://static.shared.propertyfinder.eg/media/images/listing/JM88ACV0JSYWP2A9FNJEC1QX5M/744220ae-d823-4fd1-a7d5-bd10554b120a/1312x894.jpg,See the details of this Apartment for Sale in El Patio Oro.,9000000
79451039,3BR Apartment for Sale in New Cairo City,https://www.propertyfinder.eg/to/VFBK20WE29CZR3ZNEKKD8X022M/en,https://static.shared.propertyfinder.eg/media/images/listing/VFBK20WE29CZR3ZNEKKD8X022M/84464cb2-2a92-4703-867c-2a762d10b50f/1312x894.jpg,See the details of this Apartment for Sale in Village Gardens Katameya.,12600000
79451029,2BR Apartment for Sale in Sidi Abdel Rahman,https://www.propertyfinder.eg/to/B1R5KJ98REEBWS091M5B5Z02MG/en,https://static.shared.propertyfinder.eg/media/images/listing/B1R5KJ98REEBWS091M5B5Z02MG/5dc50c78-2303-4734-adc9-fe3dad7a79d8/1312x894.jpg,See the details of this Apartment for Sale in Marassi.,25000000
79450230,1BR Chalet for Sale in Sidi Abdel Rahman,https://www.propertyfinder.eg/to/6ZNC4F0984S6KZQNVVWMN7AH1C/en,https://static.shared.propertyfinder.eg/media/images/listing/6ZNC4F0984S6KZQNVVWMN7AH1C/5439eb58-555f-497f-96f3-305a4aa5b256/1312x894.jpg,See the details of this Chalet for Sale in Marassi.,16500000
79448117,3BR Villa for Sale in 6 October City,https://www.propertyfinder.eg/to/RPEX1ZC8XR0EQQ0NZE5TFY0KQ4/en,https://static.shared.propertyfinder.eg/media/images/listing/RPEX1ZC8XR0EQQ0NZE5TFY0KQ4/ad89b1d3-c6f6-4f4f-9553-0003c35b81d4/1312x894.jpg,See the details of this Villa for Sale in Nyoum October.,9900000
79448071,Office for Sale in New Cairo City,https://www.propertyfinder.eg/to/PDSSNDW50DCEW66YF6Q8X73K1M/en,https://static.shared.propertyfinder.eg/media/images/listing/PDSSNDW50DCEW66YF6Q8X73K1M/b4ab2109-a9bc-450b-97bf-c349ecbf8bd3/1312x894.jpg,See the details of this Office for Sale in Plus 90 Mall.,6340000
79447390,2BR Apartment for Sale in New Cairo City,https://www.propertyfinder.eg/to/TPP37DN08QJA1FPAY3CQZ6912W/en,https://static.shared.propertyfinder.eg/media/images/listing/TPP37DN08QJA1FPAY3CQZ6912W/48fffbdc-3f08-4530-9427-fd65b1169ad8/1312x894.jpg,See the details of this Apartment for Sale in Mountain View iCity.,6000000
79447244,5BR Duplex for Sale in 6 October City,https://www.propertyfinder.eg/to/SMMK8M8DXBKJ2A4Q5DR8S0BB4C/en,https://static.shared.propertyfinder.eg/media/images/listing/SMMK8M8DXBKJ2A4Q5DR8S0BB4C/c3204f64-1494-4f54-9407-af8c0e208d53/1312x894.jpg,See the details of this Duplex for Sale in Le Jardin.,6000000
79447186,4BR Twin House for Sale in Ras Al Hekma,https://www.propertyfinder.eg/to/XTM35D44JBY7XBPB7RB79ZEHKG/en,https://static.shared.propertyfinder.eg/media/images/listing/XTM35D44JBY7XBPB7RB79ZEHKG/5b1b79f7-422d-4965-a9a7-67deb5d7feac/1312x894.jpg,See the details of this Twin House for Sale in Mountain View.,16500000
79447135,3BR Apartment for Sale in New Capital City,https://www.propertyfinder.eg/to/AA16KQF71XYNTRQG9CXC0Z3W7W/en,https://static.shared.propertyfinder.eg/media/images/listing/AA16KQF71XYNTRQG9CXC0Z3W7W/8fdc9923-b411-45ce-b2b7-94cc2e488bbd/1312x894.jpg,See the details of this Apartment for Sale in Midtown Sky.,3583566
79447103,3BR Apartment for Sale in New Cairo City,https://www.propertyfinder.eg/to/GZXKZDRVCDP461TWGF380PEFE0/en,https://static.shared.propertyfinder.eg/media/images/listing/GZXKZDRVCDP461TWGF380PEFE0/fff6e130-5ee3-428f-b668-6540ec2d1b5f/1312x894.jpg,See the details of this Apartment for Sale in El Patio Oro.,10300000
79445672,4BR Apartment for Sale in Sheikh Zayed City,https://www.propertyfinder.eg/to/V3CD71RAMR84A9SV5KG5KR67D4/en,https://static.shared.propertyfinder.eg/media/images/listing/V3CD71RAMR84A9SV5KG5KR67D4/59ff53fb-64a7-4e59-bad5-7f1aa2f77a81/1312x894.jpg,See the details of this Apartment for Sale in Six West.,7000000
79445657,3BR Townhouse for Sale in New Capital City,https://www.propertyfinder.eg/to/0712R79RZWNQQ5FXXZ768NW144/en,https://static.shared.propertyfinder.eg/media/images/listing/0712R79RZWNQQ5FXXZ768NW144/4144731a-43ef-4af3-a598-7282f6639da1/1312x894.jpg,See the details of this Townhouse for Sale in La Vista City.,19090114
79445656,3BR Apartment for Sale in New Cairo City,https://www.propertyfinder.eg/to/M9ZMDD5S9QT9EWQ5HQ0WQ9AWV4/en,https://static.shared.propertyfinder.eg/media/images/listing/M9ZMDD5S9QT9EWQ5HQ0WQ9AWV4/0aa997da-c362-4ec6-aaec-4e94ad3b88c1/1312x894.jpg,See the details of this Apartment for Sale in Hyde Park Central.,9800000
79445653,3BR Villa for Sale in Ras Al Hekma,https://www.propertyfinder.eg/to/SQ5VQ9VA7GTAH4WH3730BXVQ8W/en,https://static.shared.propertyfinder.eg/media/images/listing/SQ5VQ9VA7GTAH4WH3730BXVQ8W/bebf3a87-1f27-460d-9d3d-bfef408de114/1312x894.jpg,See the details of this Villa for Sale in Direction White.,17999000
79445613,3BR Townhouse for Sale in Sheikh Zayed City,https://www.propertyfinder.eg/to/6RTSY0RXBD5PR4ZPN3J6HNEZS0/en,https://static.shared.propertyfinder.eg/media/images/listing/6RTSY0RXBD5PR4ZPN3J6HNEZS0/f83353d1-ebb9-4a4b-a292-60ce75407bdb/1312x894.jpg,See the details of this Townhouse for Sale in V Levels.,11417400
79445602,5BR Villa for Sale in 6 October City,https://www.propertyfinder.eg/to/3YXZVFQQXD9ZKHRTX8NKBFYX8M/en,https://static.shared.propertyfinder.eg/media/images/listing/3YXZVFQQXD9ZKHRTX8NKBFYX8M/4abff3bc-4a36-476c-a558-4f1187f8bcf3/1312x894.jpg,See the details of this Villa for Sale in The Crown.,10000000
79445572,3BR Apartment for Sale in 6 October City,https://www.propertyfinder.eg/to/KPBJCJ5A1ZFR9EFZ0417HKDVVM/en,https://static.shared.propertyfinder.eg/media/images/listing/KPBJCJ5A1ZFR9EFZ0417HKDVVM/56e2a10e-9c2b-47fa-8d7c-2f2abdb0e85d/1312x894.jpg,See the details of this Apartment for Sale in Pyramids Heights.,7000000
79445554,3BR Apartment for Sale in 6 October City,https://www.propertyfinder.eg/to/DT5JRP4GEBGW0D4KXQJW8MK6XC/en,https://static.shared.propertyfinder.eg/media/images/listing/DT5JRP4GEBGW0D4KXQJW8MK6XC/220a553f-5b4a-459a-8822-31e6fcca6545/1312x894.jpg,See the details of this Apartment for Sale in Pyramids Hills.,7000000
79445488,6BR Twin House for Sale in 6 October City,https://www.propertyfinder.eg/to/0JRE0MYH2S8Q4YE8YF8N3HKQR4/en,https://static.shared.propertyfinder.eg/media/images/listing/0JRE0MYH2S8Q4YE8YF8N3HKQR4/fc8bc5ab-bdd4-405b-99a2-ecdba36f51ee/1312x894.jpg,See the details of this Twin House for Sale in Palm Hills Golf Views.,13000000
79444444,4BR Apartment for Sale in Sheikh Zayed City,https://www.propertyfinder.eg/to/VH5XN4MXHZ9D6QH30S46FQXZPW/en,https://static.shared.propertyfinder.eg/media/images/listing/VH5XN4MXHZ9D6QH30S46FQXZPW/cfc56b6e-cb02-4434-8130-330032290ca4/1312x894.jpg,See the details of this Apartment for Sale in Allegria.,6000000
79444410,3BR Apartment for Sale in Sheikh Zayed City,https://www.propertyfinder.eg/to/QZC8NV115FX4EAXXR9V9DWK7R0/en,https://static.shared.propertyfinder.eg/media/images/listing/QZC8NV115FX4EAXXR9V9DWK7R0/3e0f811e-651e-4c8c-93ab-b49355e871ea/1312x894.jpg,See the details of this Apartment for Sale in Six West.,6000000
79443814,3BR Apartment for Sale in Sheikh Zayed City,https://www.propertyfinder.eg/to/JJG50493VAMSQ5EY95PB7R87PG/en,https://static.shared.propertyfinder.eg/media/images/listing/JJG50493VAMSQ5EY95PB7R87PG/46ba8b98-9c8a-4b62-8cdb-1c2a9cdfb3d1/1312x894.jpg,See the details of this Apartment for Sale in Vye Sodic.,17500000
79443756,3BR Chalet for Sale in Ras Al Hekma,https://www.propertyfinder.eg/to/5QQ58KV564DNKWTD2XZSS3Q82R/en,https://static.shared.propertyfinder.eg/media/images/listing/5QQ58KV564DNKWTD2XZSS3Q82R/983c3d0e-f2c4-4274-a632-7b54984554a3/1312x894.jpg,See the details of this Chalet for Sale in Salt.,11760000
79443755,4BR Townhouse for Sale in Sheikh Zayed City,https://www.propertyfinder.eg/to/TD4KH4ZTCJ1XASEZ69VCYM10TR/en,https://static.shared.propertyfinder.eg/media/images/listing/TD4KH4ZTCJ1XASEZ69VCYM10TR/e3402c3c-bd5a-4f54-99ac-88755dd29cef/1312x894.jpg,See the details of this Townhouse for Sale in Hills of one.,20000000
79442192,3BR Chalet for Sale in Ras Al Hekma,https://www.propertyfinder.eg/to/1GD77RZKDSZNPN9V7H0F2SM13C/en,https://static.shared.propertyfinder.eg/media/images/listing/1GD77RZKDSZNPN9V7H0F2SM13C/5760a295-657b-498c-85fd-eafb941b66b7/1312x894.jpg,See the details of this Chalet for Sale in Hacienda West.,13301410
79442151,2BR Chalet for Sale in Ras Al Hekma,https://www.propertyfinder.eg/to/MSDCWMZH0WPWHD4S5953CX63H4/en,https://static.shared.propertyfinder.eg/media/images/listing/MSDCWMZH0WPWHD4S5953CX63H4/0ce6a391-0630-403a-a8e2-9ad6cfde3e00/1312x894.jpg,See the details of this Chalet for Sale in The Med.,11560000
79442143,4BR Townhouse for Sale in Ras Al Hekma,https://www.propertyfinder.eg/to/PSEGHXYKEP5A2EEHXD4H6F8TA4/en,https://static.shared.propertyfinder.eg/media/images/listing/PSEGHXYKEP5A2EEHXD4H6F8TA4/58670275-d182-4387-83cf-9a46d209ea68/1312x894.jpg,See the details of this Townhouse for Sale in Naia bay.,27000000
79442137,2BR Chalet for Sale in Ras Al Hekma,https://www.propertyfinder.eg/to/CY2CT07R0JNT7FZX96F254GSM0/en,https://static.shared.propertyfinder.eg/media/images/listing/CY2CT07R0JNT7FZX96F254GSM0/d1b61019-bfa7-40d6-bc8e-260f2595ce48/1312x894.jpg,See the details of this Chalet for Sale in Koun.,6250000
79189362,Shop for Sale in New Cairo City,https://www.propertyfinder.eg/to/ES7N718PPAPV733QE282KWT1MR/en,https://static.shared.propertyfinder.eg/media/images/listing/ES7N718PPAPV733QE282KWT1MR/26b57dcb-953e-491e-9932-c4c97094b331/1312x894.jpg,See the details of this Shop for Sale in Plus 90 Mall.,13000000
79188889,3BR Apartment for Sale in Hay Wasat,https://www.propertyfinder.eg/to/9X81KASHHBGA3NKFJV7YT7HT24/en,https://static.shared.propertyfinder.eg/media/images/listing/9X81KASHHBGA3NKFJV7YT7HT24/4af1dbab-2b7f-4446-8405-44bfab08dd97/1312x894.jpg,See the details of this Apartment for Sale in Al Geish Road.,4500000
79188856,3BR Apartment for Sale in New Cairo City,https://www.propertyfinder.eg/to/R7CPKZZHVPVSFP77H2AN52738C/en,https://static.shared.propertyfinder.eg/media/images/listing/R7CPKZZHVPVSFP77H2AN52738C/5c77742e-d619-48a8-9383-36d24ca0737d/1312x894.jpg,See the details of this Apartment for Sale in Moon Residences.,12400000
79188848,3BR Apartment for Sale in Mostakbal City - Future City,https://www.propertyfinder.eg/to/PT3X3DB2M948YBYDWAG35C9SZG/en,https://static.shared.propertyfinder.eg/media/images/listing/PT3X3DB2M948YBYDWAG35C9SZG/f22c17d3-c0fd-4232-b1ea-e902e57c9067/1312x894.jpg,See the details of this Apartment for Sale in Elan Sarai.,4800000
79188838,3BR Apartment for Sale in New Cairo City,https://www.propertyfinder.eg/to/9YMV5SG38MZ370FYKRBEJRE19R/en,https://static.shared.propertyfinder.eg/media/images/listing/9YMV5SG38MZ370FYKRBEJRE19R/c9984bed-7a26-4afb-be20-81603c867eec/1312x894.jpg,See the details of this Apartment for Sale in Regents Park.,13700000
79188828,2BR Apartment for Sale in New Cairo City,https://www.propertyfinder.eg/to/SSEZQTVJE2HQFDBFWZ3Y9928RW/en,https://static.shared.propertyfinder.eg/media/images/listing/SSEZQTVJE2HQFDBFWZ3Y9928RW/2e787f7d-9b4d-47c3-b7a6-e844090f03e9/1312x894.jpg,See the details of this Apartment for Sale in Shalya Taj City.,5220000
79188815,3BR Apartment for Sale in New Cairo City,https://www.propertyfinder.eg/to/C1JKCEFHDPBCQHVV92DK5J5VQ8/en,https://static.shared.propertyfinder.eg/media/images/listing/C1JKCEFHDPBCQHVV92DK5J5VQ8/bb7a5f66-c488-42a1-8384-4c74a5871ca1/1312x894.jpg,See the details of this Apartment for Sale in Moon Residences.,6800000
79188805,2BR Penthouse for Sale in New Cairo City,https://www.propertyfinder.eg/to/25PMYXS116KN1MMJRXKH4825X0/en,https://static.shared.propertyfinder.eg/media/images/listing/25PMYXS116KN1MMJRXKH4825X0/ae356aba-af4a-4c03-ba76-0f490d111afa/1312x894.jpg,See the details of this Penthouse for Sale in Mountain View Hyde Park.,9650000
79188803,5BR Villa for Sale in Mostakbal City - Future City,https://www.propertyfinder.eg/to/BQNG9CYTRP9NQZKRAQ2Q2K3XXC/en,https://static.shared.propertyfinder.eg/media/images/listing/BQNG9CYTRP9NQZKRAQ2Q2K3XXC/08e2f5fe-35b9-4e6d-afb2-cea9e4e8feee/1312x894.jpg,See the details of this Villa for Sale in Elan Sarai.,4480000
79188787,3BR iVilla for Sale in New Cairo City,https://www.propertyfinder.eg/to/HYQN16DZGF1CTPB6H2598SR7G0/en,https://static.shared.propertyfinder.eg/media/images/listing/HYQN16DZGF1CTPB6H2598SR7G0/7b0f375c-01bd-45f0-9aa0-3c4331e544aa/1312x894.jpg,See the details of this iVilla for Sale in Mountain View Hyde Park.,11250000
79188782,4BR Apartment for Sale in New Heliopolis,https://www.propertyfinder.eg/to/2NADD8YC7B8SG1PFC553FYQXGM/en,https://static.shared.propertyfinder.eg/media/images/listing/2NADD8YC7B8SG1PFC553FYQXGM/81793a52-7079-4494-b0ba-de6d22932ba9/1312x894.jpg,See the details of this Apartment for Sale in Talala.,7350000
79188675,2BR Apartment for Sale in New Cairo City,https://www.propertyfinder.eg/to/SYFAVAABFT7JFYRWR8J20APZ10/en,https://static.shared.propertyfinder.eg/media/images/listing/SYFAVAABFT7JFYRWR8J20APZ10/e597e658-48bf-442f-849d-d62e01ea659d/1312x894.jpg,See the details of this Apartment for Sale in The Icon Residence.,3290000
79188589,2BR Apartment for Sale in New Cairo City,https://www.propertyfinder.eg/to/Z5E7B7RD8MTKAMN72J3ZSDTJSG/en,https://static.shared.propertyfinder.eg/media/images/listing/Z5E7B7RD8MTKAMN72J3ZSDTJSG/ecd27467-83ab-46a9-b03f-51b0d5bfb150/1312x894.jpg,See the details of this Apartment for Sale in Eastown.,12600000
79188582,3BR Apartment for Sale in New Cairo City,https://www.propertyfinder.eg/to/PR4QHZ4275S2VY60KB91GCZTV0/en,https://static.shared.propertyfinder.eg/media/images/listing/PR4QHZ4275S2VY60KB91GCZTV0/d3286137-3959-4f1c-be62-821aa0c6e5c1/1312x894.jpg,See the details of this Apartment for Sale in The Icon Residence.,5600000
79188573,2BR Apartment for Sale in 6 October City,https://www.propertyfinder.eg/to/CNXY4SF7C5C5NP0R6GM2EGZHE8/en,https://static.shared.propertyfinder.eg/media/images/listing/CNXY4SF7C5C5NP0R6GM2EGZHE8/e7348b15-61af-4748-b5e5-c117ee9e6f4c/1312x894.jpg,See the details of this Apartment for Sale in O West.,4000000
79188563,2BR Chalet for Sale in Al Ain Al Sokhna,https://www.propertyfinder.eg/to/FWJW2H7WSEY7YQFEKYXJ6PR1AC/en,https://static.shared.propertyfinder.eg/media/images/listing/FWJW2H7WSEY7YQFEKYXJ6PR1AC/a4d04a77-fa29-4d05-b210-76a305c0bbb0/1312x894.jpg,See the details of this Chalet for Sale in IL Monte Galala.,5150000
79188548,2BR Chalet for Sale in Al Ain Al Sokhna,https://www.propertyfinder.eg/to/FGDAXP7YJVYXB8AKAX5CV9C92M/en,https://static.shared.propertyfinder.eg/media/images/listing/FGDAXP7YJVYXB8AKAX5CV9C92M/0dc863a2-0e18-4fda-a077-69f5062f1239/1312x894.jpg,See the details of this Chalet for Sale in Blue Blue.,6850000
79188537,2BR Apartment for Sale in New Cairo City,https://www.propertyfinder.eg/to/RKDHEQN6QZBC8E8PQGE0YCMDS8/en,https://static.shared.propertyfinder.eg/media/images/listing/RKDHEQN6QZBC8E8PQGE0YCMDS8/d65b34e8-dcf4-4482-b0ca-6fa85f11939b/1312x894.jpg,See the details of this Apartment for Sale in Mountain View iCity.,8000000
79188521,3BR Apartment for Sale in New Cairo City,https://www.propertyfinder.eg/to/1HJJSEXKBV5KH8AHEX12YMCF1C/en,https://static.shared.propertyfinder.eg/media/images/listing/1HJJSEXKBV5KH8AHEX12YMCF1C/17cc7117-8791-40a5-8ce8-52eb6e2bd0b5/1312x894.jpg,See the details of this Apartment for Sale in Mountain View iCity.,7200000
79188453,3BR Townhouse for Sale in New Cairo City,https://www.propertyfinder.eg/to/60NHT4521H5JBGMDPDR3Z0BPS4/en,https://static.shared.propertyfinder.eg/media/images/listing/60NHT4521H5JBGMDPDR3Z0BPS4/00d417a9-b4f9-4907-93bd-901e7dcbcb53/1312x894.jpg,See the details of this Townhouse for Sale in Garden Residence.,14800000
79188437,5BR Townhouse for Sale in Mostakbal City - Future City,https://www.propertyfinder.eg/to/FF5GC2DV4CRFZ99JXKXMGX0D7M/en,https://static.shared.propertyfinder.eg/media/images/listing/FF5GC2DV4CRFZ99JXKXMGX0D7M/3858cc47-da59-4dd7-a846-4636fedc295f/1312x894.jpg,See the details of this Townhouse for Sale in Green Square.,10900000
79188426,2BR Apartment for Sale in New Cairo City,https://www.propertyfinder.eg/to/DEDMD93HXJB0RAWT2JQ973BCH8/en,https://static.shared.propertyfinder.eg/media/images/listing/DEDMD93HXJB0RAWT2JQ973BCH8/ef3d627b-c072-4562-a118-9ad34e741654/1312x894.jpg,See the details of this Apartment for Sale in Regent's Square.,5200000
79188411,2BR Chalet for Sale in Qesm Ad Dabaah,https://www.propertyfinder.eg/to/YW5CX33GV7YZ95DXWCFHP5TFX4/en,https://static.shared.propertyfinder.eg/media/images/listing/YW5CX33GV7YZ95DXWCFHP5TFX4/ff0850b8-2321-4e6e-b833-7fb599943014/1312x894.jpg,See the details of this Chalet for Sale in Lasirena.,2737000
79188385,3BR Penthouse for Sale in Al Ain Al Sokhna,https://www.propertyfinder.eg/to/VWCJEGJ1P4WH8YBW5AGNN3BDWW/en,https://static.shared.propertyfinder.eg/media/images/listing/VWCJEGJ1P4WH8YBW5AGNN3BDWW/30af850e-8d7c-4283-aa53-6782edc8fafb/1312x894.jpg,See the details of this Penthouse for Sale in La Vista Topaz.,8800000
79188382,5BR Townhouse for Sale in New Cairo City,https://www.propertyfinder.eg/to/FWPN0WGZX0E8EP2C7FDZ21YF3C/en,https://static.shared.propertyfinder.eg/media/images/listing/FWPN0WGZX0E8EP2C7FDZ21YF3C/57d0d531-16f2-4bcc-ad76-a4ab7d73b38d/1312x894.jpg,See the details of this Townhouse for Sale in Azzar 2.,15000000
79188373,1BR Chalet for Sale in Al Ain Al Sokhna,https://www.propertyfinder.eg/to/5TP6HJ1DQYHRSK8HXMZW29G2GR/en,https://static.shared.propertyfinder.eg/media/images/listing/5TP6HJ1DQYHRSK8HXMZW29G2GR/edf72c84-d216-4ebb-903c-24b46919e793/1312x894.jpg,See the details of this Chalet for Sale in Aroma Residence.,4100000
79188368,2BR Apartment for Sale in New Cairo City,https://www.propertyfinder.eg/to/BWAQV0V2TDMCBNHBVDNWKNGAGG/en,https://static.shared.propertyfinder.eg/media/images/listing/BWAQV0V2TDMCBNHBVDNWKNGAGG/bc3364c5-c6dd-40aa-8acf-2578c090f167/1312x894.jpg,See the details of this Apartment for Sale in Shalya Taj City.,3027046
79188361,2BR Apartment for Sale in Ring Road,https://www.propertyfinder.eg/to/9KN45JPSC9M65F7AX7AF6PK254/en,https://static.shared.propertyfinder.eg/media/images/listing/9KN45JPSC9M65F7AX7AF6PK254/20ec731f-443d-47d0-ba09-f373b327ee1c/1312x894.jpg,See the details of this Apartment for Sale in Tag Sultan.,4700000
79188320,3BR Villa for Sale in New Cairo City,https://www.propertyfinder.eg/to/X5SBAG38DY93VQ72NCMCPNKZK4/en,https://static.shared.propertyfinder.eg/media/images/listing/X5SBAG38DY93VQ72NCMCPNKZK4/13dfa6e2-c97b-4541-850a-567cdfa845ec/1312x894.jpg,See the details of this Villa for Sale in Garden Residence.,15000000
79188178,Office for Sale in New Cairo City,https://www.propertyfinder.eg/to/Y379XMKZHWQB965AFFRDY46XTR/en,https://static.shared.propertyfinder.eg/media/images/listing/Y379XMKZHWQB965AFFRDY46XTR/dde4e769-532d-467f-8e5b-85ab0f84af40/1312x894.jpg,See the details of this Office for Sale in Trivium Business Complex.,23550000
79188151,3BR Apartment for Sale in New Cairo City,https://www.propertyfinder.eg/to/T1Q1Z9ZMV3VD9Y3PEZR0AWYRWR/en,https://static.shared.propertyfinder.eg/media/images/listing/T1Q1Z9ZMV3VD9Y3PEZR0AWYRWR/293110ea-08cc-4271-ae74-2baba2317d0d/1312x894.jpg,See the details of this Apartment for Sale in Garden Residence.,11000000
79188141,Office for Sale in New Cairo City,https://www.propertyfinder.eg/to/6RVNCAXYRHBH0N84XKPBM4GAVW/en,https://static.shared.propertyfinder.eg/media/images/listing/6RVNCAXYRHBH0N84XKPBM4GAVW/a1a464f8-1df1-4a98-b395-385b2748f5e1/1312x894.jpg,See the details of this Office for Sale in Golden Gate.,9565780
79188134,3BR Apartment for Sale in New Cairo City,https://www.propertyfinder.eg/to/H1EA7VX4A24DXHM92FT6T404CM/en,https://static.shared.propertyfinder.eg/media/images/listing/H1EA7VX4A24DXHM92FT6T404CM/bb1ed0f4-edfe-4b71-bc43-0c76d70ee61d/1312x894.jpg,See the details of this Apartment for Sale in Stone Residence.,6500000
79188123,3BR Apartment for Sale in New Cairo City,https://www.propertyfinder.eg/to/G7529CFCH5TDK60RYBVF4EP8T0/en,https://static.shared.propertyfinder.eg/media/images/listing/G7529CFCH5TDK60RYBVF4EP8T0/e7b688b8-039f-4c72-88c7-648ede3e5c84/1312x894.jpg,See the details of this Apartment for Sale in Mountain View iCity.,5800000
79188065,3BR Apartment for Sale in New Cairo City,https://www.propertyfinder.eg/to/KHXKVF157K4XSNM8C5C4C2H0P4/en,https://static.shared.propertyfinder.eg/media/images/listing/KHXKVF157K4XSNM8C5C4C2H0P4/b8284e1f-aac0-4a9f-ae39-d605a41b5960/1312x894.jpg,See the details of this Apartment for Sale in Mountain View Hyde Park.,7900000
79188050,2BR Apartment for Sale in New Cairo City,https://www.propertyfinder.eg/to/5NY5DPV2NAX8RPTDBBQ8ZVMKFC/en,https://static.shared.propertyfinder.eg/media/images/listing/5NY5DPV2NAX8RPTDBBQ8ZVMKFC/4951326f-5558-473f-9137-e6cb861c8a4c/1312x894.jpg,See the details of this Apartment for Sale in Garden Residence.,9000000
79188032,3BR Apartment for Sale in New Cairo City,https://www.propertyfinder.eg/to/EZM4XVDCDYB770M84QCT8Z26DC/en,https://static.shared.propertyfinder.eg/media/images/listing/EZM4XVDCDYB770M84QCT8Z26DC/c1b23311-da86-4f6b-96ec-2f651483a2a3/1312x894.jpg,See the details of this Apartment for Sale in The Square.,8300000
79188017,3BR Apartment for Sale in New Cairo City,https://www.propertyfinder.eg/to/8WBV7B6FPR4C9RH50AJGQJKB28/en,https://static.shared.propertyfinder.eg/media/images/listing/8WBV7B6FPR4C9RH50AJGQJKB28/bbdc56f2-a6c9-4209-856e-e62845fd63e3/1312x894.jpg,See the details of this Apartment for Sale in Regents Park.,8915987
79187996,5BR Villa for Sale in New Cairo City,https://www.propertyfinder.eg/to/8H23AXN66MMN8C1CNZT90NX7DW/en,https://static.shared.propertyfinder.eg/media/images/listing/8H23AXN66MMN8C1CNZT90NX7DW/9df1a001-03f8-4fa3-ac1c-cebb00462a02/1312x894.jpg,See the details of this Villa for Sale in Stone Park.,37500000
79187956,4BR Villa for Sale in New Cairo City,https://www.propertyfinder.eg/to/18EXES6HB4XZSGBDC332KF5THC/en,https://static.shared.propertyfinder.eg/media/images/listing/18EXES6HB4XZSGBDC332KF5THC/132006d8-88b5-4229-9244-dac350780741/1312x894.jpg,See the details of this Villa for Sale in Garden Residence.,28000000
79187910,4BR Townhouse for Sale in New Cairo City,https://www.propertyfinder.eg/to/BEJZXN2WJT11V4DBJQESW6ZK28/en,https://static.shared.propertyfinder.eg/media/images/listing/BEJZXN2WJT11V4DBJQESW6ZK28/b34fd95d-7aa1-45d9-893b-b09e81ff1808/1312x894.jpg,See the details of this Townhouse for Sale in Layan Residence.,19500000
79187900,3BR Townhouse for Sale in New Cairo City,https://www.propertyfinder.eg/to/P3BHVMVYZSPT6N1XXVKS84JDW4/en,https://static.shared.propertyfinder.eg/media/images/listing/P3BHVMVYZSPT6N1XXVKS84JDW4/d197c6f0-f299-4882-8afd-7015359b88cf/1312x894.jpg,See the details of this Townhouse for Sale in Garden Residence.,16250000
79187888,4BR Townhouse for Sale in New Cairo City,https://www.propertyfinder.eg/to/WP2BMP936P17WZWZGBC898T5D0/en,https://static.shared.propertyfinder.eg/media/images/listing/WP2BMP936P17WZWZGBC898T5D0/c0009e45-761d-45fc-96e5-22dd55dbf711/1312x894.jpg,See the details of this Townhouse for Sale in Layan Residence.,16500000
79187871,3BR Apartment for Sale in New Cairo City,https://www.propertyfinder.eg/to/1XDFA69TBS9WKCAX3PCM0B7GG4/en,https://static.shared.propertyfinder.eg/media/images/listing/1XDFA69TBS9WKCAX3PCM0B7GG4/6c9743b1-fdf6-4aed-a863-4777e9f6adb2/1312x894.jpg,See the details of this Apartment for Sale in Swan Lake Residence.,11000000
79187841,3BR Apartment for Sale in New Cairo City,https://www.propertyfinder.eg/to/X4DD14VHK2RDPV4SRXAKGX95J8/en,https://static.shared.propertyfinder.eg/media/images/listing/X4DD14VHK2RDPV4SRXAKGX95J8/ad56e9fc-bb2e-4bee-8377-cc6a0010cf1b/1312x894.jpg,See the details of this Apartment for Sale in Zed East.,7800000
79187798,3BR Twin House for Sale in New Cairo City,https://www.propertyfinder.eg/to/J8S9745D493PNFTADV79FGZ8A8/en,https://static.shared.propertyfinder.eg/media/images/listing/J8S9745D493PNFTADV79FGZ8A8/23c4e9ba-5fa2-460f-b8c8-41b3c54f42ae/1312x894.jpg,See the details of this Twin House for Sale in Al Patio 1.,35000000
79187790,3BR Apartment for Sale in New Cairo City,https://www.propertyfinder.eg/to/MAKQEXXJ5VD6652KTNBMEPD1EM/en,https://static.shared.propertyfinder.eg/media/images/listing/MAKQEXXJ5VD6652KTNBMEPD1EM/5fba8b9c-aa90-4c6c-8456-ef08b44e642b/1312x894.jpg,See the details of this Apartment for Sale in Garden Residence.,6074100
79187781,2BR Apartment for Sale in New Cairo City,https://www.propertyfinder.eg/to/R2HZY3A55SW6WBEH5TQ1SXRVN0/en,https://static.shared.propertyfinder.eg/media/images/listing/R2HZY3A55SW6WBEH5TQ1SXRVN0/c224cde8-dc1b-4634-987c-02923dded4df/1312x894.jpg,See the details of this Apartment for Sale in Garden Residence.,4075000
79187775,5BR Townhouse for Sale in New Cairo City,https://www.propertyfinder.eg/to/46EX79Q4EDVT1R85V25BZ89BGC/en,https://static.shared.propertyfinder.eg/media/images/listing/46EX79Q4EDVT1R85V25BZ89BGC/0961756b-e6ef-49c9-9036-8167af2e07a7/1312x894.jpg,See the details of this Townhouse for Sale in Azzar 2.,13850000
79187768,3BR Townhouse for Sale in New Heliopolis,https://www.propertyfinder.eg/to/Y6VYQ2Y04B9GXEJ31T1M6BJ110/en,https://static.shared.propertyfinder.eg/media/images/listing/Y6VYQ2Y04B9GXEJ31T1M6BJ110/e6706ce7-da3a-41d3-bd6d-5e2e19c46744/1312x894.jpg,See the details of this Townhouse for Sale in Sodic East.,14000000
79187763,4BR Villa for Sale in New Cairo City,https://www.propertyfinder.eg/to/RAWMZP26MB1N7V4SDB0QYZ2NZW/en,https://static.shared.propertyfinder.eg/media/images/listing/RAWMZP26MB1N7V4SDB0QYZ2NZW/b60e160d-85ae-487a-886f-ab0df247257f/1312x894.jpg,See the details of this Villa for Sale in Dyar Park.,30000000
79187755,3BR Apartment for Sale in New Cairo City,https://www.propertyfinder.eg/to/TR7Y5Q22SZR28GNQXGW61SQPN4/en,https://static.shared.propertyfinder.eg/media/images/listing/TR7Y5Q22SZR28GNQXGW61SQPN4/96b13842-983a-41a2-89b2-bd9a1ed09f97/1312x894.jpg,See the details of this Apartment for Sale in Eastown.,19500000
79187748,4BR Penthouse for Sale in New Cairo City,https://www.propertyfinder.eg/to/DC38ASE7HHQF3P74EQ5A7947GR/en,https://static.shared.propertyfinder.eg/media/images/listing/DC38ASE7HHQF3P74EQ5A7947GR/26de298e-1966-4b13-b57e-362c3399fa5f/1312x894.jpg,See the details of this Penthouse for Sale in Eastown.,24000000
79187740,3BR Apartment for Sale in New Cairo City,https://www.propertyfinder.eg/to/705PF9FS0369HJ8KX6Z2BV8374/en,https://static.shared.propertyfinder.eg/media/images/listing/705PF9FS0369HJ8KX6Z2BV8374/d1d5e739-bf91-4267-8b19-4707a1da2c16/1312x894.jpg,See the details of this Apartment for Sale in Mountain View Hyde Park.,12350000
79187730,3BR Apartment for Sale in New Cairo City,https://www.propertyfinder.eg/to/HGMQBWZH5STGMMKDWM8HG1SWGR/en,https://static.shared.propertyfinder.eg/media/images/listing/HGMQBWZH5STGMMKDWM8HG1SWGR/a82f485e-0e28-4506-abb0-b209df3d6f37/1312x894.jpg,See the details of this Apartment for Sale in Mountain View iCity.,5750000
79187724,2BR Apartment for Sale in New Cairo City,https://www.propertyfinder.eg/to/CH4QRNNSZJ7JVK82GRH4GA84BC/en,https://static.shared.propertyfinder.eg/media/images/listing/CH4QRNNSZJ7JVK82GRH4GA84BC/30c58573-1038-4838-ac43-f04a732000c8/1312x894.jpg,See the details of this Apartment for Sale in Eastown.,14000000
79187714,4BR Villa for Sale in New Cairo City,https://www.propertyfinder.eg/to/9VCN65YNZQB1HX7DQF20YXSMK4/en,https://static.shared.propertyfinder.eg/media/images/listing/9VCN65YNZQB1HX7DQF20YXSMK4/ff7561a3-0bb3-4488-80bd-af7f489d4940/1312x894.jpg,See the details of this Villa for Sale in Swan Lake Residence.,34900000
79187707,3BR Apartment for Sale in New Cairo City,https://www.propertyfinder.eg/to/04882AME9C4AZEW5K86K3DNVDG/en,https://static.shared.propertyfinder.eg/media/images/listing/04882AME9C4AZEW5K86K3DNVDG/c688ec75-2b8e-4bbe-9e70-9848e7079ce0/1312x894.jpg,See the details of this Apartment for Sale in Garden Residence.,8630000
79187695,3BR Apartment for Sale in New Cairo City,https://www.propertyfinder.eg/to/SG37RY6RMB8G867D0BK0K72R5C/en,https://static.shared.propertyfinder.eg/media/images/listing/SG37RY6RMB8G867D0BK0K72R5C/70ed6ef2-c218-41da-97b7-d5b13360b36e/1312x894.jpg,See the details of this Apartment for Sale in Mountain View Hyde Park.,9000000
79187689,5BR Townhouse for Sale in New Cairo City,https://www.propertyfinder.eg/to/N8N0304G3ZW8QHK4FXV9VPAVKC/en,https://static.shared.propertyfinder.eg/media/images/listing/N8N0304G3ZW8QHK4FXV9VPAVKC/36e50c4e-9e42-44fa-89ef-f1e1da0546a5/1312x894.jpg,See the details of this Townhouse for Sale in Katameya Gardens.,16500000
79187681,4BR Villa for Sale in New Cairo City,https://www.propertyfinder.eg/to/659DBJX6GXZ0X6FSRDWRNHN884/en,https://static.shared.propertyfinder.eg/media/images/listing/659DBJX6GXZ0X6FSRDWRNHN884/990f6545-e800-440e-86a0-1f7eee5ae4ff/1312x894.jpg,See the details of this Villa for Sale in Garden Residence.,23000000
79187669,3BR Villa for Sale in New Cairo City,https://www.propertyfinder.eg/to/1WTWV1NZY6R1FZT3TY3WSDXRHW/en,https://static.shared.propertyfinder.eg/media/images/listing/1WTWV1NZY6R1FZT3TY3WSDXRHW/c9cea545-7147-4897-a73b-abf51015ab9a/1312x894.jpg,See the details of this Villa for Sale in Palm Hills New Cairo.,22500000
79187568,2BR Apartment for Sale in New Cairo City,https://www.propertyfinder.eg/to/RJNJRYD485TYG4HC9YJK1B6B00/en,https://static.shared.propertyfinder.eg/media/images/listing/RJNJRYD485TYG4HC9YJK1B6B00/febf8bb0-09e5-4ac8-839c-f56d4080b25f/1312x894.jpg,See the details of this Apartment for Sale in Eastown.,12800000
79187489,3BR Apartment for Sale in New Cairo City,https://www.propertyfinder.eg/to/G3X3YFHTKMJSP9QS0GP8NETEQR/en,https://static.shared.propertyfinder.eg/media/images/listing/G3X3YFHTKMJSP9QS0GP8NETEQR/5e4672fa-48cb-49f6-a877-61df2833474c/1312x894.jpg,See the details of this Apartment for Sale in Garden Residence.,6900000
79187473,4BR Villa for Sale in Sheikh Zayed City,https://www.propertyfinder.eg/to/NJFBGE227F86ABRPWBSM6YJ0ZW/en,https://static.shared.propertyfinder.eg/media/images/listing/NJFBGE227F86ABRPWBSM6YJ0ZW/e875201c-4dc8-4812-9f6d-6874a86d958e/1312x894.jpg,See the details of this Villa for Sale in Patio Al Zahraa.,6950000
79187467,2BR Chalet for Sale in Ras Al Hekma,https://www.propertyfinder.eg/to/2HW1CN082VFWVTYA1W2Z19ZQ5W/en,https://static.shared.propertyfinder.eg/media/images/listing/2HW1CN082VFWVTYA1W2Z19ZQ5W/9ac31fe0-43a6-43a2-8835-804e250abe24/1312x894.jpg,See the details of this Chalet for Sale in Modon Abu Dhabi.,15500000
79187434,3BR Chalet for Sale in Al Alamein,https://www.propertyfinder.eg/to/HJXPZZETQ3XFZKEG27SPE8KB1R/en,https://static.shared.propertyfinder.eg/media/images/listing/HJXPZZETQ3XFZKEG27SPE8KB1R/9d061fb9-a7e5-4b88-860b-481e97f9d148/1312x894.jpg,See the details of this Chalet for Sale in Downtown.,8905000
79187430,2BR Apartment for Sale in Mostakbal City - Future City,https://www.propertyfinder.eg/to/N9GGBKZB1W6KMX15NKCXJ5MMYW/en,https://static.shared.propertyfinder.eg/media/images/listing/N9GGBKZB1W6KMX15NKCXJ5MMYW/c739ee58-fc23-4df9-857e-f9a4010abf58/1312x894.jpg,See the details of this Apartment for Sale in HAP Town.,3932226
79187427,3BR Apartment for Sale in New Cairo City,https://www.propertyfinder.eg/to/67S8KY2T0KMDW7294B91197A40/en,https://static.shared.propertyfinder.eg/media/images/listing/67S8KY2T0KMDW7294B91197A40/2ea6e9e2-18da-40dc-b3c0-b7cbce449219/1312x894.jpg,See the details of this Apartment for Sale in Eastown.,15000000
79187412,2BR Apartment for Sale in New Cairo City,https://www.propertyfinder.eg/to/7PB02YHB2CFBFSYSVEF0RE7VM0/en,https://static.shared.propertyfinder.eg/media/images/listing/7PB02YHB2CFBFSYSVEF0RE7VM0/be85e54f-64c9-4d64-8a77-c81290306333/1312x894.jpg,See the details of this Apartment for Sale in District 5.,8250000
79187411,5BR Twin House for Sale in New Heliopolis,https://www.propertyfinder.eg/to/601NJFRQ5E257DHME16RK30AQ0/en,https://static.shared.propertyfinder.eg/media/images/listing/601NJFRQ5E257DHME16RK30AQ0/48b64828-49b2-4362-a0de-f45a654bfd16/1312x894.jpg,See the details of this Twin House for Sale in Sodic East.,12590000
79187410,3BR Apartment for Sale in New Cairo City,https://www.propertyfinder.eg/to/5F8T2DC3HBTN7V7WRYPR4ES0FC/en,https://static.shared.propertyfinder.eg/media/images/listing/5F8T2DC3HBTN7V7WRYPR4ES0FC/5d0c83ea-9706-45b0-a4f9-baa6f9d9d18c/1312x894.jpg,See the details of this Apartment for Sale in Eastown.,14000000
79187407,4BR Townhouse for Sale in New Heliopolis,https://www.propertyfinder.eg/to/972N05R43E5GK4FEDFQNCX99Y8/en,https://static.shared.propertyfinder.eg/media/images/listing/972N05R43E5GK4FEDFQNCX99Y8/63a76341-5d43-4224-902f-4b3833d460ba/1312x894.jpg,See the details of this Townhouse for Sale in Sodic East.,12072000
79187392,2BR Townhouse for Sale in New Cairo City,https://www.propertyfinder.eg/to/APHDRXJVFAJGB2D689C6DP467G/en,https://static.shared.propertyfinder.eg/media/images/listing/APHDRXJVFAJGB2D689C6DP467G/b4ad2a7b-7dde-4cc0-844e-2622df2d7fa4/1312x894.jpg,See the details of this Townhouse for Sale in Garden Residence.,15000000
79187382,3BR Chalet for Sale in Ras Al Hekma,https://www.propertyfinder.eg/to/YNGNQ62CA8RJ09X7CAEXJWEA3G/en,https://static.shared.propertyfinder.eg/media/images/listing/YNGNQ62CA8RJ09X7CAEXJWEA3G/e1a101c6-056f-4b43-9497-abf801efc69c/1312x894.jpg,See the details of this Chalet for Sale in June.,12600000
79187375,3BR Apartment for Sale in New Cairo City,https://www.propertyfinder.eg/to/2H8WXVJJXJ32PC8X739VBBPD80/en,https://static.shared.propertyfinder.eg/media/images/listing/2H8WXVJJXJ32PC8X739VBBPD80/801388e5-cd70-4952-adcf-116e904ef154/1312x894.jpg,See the details of this Apartment for Sale in Garden Residence.,15700000
79187370,3BR Chalet for Sale in Ras Al Hekma,https://www.propertyfinder.eg/to/R9VCDYADX7BSMBHPZNNGV2C0A4/en,https://static.shared.propertyfinder.eg/media/images/listing/R9VCDYADX7BSMBHPZNNGV2C0A4/c7509dd0-15be-482d-ba14-49fddb8a8c7e/1312x894.jpg,See the details of this Chalet for Sale in June.,12600000
79187362,3BR Townhouse for Sale in New Cairo City,https://www.propertyfinder.eg/to/WDKP1WH2BYRF56S5B2RJ5G19DC/en,https://static.shared.propertyfinder.eg/media/images/listing/WDKP1WH2BYRF56S5B2RJ5G19DC/5a2534f5-b23e-4846-9d2e-2bdbbeff70fa/1312x894.jpg,See the details of this Townhouse for Sale in Palm Hills New Cairo.,11000000
79187338,4BR Twin House for Sale in New Capital City,https://www.propertyfinder.eg/to/7805GSMWN69RWR7T28SHXGRK94/en,https://static.shared.propertyfinder.eg/media/images/listing/7805GSMWN69RWR7T28SHXGRK94/629d114b-8b81-428f-9fc1-94d046c2aa4e/1312x894.jpg,See the details of this Twin House for Sale in La Vista City.,19000000
79187313,3BR Duplex for Sale in New Cairo City,https://www.propertyfinder.eg/to/EGBHNRTEAE1GQRMDJVP0R86JSM/en,https://static.shared.propertyfinder.eg/media/images/listing/EGBHNRTEAE1GQRMDJVP0R86JSM/d7ece31b-475f-4615-9c3c-1450d8acd887/1312x894.jpg,See the details of this Duplex for Sale in Zed East.,13400000
79187307,3BR Apartment for Sale in Mostakbal City - Future City,https://www.propertyfinder.eg/to/6WHJYZW37ZD3GJ8F9BK50DHJQG/en,https://static.shared.propertyfinder.eg/media/images/listing/6WHJYZW37ZD3GJ8F9BK50DHJQG/68a35dec-3a97-4683-9fa4-fd7690cce3eb/1312x894.jpg,See the details of this Apartment for Sale in Central Park.,3330000
79187290,3BR Apartment for Sale in New Cairo City,https://www.propertyfinder.eg/to/YEM2H8Q7C6PH7KJ1YNTK5RXVEG/en,https://static.shared.propertyfinder.eg/media/images/listing/YEM2H8Q7C6PH7KJ1YNTK5RXVEG/4476b209-8c25-4c79-9506-3757db774cf7/1312x894.jpg,See the details of this Apartment for Sale in Garden Residence.,11400000
79186835,3BR Apartment for Sale in Mostakbal City - Future City,https://www.propertyfinder.eg/to/HQXN2CPX94GX1DQ1ZXWB1MGDWC/en,https://static.shared.propertyfinder.eg/media/images/listing/HQXN2CPX94GX1DQ1ZXWB1MGDWC/3fdd9fd5-143d-46ff-b78a-abdd6dd8c8a4/1312x894.jpg,See the details of this Apartment for Sale in Bloomfields.,5245000
79186829,3BR Townhouse for Sale in Sheikh Zayed City,https://www.propertyfinder.eg/to/BYYB3RSP053PN48CNW3TAYMBG4/en,https://static.shared.propertyfinder.eg/media/images/listing/BYYB3RSP053PN48CNW3TAYMBG4/5ef8396b-d594-49f8-b1f3-2a3d982affa8/1312x894.jpg,See the details of this Townhouse for Sale in Lugar.,4600000
79186823,2BR Apartment for Sale in Mostakbal City - Future City,https://www.propertyfinder.eg/to/8DE8A56VB087SGS30JRRBASWSM/en,https://static.shared.propertyfinder.eg/media/images/listing/8DE8A56VB087SGS30JRRBASWSM/a54e748c-8367-4e8c-a455-88a02507561d/1312x894.jpg,See the details of this Apartment for Sale in Capital Gardens   Palm Hills.,3200000
79186814,3BR Apartment for Sale in New Cairo City,https://www.propertyfinder.eg/to/W9ZFM2JE8QGEGYNXPKTNPJF3PC/en,https://static.shared.propertyfinder.eg/media/images/listing/W9ZFM2JE8QGEGYNXPKTNPJF3PC/0a3b29c3-bffb-4861-bb80-4ac9cf7d19a4/1312x894.jpg,See the details of this Apartment for Sale in Park View.,7000000
79186805,4BR Apartment for Sale in New Cairo City,https://www.propertyfinder.eg/to/WJYBC5D3G5TK27XP5AMGJB82S0/en,https://static.shared.propertyfinder.eg/media/images/listing/WJYBC5D3G5TK27XP5AMGJB82S0/2b931ba7-385c-4316-b710-37eb948a51bd/1312x894.jpg,See the details of this Apartment for Sale in Flowers Park.,8000000
79186795,3BR Townhouse for Sale in New Cairo City,https://www.propertyfinder.eg/to/1VZJJ4CKG44S5WT5WY1XNJC9JR/en,https://static.shared.propertyfinder.eg/media/images/listing/1VZJJ4CKG44S5WT5WY1XNJC9JR/8e9f8761-218f-4002-9ec9-b46995572be5/1312x894.jpg,See the details of this Townhouse for Sale in Palm Hills New Cairo.,16000000
79186783,3BR Apartment for Sale in New Cairo City,https://www.propertyfinder.eg/to/BXHSN44F5ZQZWEF9XK0PNDCPF4/en,https://static.shared.propertyfinder.eg/media/images/listing/BXHSN44F5ZQZWEF9XK0PNDCPF4/cb566770-cebb-449a-a7b6-2ec86f39db89/1312x894.jpg,See the details of this Apartment for Sale in Palm Hills New Cairo.,7000000
79186765,4BR Townhouse for Sale in New Capital City,https://www.propertyfinder.eg/to/3A8G8373RVA3E2YRSNCAP083B8/en,https://static.shared.propertyfinder.eg/media/images/listing/3A8G8373RVA3E2YRSNCAP083B8/f922a815-29c1-498d-9f63-dee851007f8b/1312x894.jpg,See the details of this Townhouse for Sale in La Vista City.,16500000
79186729,3BR Apartment for Sale in New Cairo City,https://www.propertyfinder.eg/to/WME67AQSP4Q7FCJ85AX9EYT4HW/en,https://static.shared.propertyfinder.eg/media/images/listing/WME67AQSP4Q7FCJ85AX9EYT4HW/457b042e-0ca9-4c5f-97d7-65050d0753db/1312x894.jpg,See the details of this Apartment for Sale in Mountain View 1.1.,7000000
79186708,4BR iVilla for Sale in New Cairo City,https://www.propertyfinder.eg/to/X2F3TAWWJWMRWRE5TRCD14YRAM/en,https://static.shared.propertyfinder.eg/media/images/listing/X2F3TAWWJWMRWRE5TRCD14YRAM/29d2be57-3802-40c6-8bc2-f239dcab93ca/1312x894.jpg,See the details of this iVilla for Sale in Mountain View Hyde Park.,14500000
79186630,5BR Villa for Sale in New Capital City,https://www.propertyfinder.eg/to/VVF8WT10B2YKBDH1XX2XAHG748/en,https://static.shared.propertyfinder.eg/media/images/listing/VVF8WT10B2YKBDH1XX2XAHG748/2e77b947-1c92-422d-ac2c-8292a2db2a15/1312x894.jpg,See the details of this Villa for Sale in Al Maqsad.,13350000
79186590,3BR Townhouse for Sale in Qesm Ad Dabaah,https://www.propertyfinder.eg/to/284E9YEZARAR6F0G2P73TAM7WR/en,https://static.shared.propertyfinder.eg/media/images/listing/284E9YEZARAR6F0G2P73TAM7WR/525fae13-c806-4976-9c73-6d79cd9297a4/1312x894.jpg,See the details of this Townhouse for Sale in LVLS By Mountain View.,10300000
79186577,4BR Apartment for Sale in New Cairo City,https://www.propertyfinder.eg/to/5JKR6G79508T10JDSVFWCQR178/en,https://static.shared.propertyfinder.eg/media/images/listing/5JKR6G79508T10JDSVFWCQR178/3e663ac7-009f-4164-bc3b-9c8670099de1/1312x894.jpg,See the details of this Apartment for Sale in Midtown.,12000000
79186440,3BR Apartment for Sale in New Capital City,https://www.propertyfinder.eg/to/P8PY4AFFDVVTTQDDRZVJE6H6VR/en,https://static.shared.propertyfinder.eg/media/images/listing/P8PY4AFFDVVTTQDDRZVJE6H6VR/2fcb1a98-3663-4b12-9a48-8b6a616d9389/1312x894.jpg,See the details of this Apartment for Sale in De Joya 2.,6133000
78931530,3BR Chalet for Sale in Qesm Ad Dabaah,https://www.propertyfinder.eg/to/XQF0BZ7HNVHY85S54QJ9HW34AC/en,https://static.shared.propertyfinder.eg/media/images/listing/XQF0BZ7HNVHY85S54QJ9HW34AC/cce53c4b-be2b-4b95-b073-f3c671cf7959/1312x894.jpg,See the details of this Chalet for Sale in Swan Lake North Coast.,20000000
78931527,Studio Cabin for Sale in Qesm Ad Dabaah,https://www.propertyfinder.eg/to/X3WKMXEY7JXZ9C0EEDAB347TDG/en,https://static.shared.propertyfinder.eg/media/images/listing/X3WKMXEY7JXZ9C0EEDAB347TDG/4ab2cbec-3be7-46ff-9ded-acc198353fda/1312x894.jpg,See the details of this Cabin for Sale in Swan Lake North Coast.,5300000
78931526,4BR Chalet for Sale in Qesm Marsa Matrouh,https://www.propertyfinder.eg/to/MYR381MYVGQ91T6QY3XMVJKMF0/en,https://static.shared.propertyfinder.eg/media/images/listing/MYR381MYVGQ91T6QY3XMVJKMF0/3102c9db-0557-4e03-96fe-56a361fdd692/1312x894.jpg,See the details of this Chalet for Sale in Silver Sands.,24008800
78931524,3BR Chalet for Sale in Qesm Ad Dabaah,https://www.propertyfinder.eg/to/AW3YD12W3BVR8Z223WW5RTAXF0/en,https://static.shared.propertyfinder.eg/media/images/listing/AW3YD12W3BVR8Z223WW5RTAXF0/25c6af83-b9ae-4d88-b966-ba40c1ff5469/1312x894.jpg,See the details of this Chalet for Sale in Swan Lake North Coast.,17995000
78931504,3BR Chalet for Sale in Qesm Ad Dabaah,https://www.propertyfinder.eg/to/2RSAAAASCQ9Y1YN80F4DGQSZW0/en,https://static.shared.propertyfinder.eg/media/images/listing/2RSAAAASCQ9Y1YN80F4DGQSZW0/79cf2c6e-a716-4e56-a79d-4375cfc5e887/1312x894.jpg,See the details of this Chalet for Sale in Swan Lake North Coast.,19500000
78931498,3BR Chalet for Sale in Qesm Ad Dabaah,https://www.propertyfinder.eg/to/0WMZTGNSC91SXCE5XQB540V27M/en,https://static.shared.propertyfinder.eg/media/images/listing/0WMZTGNSC91SXCE5XQB540V27M/08281108-ca16-4bb6-a729-d3db6c17a705/1312x894.jpg,See the details of this Chalet for Sale in Swan Lake North Coast.,22500000
78931492,4BR Twin House for Sale in Qesm Ad Dabaah,https://www.propertyfinder.eg/to/J1T8SN6GF1JP02MQQNXFXMJF2W/en,https://static.shared.propertyfinder.eg/media/images/listing/J1T8SN6GF1JP02MQQNXFXMJF2W/e6c88769-59c4-488d-af38-f69181975303/1312x894.jpg,See the details of this Twin House for Sale in Swan Lake North Coast.,36500000
78931489,3BR Chalet for Sale in Qesm Marsa Matrouh,https://www.propertyfinder.eg/to/PZXFDQW7YSAV9J459BXQYHTE74/en,https://static.shared.propertyfinder.eg/media/images/listing/PZXFDQW7YSAV9J459BXQYHTE74/26518c3a-ae76-4bb0-ac12-74645406e94c/1312x894.jpg,See the details of this Chalet for Sale in Almaza Bay.,24000000
78931482,3BR Chalet for Sale in Qesm Ad Dabaah,https://www.propertyfinder.eg/to/6812X05SJ5E944X6BDQET8CTWC/en,https://static.shared.propertyfinder.eg/media/images/listing/6812X05SJ5E944X6BDQET8CTWC/45c6e583-dbdc-483c-84d5-b107f2a29c9d/1312x894.jpg,See the details of this Chalet for Sale in Swan Lake North Coast.,20500000
78931091,5BR Chalet for Sale in Sidi Abdel Rahman,https://www.propertyfinder.eg/to/5B1T92TTQQYENQN1AQ17KFRB6C/en,https://static.shared.propertyfinder.eg/media/images/listing/5B1T92TTQQYENQN1AQ17KFRB6C/23ba6e7a-748b-4379-9210-c8c78ba91014/1312x894.jpg,See the details of this Chalet for Sale in Hacienda White.,32000000
78928424,3BR Villa for Sale in Hurghada,https://www.propertyfinder.eg/to/D3K194C3JTJP9SNWPD8AR5KNKM/en,https://static.shared.propertyfinder.eg/media/images/listing/D3K194C3JTJP9SNWPD8AR5KNKM/f10e9193-f8b9-41a8-9007-27c1dc95c961/1312x894.jpg,See the details of this Villa for Sale in Mangroovy Residence.,16990000
78924337,4BR Villa for Sale in Sheikh Zayed City,https://www.propertyfinder.eg/to/FRBR7B8909671ZPPYETG7ZRN5G/en,https://static.shared.propertyfinder.eg/media/images/listing/FRBR7B8909671ZPPYETG7ZRN5G/ccfb57ff-3b2a-4180-b4bb-daeb3a762a5d/1312x894.jpg,See the details of this Villa for Sale in Rivers.,14890000
78924333,4BR Villa for Sale in Qesm Marsa Matrouh,https://www.propertyfinder.eg/to/B0G7D4B0WEPDQS4939WYY5G7N0/en,https://static.shared.propertyfinder.eg/media/images/listing/B0G7D4B0WEPDQS4939WYY5G7N0/2378e0d4-6a22-4c48-b22c-778d3ac62d3c/1312x894.jpg,See the details of this Villa for Sale in Hacienda Heneish.,43670000
78923969,Studio Apartment for Sale in Mostakbal City - Future City,https://www.propertyfinder.eg/to/G6PWG2FH1B1PERT9ANRPYYKN44/en,https://static.shared.propertyfinder.eg/media/images/listing/G6PWG2FH1B1PERT9ANRPYYKN44/7e3d706b-6598-4b94-8314-066a7fba4984/1312x894.jpg,See the details of this Apartment for Sale in Esse Residence.,6002000
78923683,3BR Villa for Sale in New Heliopolis,https://www.propertyfinder.eg/to/KSXJW9R5G6D2Q2GG1E8YDAPKH4/en,https://static.shared.propertyfinder.eg/media/images/listing/KSXJW9R5G6D2Q2GG1E8YDAPKH4/7e89c8c3-5744-42fe-9ca5-0464a7db0555/1312x894.jpg,See the details of this Villa for Sale in Talala.,6127000
78670366,2BR Apartment for Sale in Shorouk City,https://www.propertyfinder.eg/to/4H0JJGPG9CHPAMVVWAEVWA47FG/en,https://static.shared.propertyfinder.eg/media/images/listing/4H0JJGPG9CHPAMVVWAEVWA47FG/85b43b40-9c89-4e39-b792-376d3faa169f/1312x894.jpg,See the details of this Apartment for Sale in Aljar.,5028000
78670363,4BR Villa for Sale in Mostakbal City - Future City,https://www.propertyfinder.eg/to/DQCQG69TTFC2F75HWZ7ZAQRCYR/en,https://static.shared.propertyfinder.eg/media/images/listing/DQCQG69TTFC2F75HWZ7ZAQRCYR/34a24d04-bd4d-4297-ae7d-4ced7cbc6dbc/1312x894.jpg,See the details of this Villa for Sale in Sarai.,1850000
78670342,3BR Apartment for Sale in New Cairo City,https://www.propertyfinder.eg/to/C37WZSW1VJ8FVGZZ0BEYZT5R60/en,https://static.shared.propertyfinder.eg/media/images/listing/C37WZSW1VJ8FVGZZ0BEYZT5R60/7832f20b-36ec-432b-834d-45ef5f93a077/1312x894.jpg,See the details of this Apartment for Sale in Mountain View iCity.,8250000
78670300,6BR Villa for Sale in New Heliopolis,https://www.propertyfinder.eg/to/X8DR2H30CDJ8T7MHC7E0NMBEDW/en,https://static.shared.propertyfinder.eg/media/images/listing/X8DR2H30CDJ8T7MHC7E0NMBEDW/133e5c21-7e81-4ebf-af45-84fa6e86264a/1312x894.jpg,See the details of this Villa for Sale in Talala.,24000000
78670283,3BR Apartment for Sale in Madinaty,https://www.propertyfinder.eg/to/HP5EM8JP1E78M2M4RR69MZPDG4/en,https://static.shared.propertyfinder.eg/media/images/listing/HP5EM8JP1E78M2M4RR69MZPDG4/ae1e9f04-bd1c-4f13-961f-b71b878ec1a7/1312x894.jpg,See the details of this Apartment for Sale in Privado.,8739000
78670269,3BR Apartment for Sale in New Cairo City,https://www.propertyfinder.eg/to/WAQNRM8VA9Z67ZES1J37Q4E318/en,https://static.shared.propertyfinder.eg/media/images/listing/WAQNRM8VA9Z67ZES1J37Q4E318/3c3187b0-59fc-460b-81a8-ecf82ae21e1b/1312x894.jpg,See the details of this Apartment for Sale in JAYD Residence.,12500000
78670253,3BR Villa for Sale in New Capital City,https://www.propertyfinder.eg/to/1ZERRTZ8PK6RQ5W8Q8P4X4BCSW/en,https://static.shared.propertyfinder.eg/media/images/listing/1ZERRTZ8PK6RQ5W8Q8P4X4BCSW/5e6830d1-3b92-4c8a-9c05-54b51b929b6e/1312x894.jpg,See the details of this Villa for Sale in La Vista City.,25000000
78670247,4BR Villa for Sale in 6 October City,https://www.propertyfinder.eg/to/GK54RVMHVD2A4135NB5PDR812W/en,https://static.shared.propertyfinder.eg/media/images/listing/GK54RVMHVD2A4135NB5PDR812W/691f72ec-c33b-45ee-bd9a-0c97694eb0fe/1312x894.jpg,See the details of this Villa for Sale in O West.,48534550
78670244,3BR Townhouse for Sale in New Heliopolis,https://www.propertyfinder.eg/to/1HT1JBT57XRYX2JDYD596AAWFC/en,https://static.shared.propertyfinder.eg/media/images/listing/1HT1JBT57XRYX2JDYD596AAWFC/b5a9e7a5-c7af-428e-a25f-e3a57f6071d2/1312x894.jpg,See the details of this Townhouse for Sale in Sodic East.,39000000
78670223,5BR Townhouse for Sale in New Cairo City,https://www.propertyfinder.eg/to/6MSRYPH65P8RS56D7A6ZENCMSG/en,https://static.shared.propertyfinder.eg/media/images/listing/6MSRYPH65P8RS56D7A6ZENCMSG/e55d98b1-ba71-4dfa-829c-87d78c72be9f/1312x894.jpg,See the details of this Townhouse for Sale in City Gate.,23000000
78669811,2BR Apartment for Sale in New Cairo City,https://www.propertyfinder.eg/to/5S4T2J2W23KZAXA57B9H1HDKVM/en,https://static.shared.propertyfinder.eg/media/images/listing/5S4T2J2W23KZAXA57B9H1HDKVM/af6d16c9-2f1a-49c5-9ed9-88025353935f/1312x894.jpg,See the details of this Apartment for Sale in Lake View Residence.,12000000
78669149,6BR Villa for Sale in New Cairo City,https://www.propertyfinder.eg/to/XS7N7KN6A23N4TCS6GQJTQ2A8W/en,https://static.shared.propertyfinder.eg/media/images/listing/XS7N7KN6A23N4TCS6GQJTQ2A8W/e171c15d-7f14-429f-acd7-79e28473a3f0/1312x894.jpg,See the details of this Villa for Sale in The Lakeview Boutique Villas.,35000000
78668361,4BR Townhouse for Sale in New Capital City,https://www.propertyfinder.eg/to/YGQVFVRDE6PPRXP6YKZCRV1BSM/en,https://static.shared.propertyfinder.eg/media/images/listing/YGQVFVRDE6PPRXP6YKZCRV1BSM/5bd8d861-c613-49f1-a288-26425ebe4352/1312x894.jpg,See the details of this Townhouse for Sale in Bleu Vert.,14500000
78668190,2BR Chalet for Sale in Ras Al Hekma,https://www.propertyfinder.eg/to/92XVM4PSN28TT08QY584V3RFWR/en,https://static.shared.propertyfinder.eg/media/images/listing/92XVM4PSN28TT08QY584V3RFWR/589ee186-e09c-42c6-94d3-2db09f888d06/1312x894.jpg,See the details of this Chalet for Sale in Marseilia Beach 5.,9000000
78667503,5BR Villa for Sale in Sheikh Zayed City,https://www.propertyfinder.eg/to/EXKTMMKW2FCPJEAWSWN4GS718G/en,https://static.shared.propertyfinder.eg/media/images/listing/EXKTMMKW2FCPJEAWSWN4GS718G/a21e0585-5c8f-455e-b704-848428e9f2b2/1312x894.jpg,See the details of this Villa for Sale in The Estates.,7000000
78667496,4BR Villa for Sale in 6 October City,https://www.propertyfinder.eg/to/8SASW3P1PP02SH4ZDD9CDKDSPC/en,https://static.shared.propertyfinder.eg/media/images/listing/8SASW3P1PP02SH4ZDD9CDKDSPC/4f44a81d-e95b-454b-9907-c5c4b8d50a05/1312x894.jpg,See the details of this Villa for Sale in Mountain View iCity October.,7000000
78667489,3BR Apartment for Sale in Sheikh Zayed City,https://www.propertyfinder.eg/to/AH8234F4RHKXPXKC63KRYKP9ZM/en,https://static.shared.propertyfinder.eg/media/images/listing/AH8234F4RHKXPXKC63KRYKP9ZM/26e346ef-2a6e-4be6-be97-8a122bf95674/1312x894.jpg,See the details of this Apartment for Sale in Allegria.,6800000
78667283,2BR Apartment for Sale in Sheikh Zayed City,https://www.propertyfinder.eg/to/MVT8V1WN7EERF7WPAA3WB4B7PG/en,https://static.shared.propertyfinder.eg/media/images/listing/MVT8V1WN7EERF7WPAA3WB4B7PG/de42f809-a51a-407f-bce8-e5baf873b668/1312x894.jpg,See the details of this Apartment for Sale in Six West.,6900000
78667259,5BR Villa for Sale in Sheikh Zayed City,https://www.propertyfinder.eg/to/HJW5SGSKXHTD9KZSNMKA0GQT4M/en,https://static.shared.propertyfinder.eg/media/images/listing/HJW5SGSKXHTD9KZSNMKA0GQT4M/336527e0-2541-4ab3-b7d3-1d9354ad9b9c/1312x894.jpg,See the details of this Villa for Sale in Etapa.,6970000
78667257,3BR Apartment for Sale in 6 October City,https://www.propertyfinder.eg/to/5Q0QNANXKA7WA7V397MZKXQ09W/en,https://static.shared.propertyfinder.eg/media/images/listing/5Q0QNANXKA7WA7V397MZKXQ09W/3c010cdb-0e46-4472-8b9e-7a16f2e0ea4e/1312x894.jpg,See the details of this Apartment for Sale in O West.,6150000
78667193,3BR Apartment for Sale in Sheikh Zayed City,https://www.propertyfinder.eg/to/HHAHTZ7YNV5JBVGAQ92EV8RNFW/en,https://static.shared.propertyfinder.eg/media/images/listing/HHAHTZ7YNV5JBVGAQ92EV8RNFW/bb90d58b-c6e9-455e-a133-69022d0f62df/1312x894.jpg,See the details of this Apartment for Sale in Village West.,6950000
78666667,5BR Townhouse for Sale in 6 October City,https://www.propertyfinder.eg/to/V31VMMAG5HK9NNA2E5NGACH75G/en,https://static.shared.propertyfinder.eg/media/images/listing/V31VMMAG5HK9NNA2E5NGACH75G/eca03156-cef9-43da-acc6-209063495e78/1312x894.jpg,See the details of this Townhouse for Sale in Mountain View 4.,30000000
78666400,1BR Chalet for Sale in Al Ain Al Sokhna,https://www.propertyfinder.eg/to/TGG38R04SE4JTRSRZCRSZCDEMC/en,https://static.shared.propertyfinder.eg/media/images/listing/TGG38R04SE4JTRSRZCRSZCDEMC/5cb7e50a-0153-4c11-9dd5-648a0f132d96/1312x894.jpg,See the details of this Chalet for Sale in Malibu.,4000000
78666222,2BR Apartment for Sale in 6 October City,https://www.propertyfinder.eg/to/GV4DQVHPFVHHSEARE0A13R3VX8/en,https://static.shared.propertyfinder.eg/media/images/listing/GV4DQVHPFVHHSEARE0A13R3VX8/f3abdbaf-cd74-4a29-9e87-684c1b12ea86/1312x894.jpg,See the details of this Apartment for Sale in O West.,5628451
78666145,2BR Chalet for Sale in Qesm Ad Dabaah,https://www.propertyfinder.eg/to/RF9VHCKHB3HJ48E8BFMM405RY8/en,https://static.shared.propertyfinder.eg/media/images/listing/RF9VHCKHB3HJ48E8BFMM405RY8/215fb59b-c6da-4e45-bbdc-110d48ac6cc2/1312x894.jpg,See the details of this Chalet for Sale in Lasirena.,11500000
78666019,2BR Chalet for Sale in Ras Al Hekma,https://www.propertyfinder.eg/to/PNJWDFHHNWD758DHEWPDM7PWSG/en,https://static.shared.propertyfinder.eg/media/images/listing/PNJWDFHHNWD758DHEWPDM7PWSG/04e354dc-f3ae-4ff1-a864-92ac218e53fe/1312x894.jpg,See the details of this Chalet for Sale in Marseilia Beach 5.,12000000
78665765,4BR Villa for Sale in 6 October City,https://www.propertyfinder.eg/to/VSD79GK6NC5J26GH7EZZ9PAV54/en,https://static.shared.propertyfinder.eg/media/images/listing/VSD79GK6NC5J26GH7EZZ9PAV54/9572c936-6e36-44d1-94ca-8ee51c0233b5/1312x894.jpg,See the details of this Villa for Sale in O West.,28250000
78665672,2BR Chalet for Sale in Ras Al Hekma,https://www.propertyfinder.eg/to/2S686WH1KZZJFAHV235NNPTB4C/en,https://static.shared.propertyfinder.eg/media/images/listing/2S686WH1KZZJFAHV235NNPTB4C/e98f3b30-c41c-4d2f-8d3d-5dde1b3cdc08/1312x894.jpg,See the details of this Chalet for Sale in Naia bay.,15000000
78665670,1BR Chalet for Sale in Ras Al Hekma,https://www.propertyfinder.eg/to/XASCB4XR2TQXJ0N42S6CTE83PC/en,https://static.shared.propertyfinder.eg/media/images/listing/XASCB4XR2TQXJ0N42S6CTE83PC/e4214a2e-95a6-41c0-9445-8664c7852cab/1312x894.jpg,See the details of this Chalet for Sale in Naia bay.,8600000
78665608,2BR Chalet for Sale in Ras Al Hekma,https://www.propertyfinder.eg/to/VC7V41SRA8Y6GKVQA1VS6JRBW8/en,https://static.shared.propertyfinder.eg/media/images/listing/VC7V41SRA8Y6GKVQA1VS6JRBW8/3767472e-06d5-41e6-a17a-c3b85817a017/1312x894.jpg,See the details of this Chalet for Sale in Koun.,6300000
78665604,Studio Chalet for Sale in Al Alamein,https://www.propertyfinder.eg/to/YT3QEJGKQFB2GE1PD0YFEETJDM/en,https://static.shared.propertyfinder.eg/media/images/listing/YT3QEJGKQFB2GE1PD0YFEETJDM/1ced9403-2155-483b-86b5-a7634f428426/1312x894.jpg,See the details of this Chalet for Sale in North Edge Towers.,3000000
78665601,3BR Penthouse for Sale in Ras Al Hekma,https://www.propertyfinder.eg/to/K3H28MQ8VB9BDM1XYT9N2GC6TG/en,https://static.shared.propertyfinder.eg/media/images/listing/K3H28MQ8VB9BDM1XYT9N2GC6TG/1f3d85e6-a251-433c-9347-da9c2fbc4c1f/1312x894.jpg,See the details of this Penthouse for Sale in Gaia.,5300000
78665599,5BR Townhouse for Sale in Ras Al Hekma,https://www.propertyfinder.eg/to/GE1P9K6PP4Y1YP7ZVSD3MWA6W4/en,https://static.shared.propertyfinder.eg/media/images/listing/GE1P9K6PP4Y1YP7ZVSD3MWA6W4/af20f50b-e7c1-4340-8d6d-f3b10660feed/1312x894.jpg,See the details of this Townhouse for Sale in Naia bay.,6200000
78665527,2BR Chalet for Sale in Ras Al Hekma,https://www.propertyfinder.eg/to/PW4GG72MXZ3K9YJJZJ5JVJ2A9C/en,https://static.shared.propertyfinder.eg/media/images/listing/PW4GG72MXZ3K9YJJZJ5JVJ2A9C/ca52f6f7-da15-4b33-bcb2-675f1b88d21d/1312x894.jpg,See the details of this Chalet for Sale in Direction White.,13000000
78665521,3BR Penthouse for Sale in Al Alamein,https://www.propertyfinder.eg/to/EQ69X76TS87PW3S4JH2GKCJW3C/en,https://static.shared.propertyfinder.eg/media/images/listing/EQ69X76TS87PW3S4JH2GKCJW3C/e2462736-8360-4f64-8a65-b4a602c6298e/1312x894.jpg,See the details of this Penthouse for Sale in La Vista Cascada.,9730000
78665519,1BR Chalet for Sale in Al Alamein,https://www.propertyfinder.eg/to/C5ZPEXQJQHYSFZ89BQPNK692PC/en,https://static.shared.propertyfinder.eg/media/images/listing/C5ZPEXQJQHYSFZ89BQPNK692PC/10b011bd-8b3c-4a20-9a0c-51b69c08d7c2/1312x894.jpg,See the details of this Chalet for Sale in Marina 5.,11000000
78665515,1BR Chalet for Sale in Al Alamein,https://www.propertyfinder.eg/to/8G7C9XNKDEQQYCN1RVDWGGBKMW/en,https://static.shared.propertyfinder.eg/media/images/listing/8G7C9XNKDEQQYCN1RVDWGGBKMW/32619f02-0b49-41da-84c9-31ab4a76d9ed/1312x894.jpg,See the details of this Chalet for Sale in North Edge Towers.,24000000
78665509,2BR Chalet for Sale in Al Alamein,https://www.propertyfinder.eg/to/W7D7RDW20BD0EN6VQYYSXTJ2R4/en,https://static.shared.propertyfinder.eg/media/images/listing/W7D7RDW20BD0EN6VQYYSXTJ2R4/8dd6e874-ab13-4f20-a111-adbff0390a9e/1312x894.jpg,See the details of this Chalet for Sale in Mazarine.,10000000
78665454,3BR Apartment for Sale in Mostakbal City - Future City,https://www.propertyfinder.eg/to/YY9Z9JTP9CVX3DWVDE2RTWMEV4/en,https://static.shared.propertyfinder.eg/media/images/listing/YY9Z9JTP9CVX3DWVDE2RTWMEV4/e14ea01d-bd6f-45b1-93bc-6c9b733f15ad/1312x894.jpg,See the details of this Apartment for Sale in HAP Town.,6300000
78665453,3BR Chalet for Sale in Ras Al Hekma,https://www.propertyfinder.eg/to/3WVEE1RET13MCQKCAMMNMQCMY4/en,https://static.shared.propertyfinder.eg/media/images/listing/3WVEE1RET13MCQKCAMMNMQCMY4/e2838afb-279c-4e54-8be1-096c25066827/1312x894.jpg,See the details of this Chalet for Sale in Koun.,12420000
78665450,2BR Chalet for Sale in Ras Al Hekma,https://www.propertyfinder.eg/to/B3HDK7YWQCARKGESFRQYRSRBWG/en,https://static.shared.propertyfinder.eg/media/images/listing/B3HDK7YWQCARKGESFRQYRSRBWG/8a3ab3c6-523c-4e26-aee5-d968f75801cd/1312x894.jpg,See the details of this Chalet for Sale in Naia bay.,2985200
78665446,2BR Chalet for Sale in Hurghada,https://www.propertyfinder.eg/to/G9H3W76AYKDKJN1NJ7336T9KYW/en,https://static.shared.propertyfinder.eg/media/images/listing/G9H3W76AYKDKJN1NJ7336T9KYW/c63c0ddb-dd21-4c55-92c7-0e29672f6591/1312x894.jpg,See the details of this Chalet for Sale in Abu Tig Marina.,23180000
78665437,4BR Villa for Sale in Ras Al Hekma,https://www.propertyfinder.eg/to/9BNQB3K8RS4GQ6EZEY4BPP510R/en,https://static.shared.propertyfinder.eg/media/images/listing/9BNQB3K8RS4GQ6EZEY4BPP510R/5a4cf830-db37-4641-8591-9c9d87695fab/1312x894.jpg,See the details of this Villa for Sale in Modon Abu Dhabi.,44000000
78665376,3BR Apartment for Sale in New Cairo City,https://www.propertyfinder.eg/to/ZPQJZ029EKAC8T5ZT5NP9J7FYR/en,https://static.shared.propertyfinder.eg/media/images/listing/ZPQJZ029EKAC8T5ZT5NP9J7FYR/b0b158b0-66f8-49b5-b30b-309f741ff51f/1312x894.jpg,See the details of this Apartment for Sale in JAYD Residence.,13656000
78665293,4BR Twin House for Sale in 6 October City,https://www.propertyfinder.eg/to/629B43S8ZSBGGV5YYGPC81FX2M/en,https://static.shared.propertyfinder.eg/media/images/listing/629B43S8ZSBGGV5YYGPC81FX2M/72f9455b-a716-4a3a-9df1-0b284ae413b8/1312x894.jpg,See the details of this Twin House for Sale in O West.,18500000
78664834,3BR Chalet for Sale in Ras Sedr,https://www.propertyfinder.eg/to/ZCRY5S99QY057CEEJ9XKZYGJSW/en,https://static.shared.propertyfinder.eg/media/images/listing/ZCRY5S99QY057CEEJ9XKZYGJSW/257fc288-c832-4945-8660-ee4ddd685160/1312x894.jpg,See the details of this Chalet for Sale in Lasirena Bay.,4620000
78664748,2BR Apartment for Sale in Sheikh Zayed City,https://www.propertyfinder.eg/to/1RQ957M9X95K34YYE17Z2C4B24/en,https://static.shared.propertyfinder.eg/media/images/listing/1RQ957M9X95K34YYE17Z2C4B24/5eecc2e2-4f29-441c-a264-5d56631f38a7/1312x894.jpg,See the details of this Apartment for Sale in MarVille New Zayed.,11500000
78664695,3BR Townhouse for Sale in Ras Al Hekma,https://www.propertyfinder.eg/to/X4H7EMF6167ZRB9YM78MWP4KWW/en,https://static.shared.propertyfinder.eg/media/images/listing/X4H7EMF6167ZRB9YM78MWP4KWW/86b51bde-f978-44b6-aea0-703a04ef76b2/1312x894.jpg,See the details of this Townhouse for Sale in Naia bay.,26000000
78664692,3BR Apartment for Sale in New Cairo City,https://www.propertyfinder.eg/to/P59YBXGJHZB84MHADG8WP29924/en,https://static.shared.propertyfinder.eg/media/images/listing/P59YBXGJHZB84MHADG8WP29924/6aaec0de-cb48-49f4-b14a-e789afb5d530/1312x894.jpg,See the details of this Apartment for Sale in Stone Residence.,10250000
7862388,3BR Townhouse for Sale in Ras Al Hekma,https://www.propertyfinder.eg/to/01K48GK643SY4GCV5XGQS0MVE6/en,https://static.shared.propertyfinder.eg/media/images/listing/01K48GK643SY4GCV5XGQS0MVE6/112a91e5-b157-4175-a587-4acac24e0215/1312x894.jpg,See the details of this Townhouse for Sale in Direction White.,14933000
7859717,2BR Chalet for Sale in Ras Al Hekma,https://www.propertyfinder.eg/to/01K47X9K199RYETY9JQ6XV78VG/en,https://static.shared.propertyfinder.eg/media/images/listing/01K47X9K199RYETY9JQ6XV78VG/8529fb17-6d9c-4214-a112-a873ecabd201/1312x894.jpg,See the details of this Chalet for Sale in La vista Ras El Hikma.,10000000
7859066,2BR Apartment for Sale in Al Alamein,https://www.propertyfinder.eg/to/01K47TJF5WKMD1GGRSMNQEX8Z0/en,https://static.shared.propertyfinder.eg/media/images/listing/01K47TJF5WKMD1GGRSMNQEX8Z0/55e17538-ec7c-4cbc-a04d-305b7d6d2d48/1312x894.jpg,See the details of this Apartment for Sale in Mazarine.,7200000
78408587,Studio Apartment for Sale in New Heliopolis,https://www.propertyfinder.eg/to/BKPDX4YB9BZH936RETEXM75JC0/en,https://static.shared.propertyfinder.eg/media/images/listing/BKPDX4YB9BZH936RETEXM75JC0/2a289fee-fec3-46bf-9a25-4f26ac43d389/1312x894.jpg,See the details of this Apartment for Sale in Talala.,4920000
78408467,Studio Chalet for Sale in Ras Al Hekma,https://www.propertyfinder.eg/to/1S6848XG789PB8D67PK38HTSH0/en,https://static.shared.propertyfinder.eg/media/images/listing/1S6848XG789PB8D67PK38HTSH0/08ffc596-3586-48e7-a7f3-4c17270e980b/1312x894.jpg,See the details of this Chalet for Sale in Hacienda West.,11700000
78408449,3BR Townhouse for Sale in New Cairo City,https://www.propertyfinder.eg/to/KRMHZQBFWVPHK691JGTR8YQNS4/en,https://static.shared.propertyfinder.eg/media/images/listing/KRMHZQBFWVPHK691JGTR8YQNS4/8eb30d62-9c50-4fc3-9241-a40bcd8e51dc/1312x894.jpg,See the details of this Townhouse for Sale in City Gate.,12500000
78407744,3BR iVilla for Sale in New Cairo City,https://www.propertyfinder.eg/to/B7J53HZPXQVSGVGNBX2C3MT0EM/en,https://static.shared.propertyfinder.eg/media/images/listing/B7J53HZPXQVSGVGNBX2C3MT0EM/8b59ec72-0f41-4d28-b99d-f44218cc2f01/1312x894.jpg,See the details of this iVilla for Sale in Mountain View Hyde Park.,12900000
78407695,4BR Townhouse for Sale in 6 October City,https://www.propertyfinder.eg/to/MS7VWV02WMQRQ4YY72PXVTTT1C/en,https://static.shared.propertyfinder.eg/media/images/listing/MS7VWV02WMQRQ4YY72PXVTTT1C/7f8eb482-22e6-4b4d-ac51-37e6ed19dd88/1312x894.jpg,See the details of this Townhouse for Sale in Sun Capital.,19800000
78407288,2BR Apartment for Sale in New Capital City,https://www.propertyfinder.eg/to/8ZPSK0THK8C0965CKK2R1JXY3M/en,https://static.shared.propertyfinder.eg/media/images/listing/8ZPSK0THK8C0965CKK2R1JXY3M/f8407b2b-3380-4a5e-a650-be280fc2f447/1312x894.jpg,See the details of this Apartment for Sale in Park Lane.,3000000
78407260,3BR Apartment for Sale in New Cairo City,https://www.propertyfinder.eg/to/85KV1QX4PB1BSM1W4B0G4DZZTC/en,https://static.shared.propertyfinder.eg/media/images/listing/85KV1QX4PB1BSM1W4B0G4DZZTC/c6f5e6e6-0e78-4576-a5cd-f6335a2e3638/1312x894.jpg,See the details of this Apartment for Sale in Garden Residence.,5115600
78406515,4BR Villa for Sale in New Cairo City,https://www.propertyfinder.eg/to/N4D6MQFJ6RZA4Q10H7Q2XTPCWM/en,https://static.shared.propertyfinder.eg/media/images/listing/N4D6MQFJ6RZA4Q10H7Q2XTPCWM/ad8898f9-7049-454f-9d2a-a1f65305930f/1312x894.jpg,See the details of this Villa for Sale in City Gate.,27500000
78404791,3BR Apartment for Sale in Shorouk City,https://www.propertyfinder.eg/to/QRNNTEQFZMKERDBJGXFMHR5Y1M/en,https://static.shared.propertyfinder.eg/media/images/listing/QRNNTEQFZMKERDBJGXFMHR5Y1M/6acae9ab-d994-4a18-a746-3761bfc694a4/1312x894.jpg,See the details of this Apartment for Sale in Palencia Al Shorouk.,5500000
78404626,4BR Townhouse for Sale in 6 October City,https://www.propertyfinder.eg/to/0JWXJB5TPXVR6PGV62AASEAQ00/en,https://static.shared.propertyfinder.eg/media/images/listing/0JWXJB5TPXVR6PGV62AASEAQ00/a980e072-6978-4be4-8366-f3f209ab1cfd/1312x894.jpg,See the details of this Townhouse for Sale in O West.,12400000
78404622,3BR Apartment for Sale in Mostakbal City - Future City,https://www.propertyfinder.eg/to/2P45WE1ER1GZEKWCV2JW5QRN9C/en,https://static.shared.propertyfinder.eg/media/images/listing/2P45WE1ER1GZEKWCV2JW5QRN9C/50dc0065-9253-4d0f-8abb-d4a8bc1dc672/1312x894.jpg,See the details of this Apartment for Sale in HAP Town.,7000000
78404537,3BR Apartment for Sale in New Cairo City,https://www.propertyfinder.eg/to/7ZGAANZ53JQF24DWC1CNP606EC/en,https://static.shared.propertyfinder.eg/media/images/listing/7ZGAANZ53JQF24DWC1CNP606EC/f69982cd-1e46-4c6e-92e0-1a3ce967ee5c/1312x894.jpg,See the details of this Apartment for Sale in Mountain View iCity.,7900000
78404518,2BR Apartment for Sale in New Cairo City,https://www.propertyfinder.eg/to/RMAZHNJTEPP1XCHA8B4VHFSWGC/en,https://static.shared.propertyfinder.eg/media/images/listing/RMAZHNJTEPP1XCHA8B4VHFSWGC/44c7075f-261b-4a24-9ed4-117918179494/1312x894.jpg,See the details of this Apartment for Sale in Taj City.,3407000
78404514,5BR Townhouse for Sale in Sheikh Zayed City,https://www.propertyfinder.eg/to/F22NQNGF0PZAR7BT8X2TWQ6ND8/en,https://static.shared.propertyfinder.eg/media/images/listing/F22NQNGF0PZAR7BT8X2TWQ6ND8/179e1d06-cab5-4881-b817-f0270c0aef39/1312x894.jpg,See the details of this Townhouse for Sale in Isola Villas.,10000000
78404501,3BR Apartment for Sale in New Cairo City,https://www.propertyfinder.eg/to/HA61H4FWB1XKYA9ZMQ2WAQ4HSC/en,https://static.shared.propertyfinder.eg/media/images/listing/HA61H4FWB1XKYA9ZMQ2WAQ4HSC/80f3acfd-31a9-432c-8122-6d3a02fdc40f/1312x894.jpg,See the details of this Apartment for Sale in The Address East.,6593440
78404255,2BR Apartment for Sale in Shorouk City,https://www.propertyfinder.eg/to/FEFWV1GTR04CYKGTT8NTXEP690/en,https://static.shared.propertyfinder.eg/media/images/listing/FEFWV1GTR04CYKGTT8NTXEP690/17a0e365-cf9a-4b4d-ae84-06b8289ad61e/1312x894.jpg,See the details of this Apartment for Sale in Aljar.,6600000
78403864,3BR Chalet for Sale in Ras Al Hekma,https://www.propertyfinder.eg/to/6Z1H3S89B5CBHMQ7W1HCQHXDQM/en,https://static.shared.propertyfinder.eg/media/images/listing/6Z1H3S89B5CBHMQ7W1HCQHXDQM/26bab254-e966-4d8b-85e7-0110ef7e9ac6/1312x894.jpg,See the details of this Chalet for Sale in Mountain View.,12500000
78403641,4BR Townhouse for Sale in Mostakbal City - Future City,https://www.propertyfinder.eg/to/0BVJVSK4859639ZDGJZW9EJ424/en,https://static.shared.propertyfinder.eg/media/images/listing/0BVJVSK4859639ZDGJZW9EJ424/44953158-0436-40ca-a5bc-44c261c14b7a/1312x894.jpg,See the details of this Townhouse for Sale in Bloomfields.,11190000
78403550,3BR Chalet for Sale in Ras Al Hekma,https://www.propertyfinder.eg/to/1K43X6P5DGGBQM45GCE0TWRCKM/en,https://static.shared.propertyfinder.eg/media/images/listing/1K43X6P5DGGBQM45GCE0TWRCKM/de77bdb6-7378-4f28-8a9f-dca789821870/1312x894.jpg,See the details of this Chalet for Sale in Mountain View.,15500000
78403401,3BR Apartment for Sale in New Cairo City,https://www.propertyfinder.eg/to/GY2K1E8VM00T40Q5Q6ZYQQMEKC/en,https://static.shared.propertyfinder.eg/media/images/listing/GY2K1E8VM00T40Q5Q6ZYQQMEKC/851734d5-f083-4575-9636-1da3d2029ffa/1312x894.jpg,See the details of this Apartment for Sale in Saada Compound.,11600000
78403398,3BR Villa for Sale in Madinaty,https://www.propertyfinder.eg/to/XPN4GQ1F16V48A1HSAP1Y4H9J0/en,https://static.shared.propertyfinder.eg/media/images/listing/XPN4GQ1F16V48A1HSAP1Y4H9J0/aa9c78e5-6442-4d05-8d5e-2c871c57c786/1312x894.jpg,See the details of this Villa for Sale in Privado.,11500000
78403297,4BR Villa for Sale in New Cairo City,https://www.propertyfinder.eg/to/3D8M5KGDCCJNAMQHTGYDM9Y9RG/en,https://static.shared.propertyfinder.eg/media/images/listing/3D8M5KGDCCJNAMQHTGYDM9Y9RG/d0956369-6280-43f5-9bed-1f29989fea73/1312x894.jpg,See the details of this Villa for Sale in Taj City.,26300000
78403291,4BR Apartment for Sale in 6 October City,https://www.propertyfinder.eg/to/8ZYM9TCX1RGKPVCZBRH623WEJ0/en,https://static.shared.propertyfinder.eg/media/images/listing/8ZYM9TCX1RGKPVCZBRH623WEJ0/f6036e70-0ba9-4c9c-b52e-6f462d610680/1312x894.jpg,See the details of this Apartment for Sale in Badya Palm Hills.,20000000
78403171,2BR Apartment for Sale in El Nozha,https://www.propertyfinder.eg/to/HF015ZH8WHC39QK4HHSV22G1WG/en,https://static.shared.propertyfinder.eg/media/images/listing/HF015ZH8WHC39QK4HHSV22G1WG/e5382863-2410-4235-a5b6-5dd05174107c/1312x894.jpg,See the details of this Apartment for Sale in Stoda.,6750000
78403075,2BR Apartment for Sale in El Nozha,https://www.propertyfinder.eg/to/JBN9CT5276GAWD4GR0E7E2J8S8/en,https://static.shared.propertyfinder.eg/media/images/listing/JBN9CT5276GAWD4GR0E7E2J8S8/db453d4a-d7cd-471e-b05e-cc8c2ea4ed88/1312x894.jpg,See the details of this Apartment for Sale in Stoda.,6730000
78403055,1BR Chalet for Sale in Ras Al Hekma,https://www.propertyfinder.eg/to/VZGZJAF03VPEB1SMBGY19AYNM0/en,https://static.shared.propertyfinder.eg/media/images/listing/VZGZJAF03VPEB1SMBGY19AYNM0/d783b849-be29-4965-beb3-2a2d600d9f69/1312x894.jpg,See the details of this Chalet for Sale in Modon Abu Dhabi.,12000000
78403051,3BR Villa for Sale in 6 October City,https://www.propertyfinder.eg/to/S02QV1SCESNMHVE135E4EFGJ28/en,https://static.shared.propertyfinder.eg/media/images/listing/S02QV1SCESNMHVE135E4EFGJ28/0a4e4864-f535-40b7-8a2c-8c36903ddedd/1312x894.jpg,See the details of this Villa for Sale in O West.,38786600
78402964,1BR Cabin for Sale in Ras Al Hekma,https://www.propertyfinder.eg/to/D6RQSFVFR17FAVAJTHC9YYQ1TW/en,https://static.shared.propertyfinder.eg/media/images/listing/D6RQSFVFR17FAVAJTHC9YYQ1TW/9283d88b-3288-4621-9838-6bacba4564e2/1312x894.jpg,See the details of this Cabin for Sale in The Med.,9850000
78402867,2BR Apartment for Sale in Mostakbal City - Future City,https://www.propertyfinder.eg/to/TGFEAQCTFDQXWZFRZZGKC08GTC/en,https://static.shared.propertyfinder.eg/media/images/listing/TGFEAQCTFDQXWZFRZZGKC08GTC/09534e52-1c0c-46c4-8ee5-15a4c32cc06b/1312x894.jpg,See the details of this Apartment for Sale in S2.,6800000
78402861,1BR Apartment for Sale in 6 October City,https://www.propertyfinder.eg/to/QAR2D4G29YSFWYD703ZP094YF4/en,https://static.shared.propertyfinder.eg/media/images/listing/QAR2D4G29YSFWYD703ZP094YF4/9a72de0d-d59b-4589-9212-ed4bfe4c3b9e/1312x894.jpg,See the details of this Apartment for Sale in O West.,7800000
78402858,2BR Townhouse for Sale in New Capital City,https://www.propertyfinder.eg/to/ZY0JXHZPN7C44ETZCMC349TR10/en,https://static.shared.propertyfinder.eg/media/images/listing/ZY0JXHZPN7C44ETZCMC349TR10/0b556b3b-a207-4871-995f-916b86814e80/1312x894.jpg,See the details of this Townhouse for Sale in La Vista City.,30000000
78402760,4BR Townhouse for Sale in New Cairo City,https://www.propertyfinder.eg/to/21P2BXTCZAHXYPC265N5N058T4/en,https://static.shared.propertyfinder.eg/media/images/listing/21P2BXTCZAHXYPC265N5N058T4/2e1a20f7-10e8-4334-8012-299bc404ad29/1312x894.jpg,See the details of this Townhouse for Sale in City Gate.,27000000
78402752,2BR Chalet for Sale in Ras Al Hekma,https://www.propertyfinder.eg/to/F8950EZSDSAVENWD38CYGAT0ZC/en,https://static.shared.propertyfinder.eg/media/images/listing/F8950EZSDSAVENWD38CYGAT0ZC/0c8b4a62-ddc8-47b8-8daa-7d3f5fe09277/1312x894.jpg,See the details of this Chalet for Sale in Modon Abu Dhabi.,21200000
78402750,3BR Villa for Sale in Hurghada,https://www.propertyfinder.eg/to/TXZ7CNEBM4QY6DBMREQP112SQM/en,https://static.shared.propertyfinder.eg/media/images/listing/TXZ7CNEBM4QY6DBMREQP112SQM/5b41b548-3591-4f7b-8025-e993eafc3022/1312x894.jpg,See the details of this Villa for Sale in Ras Soma.,18600000
78402257,4BR Apartment for Sale in 6 October City,https://www.propertyfinder.eg/to/8F9KWH6YAZQZFXVG82VGN411C0/en,https://static.shared.propertyfinder.eg/media/images/listing/8F9KWH6YAZQZFXVG82VGN411C0/9d5eb2fb-edfe-4523-a9bf-a743a624b446/1312x894.jpg,See the details of this Apartment for Sale in O West.,9500000
78402254,3BR Apartment for Sale in New Heliopolis,https://www.propertyfinder.eg/to/GKGM1Z6W5T0VMZ6KCC6B7C6KKM/en,https://static.shared.propertyfinder.eg/media/images/listing/GKGM1Z6W5T0VMZ6KCC6B7C6KKM/a5f89073-9306-4cf9-b385-c9afb34515f6/1312x894.jpg,See the details of this Apartment for Sale in Talala.,5000000
78402145,2BR Apartment for Sale in 6 October City,https://www.propertyfinder.eg/to/ZHHBJF49B0H6P4N54MZRM4MKDC/en,https://static.shared.propertyfinder.eg/media/images/listing/ZHHBJF49B0H6P4N54MZRM4MKDC/b112a585-e292-45be-8f81-9de9c22c3b7f/1312x894.jpg,See the details of this Apartment for Sale in O West.,7081775
78401738,Studio Apartment for Sale in Mostakbal City - Future City,https://www.propertyfinder.eg/to/TM884FZGZZ8TD58MEF889ARR9C/en,https://static.shared.propertyfinder.eg/media/images/listing/TM884FZGZZ8TD58MEF889ARR9C/17870d22-4599-46e9-a6a0-5b70a872da6b/1312x894.jpg,See the details of this Apartment for Sale in Elm Tree Park.,2130000
78400962,2BR Apartment for Sale in Mostakbal City - Future City,https://www.propertyfinder.eg/to/Z4PEYXFFMS7VWSJRAMTKAXSFX8/en,https://static.shared.propertyfinder.eg/media/images/listing/Z4PEYXFFMS7VWSJRAMTKAXSFX8/3a712ac4-0717-4470-a260-b8f7b31bd129/1312x894.jpg,See the details of this Apartment for Sale in Elan Sarai.,4000000
78400892,3BR Villa for Sale in Mostakbal City - Future City,https://www.propertyfinder.eg/to/2HTPKRM7SNBF1EB33SBA9CBQF0/en,https://static.shared.propertyfinder.eg/media/images/listing/2HTPKRM7SNBF1EB33SBA9CBQF0/6582efa7-bdf6-41a1-b789-48016c388272/1312x894.jpg,See the details of this Villa for Sale in S1.,11500000
78400881,3BR Penthouse for Sale in New Cairo City,https://www.propertyfinder.eg/to/4DB6CEM44Q57G4C5W3TRA02A4W/en,https://static.shared.propertyfinder.eg/media/images/listing/4DB6CEM44Q57G4C5W3TRA02A4W/9fa31a25-89ad-4c3a-8aaa-486263660bc1/1312x894.jpg,See the details of this Penthouse for Sale in TRIO.,10560000
78400870,4BR Villa for Sale in New Capital City,https://www.propertyfinder.eg/to/PJ1EN9WSD2WZTJABD4QSPCMWBW/en,https://static.shared.propertyfinder.eg/media/images/listing/PJ1EN9WSD2WZTJABD4QSPCMWBW/b20a9eef-77ea-4c52-8cd4-2dbec297bd4f/1312x894.jpg,See the details of this Villa for Sale in La Vista City.,34000000
78400818,2BR Apartment for Sale in New Cairo City,https://www.propertyfinder.eg/to/ZF6Q39M8QAERCZXGF8EX3WV5X4/en,https://static.shared.propertyfinder.eg/media/images/listing/ZF6Q39M8QAERCZXGF8EX3WV5X4/d02070d8-6f0e-4f05-a4fd-fb9832b48065/1312x894.jpg,See the details of this Apartment for Sale in Mivida.,9025000
78400816,2BR Apartment for Sale in New Cairo City,https://www.propertyfinder.eg/to/ZH93ERZJ8X2NWY02BV4HD2CAJW/en,https://static.shared.propertyfinder.eg/media/images/listing/ZH93ERZJ8X2NWY02BV4HD2CAJW/f0822216-aac5-45bf-bb15-29cdc2c41ade/1312x894.jpg,See the details of this Apartment for Sale in Taj City.,5250000
78400814,4BR Townhouse for Sale in New Cairo City,https://www.propertyfinder.eg/to/NKQ8Y4Q99J4TH8R5W6M7A4SXDM/en,https://static.shared.propertyfinder.eg/media/images/listing/NKQ8Y4Q99J4TH8R5W6M7A4SXDM/d9309fe7-797a-469d-bcc3-98f227a22cf3/1312x894.jpg,See the details of this Townhouse for Sale in City Gate.,24600000
78400812,3BR Apartment for Sale in New Cairo City,https://www.propertyfinder.eg/to/10JS5PCWT08778V72C65PCC5AR/en,https://static.shared.propertyfinder.eg/media/images/listing/10JS5PCWT08778V72C65PCC5AR/bd9859a5-e087-4192-8739-5625380dad1a/1312x894.jpg,See the details of this Apartment for Sale in Garden Residence.,9700000
78400762,3BR Apartment for Sale in Mostakbal City - Future City,https://www.propertyfinder.eg/to/MTTDNQ3EGFQ3SCGZ680VSH817W/en,https://static.shared.propertyfinder.eg/media/images/listing/MTTDNQ3EGFQ3SCGZ680VSH817W/bd08c4f9-22ab-4807-a66b-d9956ea27a92/1312x894.jpg,See the details of this Apartment for Sale in Capital Gardens   Palm Hills.,9500000
78400759,3BR Apartment for Sale in Madinaty,https://www.propertyfinder.eg/to/9MDZMV39R6R3A9BN24JPJYMGB0/en,https://static.shared.propertyfinder.eg/media/images/listing/9MDZMV39R6R3A9BN24JPJYMGB0/2178e096-28ff-4d30-be58-0f32cf145c96/1312x894.jpg,See the details of this Apartment for Sale in B10.,8860000
78400527,4BR Twin House for Sale in 6 October City,https://www.propertyfinder.eg/to/1ZGJCSXD6TV31STB7B2QSQRTT4/en,https://static.shared.propertyfinder.eg/media/images/listing/1ZGJCSXD6TV31STB7B2QSQRTT4/bf2248b1-d91a-48f2-9ba2-1071de46cac4/1312x894.jpg,See the details of this Twin House for Sale in O West.,18500000
78400518,3BR Townhouse for Sale in 6 October City,https://www.propertyfinder.eg/to/W6NDECA5VM65JREJB7VV4V2G7C/en,https://static.shared.propertyfinder.eg/media/images/listing/W6NDECA5VM65JREJB7VV4V2G7C/eab952cf-940f-49d3-9d13-5c0ce07fa86e/1312x894.jpg,See the details of this Townhouse for Sale in Palm Hills WoodVille.,22500000
78400499,3BR Townhouse for Sale in 6 October City,https://www.propertyfinder.eg/to/XE94EJJ9F0MJECNDRXBZJ5HFCW/en,https://static.shared.propertyfinder.eg/media/images/listing/XE94EJJ9F0MJECNDRXBZJ5HFCW/2a4e3fca-5fc4-4749-a3fd-ad4912b4f2a1/1312x894.jpg,See the details of this Townhouse for Sale in Palm Hills WoodVille.,18000000
78400490,2BR Apartment for Sale in 6 October City,https://www.propertyfinder.eg/to/00T12SCES3ZFKFEC6Q5P0WS6AR/en,https://static.shared.propertyfinder.eg/media/images/listing/00T12SCES3ZFKFEC6Q5P0WS6AR/bd36f832-91dc-411f-997d-967ef31f7aab/1312x894.jpg,See the details of this Apartment for Sale in O West.,7421115
78400485,4BR Villa for Sale in 6 October City,https://www.propertyfinder.eg/to/5ZPCMZB8FC6EKY2GC1XAS85BYM/en,https://static.shared.propertyfinder.eg/media/images/listing/5ZPCMZB8FC6EKY2GC1XAS85BYM/85b0cb6b-7823-49a2-b57d-f5a26034f78d/1312x894.jpg,See the details of this Villa for Sale in The Crown.,15050000
78400475,2BR Apartment for Sale in 6 October City,https://www.propertyfinder.eg/to/QMPNFV61FP05RD6M5MDATRF6KM/en,https://static.shared.propertyfinder.eg/media/images/listing/QMPNFV61FP05RD6M5MDATRF6KM/9b954959-79c1-4fa3-a6fd-fde820997047/1312x894.jpg,See the details of this Apartment for Sale in O West.,6863000
78400472,4BR Villa for Sale in Sheikh Zayed City,https://www.propertyfinder.eg/to/RSSF0MJMTN65VBQ7AM0YE4NTJW/en,https://static.shared.propertyfinder.eg/media/images/listing/RSSF0MJMTN65VBQ7AM0YE4NTJW/031949bf-cd69-41ea-b57f-6371ecec6135/1312x894.jpg,See the details of this Villa for Sale in The Estates.,67200000
78400468,3BR Villa for Sale in Sheikh Zayed City,https://www.propertyfinder.eg/to/3KH2J8TPJK4YQ1NFK1J5299XK4/en,https://static.shared.propertyfinder.eg/media/images/listing/3KH2J8TPJK4YQ1NFK1J5299XK4/e8bbbbf1-4a6f-428f-8959-ea7676fde1c8/1312x894.jpg,See the details of this Villa for Sale in The Estates.,31893000
78400466,3BR Apartment for Sale in 6 October City,https://www.propertyfinder.eg/to/MZS00XJ77B5RJWNNY96V5BYK5G/en,https://static.shared.propertyfinder.eg/media/images/listing/MZS00XJ77B5RJWNNY96V5BYK5G/670223a8-0f89-4785-97bb-e9a7a5399547/1312x894.jpg,See the details of this Apartment for Sale in New Giza.,18000000
78400465,3BR Townhouse for Sale in Sheikh Zayed City,https://www.propertyfinder.eg/to/8DMJVJCV0Y0V3D3Z8EB3ADCWFM/en,https://static.shared.propertyfinder.eg/media/images/listing/8DMJVJCV0Y0V3D3Z8EB3ADCWFM/bb2e2152-7ca6-49e5-a2e3-fc1f8479e8c7/1312x894.jpg,See the details of this Townhouse for Sale in The Estates.,16304000
78400460,4BR Twin House for Sale in Sheikh Zayed City,https://www.propertyfinder.eg/to/SSF2PJ47EDZ4TKZSSCXA2E0AKR/en,https://static.shared.propertyfinder.eg/media/images/listing/SSF2PJ47EDZ4TKZSSCXA2E0AKR/adc5740d-4f8a-43d9-a4cc-8a32c380fd4f/1312x894.jpg,See the details of this Twin House for Sale in The Estates.,21250000
78400459,2BR Apartment for Sale in 6 October City,https://www.propertyfinder.eg/to/RWBVG38QCYAZV499CDE8R02GAM/en,https://static.shared.propertyfinder.eg/media/images/listing/RWBVG38QCYAZV499CDE8R02GAM/81fc0d0f-127b-40d1-afc4-879c35edb845/1312x894.jpg,See the details of this Apartment for Sale in O West.,5300000
78400458,3BR Penthouse for Sale in 6 October City,https://www.propertyfinder.eg/to/WMWZYN5QR75FZ6Z2TYZPGAAPJ4/en,https://static.shared.propertyfinder.eg/media/images/listing/WMWZYN5QR75FZ6Z2TYZPGAAPJ4/69fe1c81-aba0-48b4-be21-b9a870851b40/1312x894.jpg,See the details of this Penthouse for Sale in October Plaza.,10250000
78400448,3BR Apartment for Sale in 6 October City,https://www.propertyfinder.eg/to/ACWGA8PZPQKW04RSZDP4G7Y8EM/en,https://static.shared.propertyfinder.eg/media/images/listing/ACWGA8PZPQKW04RSZDP4G7Y8EM/19b38d0a-5a21-4bee-91aa-70bad1bfe1c2/1312x894.jpg,See the details of this Apartment for Sale in Palm Parks   Palm Hills.,16114260
78400447,3BR Townhouse for Sale in 6 October City,https://www.propertyfinder.eg/to/X4D4Y43Q02SZ646R2C5R83RAHM/en,https://static.shared.propertyfinder.eg/media/images/listing/X4D4Y43Q02SZ646R2C5R83RAHM/fef81388-d131-488c-9e10-71fac923a308/1312x894.jpg,See the details of this Townhouse for Sale in Palm Hills WoodVille.,22600000
78400440,2BR Apartment for Sale in 6 October City,https://www.propertyfinder.eg/to/764P94EX5RTWEXN9FBTP8HMSSR/en,https://static.shared.propertyfinder.eg/media/images/listing/764P94EX5RTWEXN9FBTP8HMSSR/9a9e6b89-47f6-481b-a4bf-4ef9cae71cb2/1312x894.jpg,See the details of this Apartment for Sale in O West.,6400000
78400439,3BR Apartment for Sale in Sheikh Zayed City,https://www.propertyfinder.eg/to/B5WVC0XDC1GEK3G9PC8VBSAFTG/en,https://static.shared.propertyfinder.eg/media/images/listing/B5WVC0XDC1GEK3G9PC8VBSAFTG/4c0747f5-7284-4767-8e66-d8408afc5a01/1312x894.jpg,See the details of this Apartment for Sale in Vye Sodic.,10560000
78400438,2BR Apartment for Sale in 6 October City,https://www.propertyfinder.eg/to/Z0W3EY3Q1MJEPCBR80F0VY2ZSM/en,https://static.shared.propertyfinder.eg/media/images/listing/Z0W3EY3Q1MJEPCBR80F0VY2ZSM/b27bf4c1-886b-4d6c-9bbb-532a719d6ff4/1312x894.jpg,See the details of this Apartment for Sale in O West.,5850000
78400436,3BR Duplex for Sale in Sheikh Zayed City,https://www.propertyfinder.eg/to/STCM5F5E0Y5E7ZQ80T4BQ5R3VC/en,https://static.shared.propertyfinder.eg/media/images/listing/STCM5F5E0Y5E7ZQ80T4BQ5R3VC/9ebbcb2c-8d62-47f0-a992-184655b7dbb3/1312x894.jpg,See the details of this Duplex for Sale in Karmell.,15558348
78400434,3BR Villa for Sale in 6 October City,https://www.propertyfinder.eg/to/A7XAZGSJR20W9DDC35D9J9DZ4R/en,https://static.shared.propertyfinder.eg/media/images/listing/A7XAZGSJR20W9DDC35D9J9DZ4R/5b29d5e2-51d5-4868-a797-0ce9f1d089f0/1312x894.jpg,See the details of this Villa for Sale in The Crown.,18650000
78400420,4BR Twin House for Sale in Sheikh Zayed City,https://www.propertyfinder.eg/to/TVE60RNHTQR8RMH1AXYNYWV1BW/en,https://static.shared.propertyfinder.eg/media/images/listing/TVE60RNHTQR8RMH1AXYNYWV1BW/92cc3b5c-3575-432c-adcd-f754a3f238e6/1312x894.jpg,See the details of this Twin House for Sale in The Estates.,19800000
78400410,4BR Townhouse for Sale in 6 October City,https://www.propertyfinder.eg/to/XKDZZZN7GH6QZMJMNK9GPHDAFR/en,https://static.shared.propertyfinder.eg/media/images/listing/XKDZZZN7GH6QZMJMNK9GPHDAFR/86fccda4-adbf-453b-b226-6219741220ab/1312x894.jpg,See the details of this Townhouse for Sale in Palm Hills Golf Extension.,24500000
78400407,1BR Apartment for Sale in 6 October City,https://www.propertyfinder.eg/to/0S7VXXN980XH9ZAJFRXHFYSH5W/en,https://static.shared.propertyfinder.eg/media/images/listing/0S7VXXN980XH9ZAJFRXHFYSH5W/072cb857-af92-4ba0-8201-7a3103cce98b/1312x894.jpg,See the details of this Apartment for Sale in Badya Palm Hills.,2850000
78400406,3BR Duplex for Sale in 6 October City,https://www.propertyfinder.eg/to/R6V1D3QF47Q1A613SAZCSGJC30/en,https://static.shared.propertyfinder.eg/media/images/listing/R6V1D3QF47Q1A613SAZCSGJC30/252dd91e-a3cf-44c0-870b-ec93403e8b04/1312x894.jpg,See the details of this Duplex for Sale in O West.,12634900
78400401,3BR Apartment for Sale in 6 October City,https://www.propertyfinder.eg/to/4JC1XV4974VDX92YWQAKT00S90/en,https://static.shared.propertyfinder.eg/media/images/listing/4JC1XV4974VDX92YWQAKT00S90/190cfe3e-6bac-4947-9e7e-eb6980d074b4/1312x894.jpg,See the details of this Apartment for Sale in Badya Palm Hills.,3900000
78400399,2BR Apartment for Sale in 6 October City,https://www.propertyfinder.eg/to/CA3DTMWQM4KW93HVWY4ESDZMGW/en,https://static.shared.propertyfinder.eg/media/images/listing/CA3DTMWQM4KW93HVWY4ESDZMGW/987fb28e-db88-4c70-b1d1-4e0d55e4c78c/1312x894.jpg,See the details of this Apartment for Sale in O West.,6400000
78400398,4BR Villa for Sale in 6 October City,https://www.propertyfinder.eg/to/3S2NJSK6ANCPPH56ESBM8G07VW/en,https://static.shared.propertyfinder.eg/media/images/listing/3S2NJSK6ANCPPH56ESBM8G07VW/22324f8e-0d07-483c-9c68-a319b2c14607/1312x894.jpg,See the details of this Villa for Sale in Badya Palm Hills.,15462000
78400395,4BR Twin House for Sale in 6 October City,https://www.propertyfinder.eg/to/36KQHZTRK93Z5F13E8FY3WQEEW/en,https://static.shared.propertyfinder.eg/media/images/listing/36KQHZTRK93Z5F13E8FY3WQEEW/3fa1d8a0-c795-48f6-8395-2769f022eab1/1312x894.jpg,See the details of this Twin House for Sale in O West.,14632000
78400392,2BR Apartment for Sale in 6 October City,https://www.propertyfinder.eg/to/CFM3D0XNVN6G9AN52NESFTG86R/en,https://static.shared.propertyfinder.eg/media/images/listing/CFM3D0XNVN6G9AN52NESFTG86R/c6d05e03-dd16-438c-a73b-7d78cd156a05/1312x894.jpg?v=5ae255bfa0aa5387143e3ecdb76e0f03,See the details of this Apartment for Sale in Badya Palm Hills.,4100000
78400391,3BR Apartment for Sale in 6 October City,https://www.propertyfinder.eg/to/HAWXRP8HG5WQXJKBCH93G3M1RC/en,https://static.shared.propertyfinder.eg/media/images/listing/HAWXRP8HG5WQXJKBCH93G3M1RC/c36c1fb3-8eac-4607-872e-c3538bec25ff/1312x894.jpg,See the details of this Apartment for Sale in O West.,8260000
78400389,3BR Apartment for Sale in 6 October City,https://www.propertyfinder.eg/to/7Z20YNYXEBMKPVJD0SJJQAQYNW/en,https://static.shared.propertyfinder.eg/media/images/listing/7Z20YNYXEBMKPVJD0SJJQAQYNW/efc3f953-dfbb-4174-af28-46a20c39def3/1312x894.jpg,See the details of this Apartment for Sale in O West.,6902240
78400388,3BR Townhouse for Sale in 6 October City,https://www.propertyfinder.eg/to/S0217Z67ESJ3QHMX1D0GV0258G/en,https://static.shared.propertyfinder.eg/media/images/listing/S0217Z67ESJ3QHMX1D0GV0258G/c8f8d5b9-12d5-4d1a-a54a-f0db981c1e7b/1312x894.jpg,See the details of this Townhouse for Sale in O West.,7500000
78400386,2BR Apartment for Sale in 6 October City,https://www.propertyfinder.eg/to/2NTCYHYAVHGYVZNT4P7MJSRSJ4/en,https://static.shared.propertyfinder.eg/media/images/listing/2NTCYHYAVHGYVZNT4P7MJSRSJ4/45adb23a-f878-4bf3-ab57-a56b81d67e63/1312x894.jpg?v=4ea1f24cc3c4b764bc47f0d496338c8c,See the details of this Apartment for Sale in Badya Palm Hills.,4358495
78400372,3BR Apartment for Sale in Sheikh Zayed City,https://www.propertyfinder.eg/to/QJTSG4VZGZW2Q9WGGS7PNR1W7C/en,https://static.shared.propertyfinder.eg/media/images/listing/QJTSG4VZGZW2Q9WGGS7PNR1W7C/ab352b17-c179-4596-b8e1-4fe055cb5ed3/1312x894.jpg,See the details of this Apartment for Sale in Vye Sodic.,7500000
78400368,3BR Twin House for Sale in Sheikh Zayed City,https://www.propertyfinder.eg/to/5ZBH89SD9BWA7F1N3W24EDWM68/en,https://static.shared.propertyfinder.eg/media/images/listing/5ZBH89SD9BWA7F1N3W24EDWM68/ea978eba-9f3b-42c1-ad46-a7db128ecc96/1312x894.jpg,See the details of this Twin House for Sale in Vye Sodic.,16600000
78400364,3BR Villa for Sale in Sheikh Zayed City,https://www.propertyfinder.eg/to/CFKQ2TASSRWAFV3KVS6MRDFXEW/en,https://static.shared.propertyfinder.eg/media/images/listing/CFKQ2TASSRWAFV3KVS6MRDFXEW/954b7821-5393-48cd-9c63-8acad24c24bc/1312x894.jpg,See the details of this Villa for Sale in Vye Sodic.,20000000
78400363,2BR Apartment for Sale in Sheikh Zayed City,https://www.propertyfinder.eg/to/1T4BH3K1BTZYKVQ5MCGW9T8ND0/en,https://static.shared.propertyfinder.eg/media/images/listing/1T4BH3K1BTZYKVQ5MCGW9T8ND0/d4b9cd4f-2da5-47f0-98ed-4613339bc452/1312x894.jpg,See the details of this Apartment for Sale in Vye Sodic.,6000000
78400361,3BR Apartment for Sale in Sheikh Zayed City,https://www.propertyfinder.eg/to/X30SVKZ1Y079M7JG0KPCH0PV18/en,https://static.shared.propertyfinder.eg/media/images/listing/X30SVKZ1Y079M7JG0KPCH0PV18/1f5176e9-1be6-4733-a4d1-7ef6813aa7b9/1312x894.jpg,See the details of this Apartment for Sale in Vye Sodic.,9500000
78400360,2BR Apartment for Sale in 6 October City,https://www.propertyfinder.eg/to/VWXJTBDGC3NHHZ6AKYV91C3ESR/en,https://static.shared.propertyfinder.eg/media/images/listing/VWXJTBDGC3NHHZ6AKYV91C3ESR/e7cf83a6-4c1d-4033-b026-4b6c8a016d76/1312x894.jpg,See the details of this Apartment for Sale in O West.,5300000
78400358,2BR Apartment for Sale in 6 October City,https://www.propertyfinder.eg/to/3AM5JQM7RMY1BWR3QW96XACPDR/en,https://static.shared.propertyfinder.eg/media/images/listing/3AM5JQM7RMY1BWR3QW96XACPDR/4af07947-cf8d-4c4e-9af3-c0272c379b84/1312x894.jpg,See the details of this Apartment for Sale in O West.,6400000
78400355,3BR Townhouse for Sale in 6 October City,https://www.propertyfinder.eg/to/HRPNQ5BNHVDCD2ZN284VPWJFAW/en,https://static.shared.propertyfinder.eg/media/images/listing/HRPNQ5BNHVDCD2ZN284VPWJFAW/7251a086-8300-4e63-9e2f-de091ba36784/1312x894.jpg,See the details of this Townhouse for Sale in O West.,11500000
78400354,3BR Townhouse for Sale in Sheikh Zayed City,https://www.propertyfinder.eg/to/EJQF25FYCR7WDCTQDCFDMCGY08/en,https://static.shared.propertyfinder.eg/media/images/listing/EJQF25FYCR7WDCTQDCFDMCGY08/57b04616-e547-417c-a3cb-fe22d852fd7f/1312x894.jpg,See the details of this Townhouse for Sale in Vye Sodic.,14000000
78400351,3BR Apartment for Sale in 6 October City,https://www.propertyfinder.eg/to/X3KWF5XJTJ3MVSJDE42HBP0H9C/en,https://static.shared.propertyfinder.eg/media/images/listing/X3KWF5XJTJ3MVSJDE42HBP0H9C/47474fc1-4edd-495f-8ad2-705b76ef07ea/1312x894.jpg,See the details of this Apartment for Sale in O West.,8815445
78400350,5BR Villa for Sale in 6 October City,https://www.propertyfinder.eg/to/VFPBRAR37SZK7ADN907SA76EVR/en,https://static.shared.propertyfinder.eg/media/images/listing/VFPBRAR37SZK7ADN907SA76EVR/f2743d3d-74cf-4f3a-82bc-4b2064dae540/1312x894.jpg,See the details of this Villa for Sale in O West.,27001480
78400347,4BR Villa for Sale in 6 October City,https://www.propertyfinder.eg/to/QYCGXWEGVYMFSYHNVA0ADA20HG/en,https://static.shared.propertyfinder.eg/media/images/listing/QYCGXWEGVYMFSYHNVA0ADA20HG/d4ba7879-533e-44bc-b69e-ed6769006c61/1312x894.jpg,See the details of this Villa for Sale in Badya Palm Hills.,15462000
78400345,3BR Townhouse for Sale in 6 October City,https://www.propertyfinder.eg/to/C7JH70QMM60736AKJK27YQN3QW/en,https://static.shared.propertyfinder.eg/media/images/listing/C7JH70QMM60736AKJK27YQN3QW/8eb0fed3-b013-4bb6-8572-ddfe52be2acc/1312x894.jpg,See the details of this Townhouse for Sale in Badya Palm Hills.,8500000
78400338,2BR Penthouse for Sale in 6 October City,https://www.propertyfinder.eg/to/NQ17DA7T6WY9M6K6D5KRFM54ZW/en,https://static.shared.propertyfinder.eg/media/images/listing/NQ17DA7T6WY9M6K6D5KRFM54ZW/b9dc7593-ffc8-4caa-9355-96f2c0e21f2a/1312x894.jpg,See the details of this Penthouse for Sale in O West.,5050000
78399474,Office for Sale in New Cairo City,https://www.propertyfinder.eg/to/9SBAXW3A4QKXJQAJC9JZE170TM/en,https://static.shared.propertyfinder.eg/media/images/listing/9SBAXW3A4QKXJQAJC9JZE170TM/a920e3eb-7f12-4e23-bfec-d59ae8d10d29/1312x894.jpg,See the details of this Office for Sale in Moray.,22220000
78399465,Office for Sale in New Cairo City,https://www.propertyfinder.eg/to/91F5VGPJMWAMAWAYJT64AGM868/en,https://static.shared.propertyfinder.eg/media/images/listing/91F5VGPJMWAMAWAYJT64AGM868/6760e5bb-5ef4-4fe9-ba44-dc9eb9584c84/1312x894.jpg,See the details of this Office for Sale in Stei8ht.,118500000
78141233,1BR Chalet for Sale in Sidi Abdel Rahman,https://www.propertyfinder.eg/to/2S19CWJ7KGCYJEN2H690R0N69W/en,https://static.shared.propertyfinder.eg/media/images/listing/2S19CWJ7KGCYJEN2H690R0N69W/d9427797-5f73-4fa4-80db-cd033035935f/1312x894.jpg,See the details of this Chalet for Sale in Amwaj.,9200000
78141130,4BR Townhouse for Sale in New Capital City,https://www.propertyfinder.eg/to/DHRA84BM59A0A3T78ZZ7JPRA5G/en,https://static.shared.propertyfinder.eg/media/images/listing/DHRA84BM59A0A3T78ZZ7JPRA5G/a9dcb1d7-16b1-449a-8318-da254f23c327/1312x894.jpg,See the details of this Townhouse for Sale in La Vista City.,28000000
78140917,Office for Sale in New Cairo City,https://www.propertyfinder.eg/to/8WBJJEZ688CZYP2RD43P1TE278/en,https://static.shared.propertyfinder.eg/media/images/listing/8WBJJEZ688CZYP2RD43P1TE278/b59a5dac-a6e2-4447-acd2-2d5ad50afa25/1312x894.jpg,See the details of this Office for Sale in South Gate Mall.,23100000
78140825,3BR Apartment for Sale in El Nozha,https://www.propertyfinder.eg/to/EF0WRCVS0X9ZXEK55EF9RCCT34/en,https://static.shared.propertyfinder.eg/media/images/listing/EF0WRCVS0X9ZXEK55EF9RCCT34/cc156ecb-2fdc-40b4-acf6-4d1b65d2afa0/1312x894.jpg,See the details of this Apartment for Sale in Isola Sheraton.,13000000
78140624,3BR Apartment for Sale in New Capital City,https://www.propertyfinder.eg/to/AHBK008QSHKERQ38QFN81WPDF8/en,https://static.shared.propertyfinder.eg/media/images/listing/AHBK008QSHKERQ38QFN81WPDF8/6488631d-1997-4dc0-9bb7-a3c8a306dc00/1312x894.jpg,See the details of this Apartment for Sale in Midtown Condo.,5500000
78136082,3BR Chalet for Sale in Ras Al Hekma,https://www.propertyfinder.eg/to/601ZWW4WZPAJPV6WYCDZ0TVXNG/en,https://static.shared.propertyfinder.eg/media/images/listing/601ZWW4WZPAJPV6WYCDZ0TVXNG/9cfe54f7-6fcb-4b8a-9548-0f2e2db1af88/1312x894.jpg,See the details of this Chalet for Sale in June.,990000
78136076,2BR Chalet for Sale in Ras Al Hekma,https://www.propertyfinder.eg/to/KY4ME9JC0ED8X3266ZCMDM94VW/en,https://static.shared.propertyfinder.eg/media/images/listing/KY4ME9JC0ED8X3266ZCMDM94VW/8257a40b-e108-4e10-93b8-d5efa2596aeb/1312x894.jpg,See the details of this Chalet for Sale in Cali Coast.,1100000
78136071,2BR Chalet for Sale in Ras Al Hekma,https://www.propertyfinder.eg/to/KZSAYEMQ4B9X0R4S2DW7NE8JY8/en,https://static.shared.propertyfinder.eg/media/images/listing/KZSAYEMQ4B9X0R4S2DW7NE8JY8/761870ac-f8fe-4cd1-88aa-53f0ea692695/1312x894.jpg,See the details of this Chalet for Sale in Koun.,2000000
78136044,4BR Villa for Sale in Ras Al Hekma,https://www.propertyfinder.eg/to/CKGH4Z91SF32CCEE3CF0ZMRMZW/en,https://static.shared.propertyfinder.eg/media/images/listing/CKGH4Z91SF32CCEE3CF0ZMRMZW/bf63b466-0acd-47bf-b76d-ff4d11104f57/1312x894.jpg,See the details of this Villa for Sale in Ceaser.,3402779
78136041,3BR Chalet for Sale in Ras Al Hekma,https://www.propertyfinder.eg/to/JPTRYQ1DS3ZP4VPKR8G0SSRR1W/en,https://static.shared.propertyfinder.eg/media/images/listing/JPTRYQ1DS3ZP4VPKR8G0SSRR1W/b203e3d7-2265-45da-b2fc-b2d9c1036d49/1312x894.jpg,See the details of this Chalet for Sale in June.,2070972
78136035,2BR Chalet for Sale in Hurghada,https://www.propertyfinder.eg/to/GCJ61W6DYD8AZVG2PBDNPWXKC4/en,https://static.shared.propertyfinder.eg/media/images/listing/GCJ61W6DYD8AZVG2PBDNPWXKC4/7b31979b-01f5-46b3-96f2-a97fa34b187e/1312x894.jpg,See the details of this Chalet for Sale in Soma Bay.,1527922
78135974,3BR Chalet for Sale in Ras Al Hekma,https://www.propertyfinder.eg/to/4YWWMP7S1PJBWMRTXT8MP6DXNR/en,https://static.shared.propertyfinder.eg/media/images/listing/4YWWMP7S1PJBWMRTXT8MP6DXNR/f7b26691-9b49-4826-83ce-1433a8d0a155/1312x894.jpg,See the details of this Chalet for Sale in Cali Coast.,990000
78135970,1BR Chalet for Sale in Ras Al Hekma,https://www.propertyfinder.eg/to/DCRB41B7ASZ1XKM7AGY6ZQCSQW/en,https://static.shared.propertyfinder.eg/media/images/listing/DCRB41B7ASZ1XKM7AGY6ZQCSQW/ceca35d6-f63c-4bbb-b8a3-bd35fc04e637/1312x894.jpg,See the details of this Chalet for Sale in Direction White.,700000
78135895,6BR Villa for Sale in Qesm Marsa Matrouh,https://www.propertyfinder.eg/to/RZR136GSR1FCDWA5FCGZ3MAAC8/en,https://static.shared.propertyfinder.eg/media/images/listing/RZR136GSR1FCDWA5FCGZ3MAAC8/193ac873-be8b-49b5-ab74-6a5334b89c1b/1312x894.jpg,See the details of this Villa for Sale in Fouka Bay.,3000000
78135715,3BR Townhouse for Sale in New Cairo City,https://www.propertyfinder.eg/to/9420B2GBTSDZN3W3Y9S2CM86T4/en,https://static.shared.propertyfinder.eg/media/images/listing/9420B2GBTSDZN3W3Y9S2CM86T4/4badf372-9d78-4698-ad7c-fec0117ee4fd/1312x894.jpg,See the details of this Townhouse for Sale in City Gate.,27000000
78135700,4BR Villa for Sale in New Cairo City,https://www.propertyfinder.eg/to/69VCZNCPZX945552155XKKBR2M/en,https://static.shared.propertyfinder.eg/media/images/listing/69VCZNCPZX945552155XKKBR2M/4d60fb50-64e9-4d24-9a05-bd391154ce41/1312x894.jpg,See the details of this Villa for Sale in City Gate.,45777000
77879891,2BR Apartment for Sale in Mostakbal City - Future City,https://www.propertyfinder.eg/to/8PE8C8JFH805Z6BRE9R5JKVGBC/en,https://static.shared.propertyfinder.eg/media/images/listing/8PE8C8JFH805Z6BRE9R5JKVGBC/5abf9958-b4bc-447d-9df7-1b01dea41e26/1312x894.jpg,See the details of this Apartment for Sale in S1.,7500000
77879311,3BR iVilla for Sale in New Cairo City,https://www.propertyfinder.eg/to/4T75BC7BK5W4072BE82ET70YJC/en,https://static.shared.propertyfinder.eg/media/images/listing/4T75BC7BK5W4072BE82ET70YJC/823e9a5a-9a16-4d9a-9c04-8c923f1d92c1/1312x894.jpg,See the details of this iVilla for Sale in Mountain View Hyde Park.,18500000
77879270,4BR Villa for Sale in New Cairo City,https://www.propertyfinder.eg/to/MT2EX0HBSJYCKMZ11G5N8QPB9M/en,https://static.shared.propertyfinder.eg/media/images/listing/MT2EX0HBSJYCKMZ11G5N8QPB9M/9f53ceba-6fc5-4a71-880e-ebde32ca9aee/1312x894.jpg,See the details of this Villa for Sale in City Gate.,40906000
77879225,3BR Duplex for Sale in New Cairo City,https://www.propertyfinder.eg/to/25R445YSSTPNNYN7C8TYY5TG8M/en,https://static.shared.propertyfinder.eg/media/images/listing/25R445YSSTPNNYN7C8TYY5TG8M/7b73cb86-eb27-48c0-8e28-eab5fed6b9fe/1312x894.jpg,See the details of this Duplex for Sale in Palm Hills Village Gate.,14000000
77879161,2BR Chalet for Sale in Qesm Ad Dabaah,https://www.propertyfinder.eg/to/RH9YJ97RJ0DC3QKEFSBNQZNJVM/en,https://static.shared.propertyfinder.eg/media/images/listing/RH9YJ97RJ0DC3QKEFSBNQZNJVM/2bb5c357-f59e-45b5-b48c-4e5be22d813a/1312x894.jpg,See the details of this Chalet for Sale in Hacienda Waters.,12807000
77879129,3BR Chalet for Sale in Ras Al Hekma,https://www.propertyfinder.eg/to/Y6XVG49V37PE2XPY9K4QSMCA8W/en,https://static.shared.propertyfinder.eg/media/images/listing/Y6XVG49V37PE2XPY9K4QSMCA8W/3c034011-3a5f-4de4-b4aa-315cb975306c/1312x894.jpg,See the details of this Chalet for Sale in Mountain View.,12500000
77878644,4BR Townhouse for Sale in Qesm Marsa Matrouh,https://www.propertyfinder.eg/to/AR4Y9RHDFMDTV27C9XR5NT45X4/en,https://static.shared.propertyfinder.eg/media/images/listing/AR4Y9RHDFMDTV27C9XR5NT45X4/6640bad9-c4b9-43b5-b89e-52877383ea8b/1312x894.jpg,See the details of this Townhouse for Sale in Silver Sands.,37381000
77878571,4BR Villa for Sale in Sheikh Zayed City,https://www.propertyfinder.eg/to/WB5W7JJBC2X33NT9Q4WND82H8G/en,https://static.shared.propertyfinder.eg/media/images/listing/WB5W7JJBC2X33NT9Q4WND82H8G/1b9c141d-a341-44d0-b802-18f0e4772303/1312x894.jpg,See the details of this Villa for Sale in Belle Vie.,28011000
77878541,3BR Villa for Sale in Sheikh Zayed City,https://www.propertyfinder.eg/to/1QE1B13JPAKAW7SPZ4PYFYRA9M/en,https://static.shared.propertyfinder.eg/media/images/listing/1QE1B13JPAKAW7SPZ4PYFYRA9M/5620177e-0863-4453-a48c-dcb7d3d3dc0a/1312x894.jpg,See the details of this Villa for Sale in Belle Vie.,28700000
77878424,4BR Villa for Sale in Sheikh Zayed City,https://www.propertyfinder.eg/to/CQMSXFXQ2GT8PKY7A0SM5MR1DG/en,https://static.shared.propertyfinder.eg/media/images/listing/CQMSXFXQ2GT8PKY7A0SM5MR1DG/6de03700-fe2a-40cb-b193-f86cf36cddc5/1312x894.jpg,See the details of this Villa for Sale in Belle Vie.,45518000
77878356,6BR Villa for Sale in Sheikh Zayed City,https://www.propertyfinder.eg/to/MQF4CBP7BVNJH6VNAYE2F8T3YC/en,https://static.shared.propertyfinder.eg/media/images/listing/MQF4CBP7BVNJH6VNAYE2F8T3YC/eb367da0-7b74-4a0f-8f01-c825c71f8bfd/1312x894.jpg,See the details of this Villa for Sale in Belle Vie.,92000000
77878323,2BR Apartment for Sale in New Cairo City,https://www.propertyfinder.eg/to/KF1WZG9D60K8Q9FZ38H0KC6GBC/en,https://static.shared.propertyfinder.eg/media/images/listing/KF1WZG9D60K8Q9FZ38H0KC6GBC/6f461970-b537-4a9f-b002-a81648156791/1312x894.jpg,See the details of this Apartment for Sale in Mivida.,16000000
77878309,3BR Apartment for Sale in New Cairo City,https://www.propertyfinder.eg/to/1P0G4ETDV7QCH79JWM8WW6DAC4/en,https://static.shared.propertyfinder.eg/media/images/listing/1P0G4ETDV7QCH79JWM8WW6DAC4/07a2e8b1-89ef-49a1-a28f-91ecfad10fbe/1312x894.jpg,See the details of this Apartment for Sale in Mivida.,21500000
77878297,2BR Chalet for Sale in Qesm Ad Dabaah,https://www.propertyfinder.eg/to/2RBTB7WR2W3KSX570H02PHRZBW/en,https://static.shared.propertyfinder.eg/media/images/listing/2RBTB7WR2W3KSX570H02PHRZBW/5db0a975-a75c-4b09-820a-5624c6ac61f9/1312x894.jpg,See the details of this Chalet for Sale in Dose.,5271000
77878265,2BR Apartment for Sale in New Cairo City,https://www.propertyfinder.eg/to/BP79556V4Y5MM9PYV90CN6N6BW/en,https://static.shared.propertyfinder.eg/media/images/listing/BP79556V4Y5MM9PYV90CN6N6BW/ffb19f76-4744-4da4-a9ac-fd3edb7f9e1b/1312x894.jpg,See the details of this Apartment for Sale in Mivida.,19000000
77878262,4BR Apartment for Sale in New Cairo City,https://www.propertyfinder.eg/to/FM4SSB1KA8QZDFADHKSK7684PG/en,https://static.shared.propertyfinder.eg/media/images/listing/FM4SSB1KA8QZDFADHKSK7684PG/7e64ef25-788a-4e75-94cd-5ac678b58c4d/1312x894.jpg,See the details of this Apartment for Sale in Mivida.,31500000
77878231,3BR Apartment for Sale in New Cairo City,https://www.propertyfinder.eg/to/0ED301F7W1QB2AH9VBP5K9RXNC/en,https://static.shared.propertyfinder.eg/media/images/listing/0ED301F7W1QB2AH9VBP5K9RXNC/b9fe1b9c-17bb-496e-ad27-4c582aec07a3/1312x894.jpg,See the details of this Apartment for Sale in Mivida.,18000000
77878226,2BR Apartment for Sale in New Cairo City,https://www.propertyfinder.eg/to/5VSNSX3DWA425MCBV14WGFHB24/en,https://static.shared.propertyfinder.eg/media/images/listing/5VSNSX3DWA425MCBV14WGFHB24/0dc95161-ca79-4093-a17d-882dff6ada49/1312x894.jpg,See the details of this Apartment for Sale in Mivida.,17500000
77878052,2BR Chalet for Sale in Hurghada,https://www.propertyfinder.eg/to/KR5XBQ7A0V47DBD09K417K2A6W/en,https://static.shared.propertyfinder.eg/media/images/listing/KR5XBQ7A0V47DBD09K417K2A6W/694f753a-0fbc-4d44-9d59-e7cd83b86d49/1312x894.jpg,See the details of this Chalet for Sale in Swan Lake Gouna.,3400000
77877090,3BR Chalet for Sale in Qesm Marsa Matrouh,https://www.propertyfinder.eg/to/FR0SSPC4WCRKB9BR710F76T27G/en,https://static.shared.propertyfinder.eg/media/images/listing/FR0SSPC4WCRKB9BR710F76T27G/20f3a81c-49ca-4abb-8ec5-241e74c2bac0/1312x894.jpg,See the details of this Chalet for Sale in Silver Sands.,17000000
77876518,3BR Chalet for Sale in Qesm Marsa Matrouh,https://www.propertyfinder.eg/to/7FYFABDTB6G8S8M914J5NJDEWW/en,https://static.shared.propertyfinder.eg/media/images/listing/7FYFABDTB6G8S8M914J5NJDEWW/50615a60-8ca4-47cf-b2bb-e47eaa7fd7f5/1312x894.jpg,See the details of this Chalet for Sale in Silver Sands.,17000000
77875671,2BR Chalet for Sale in Sidi Abdel Rahman,https://www.propertyfinder.eg/to/ZBD8Y1M4NZ3Y9V0ZXPZWQP16B8/en,https://static.shared.propertyfinder.eg/media/images/listing/ZBD8Y1M4NZ3Y9V0ZXPZWQP16B8/c6a86ac2-04f7-4caa-9167-8a1d14803a29/1312x894.jpg,See the details of this Chalet for Sale in Marassi.,26500000
77875532,1BR Chalet for Sale in Ras Al Hekma,https://www.propertyfinder.eg/to/55J1SF52DFPT2D101W49QJKGTC/en,https://static.shared.propertyfinder.eg/media/images/listing/55J1SF52DFPT2D101W49QJKGTC/b27a2641-365e-43d5-9d11-a8ef7a9d5a75/1312x894.jpg,See the details of this Chalet for Sale in Modon Abu Dhabi.,10500000
77875455,4BR Villa for Sale in New Cairo City,https://www.propertyfinder.eg/to/9SG3FCFPPHP0PWB7W3NBPWGHCR/en,https://static.shared.propertyfinder.eg/media/images/listing/9SG3FCFPPHP0PWB7W3NBPWGHCR/81a5dda3-956f-4d55-9eb4-fc0184282c4b/1312x894.jpg,See the details of this Villa for Sale in Palm Hills New Cairo.,24500000
77875450,2BR Chalet for Sale in Qesm Marsa Matrouh,https://www.propertyfinder.eg/to/0S9B7VQM4D4Y5S4M7RM96E8FER/en,https://static.shared.propertyfinder.eg/media/images/listing/0S9B7VQM4D4Y5S4M7RM96E8FER/dbe753df-689d-4e0f-9405-4b81a31fe81e/1312x894.jpg,See the details of this Chalet for Sale in Silver Sands.,13000000
77875383,2BR Apartment for Sale in New Cairo City,https://www.propertyfinder.eg/to/A6BX782WXTG7BG5HTF927ZFS48/en,https://static.shared.propertyfinder.eg/media/images/listing/A6BX782WXTG7BG5HTF927ZFS48/2250986c-68d7-43d9-8b8b-b7cb20c0111c/1312x894.jpg,See the details of this Apartment for Sale in District 5.,14000000
77875367,3BR Townhouse for Sale in New Cairo City,https://www.propertyfinder.eg/to/XZKYDFRE99JBGJ3RK22DGG93Y8/en,https://static.shared.propertyfinder.eg/media/images/listing/XZKYDFRE99JBGJ3RK22DGG93Y8/c4a0f6d8-9611-4048-af01-945ffc0a0340/1312x894.jpg,See the details of this Townhouse for Sale in District 5.,19500000
77875355,3BR Townhouse for Sale in New Cairo City,https://www.propertyfinder.eg/to/KZSQE97FXH4D83B350X5KP8KGG/en,https://static.shared.propertyfinder.eg/media/images/listing/KZSQE97FXH4D83B350X5KP8KGG/fc35507f-1f9f-4cb9-aade-927e87327768/1312x894.jpg,See the details of this Townhouse for Sale in City Gate.,24000000
77873895,5BR Villa for Sale in Al Alamein,https://www.propertyfinder.eg/to/BP17JH68SK9FWV9TTWR9BZT7A8/en,https://static.shared.propertyfinder.eg/media/images/listing/BP17JH68SK9FWV9TTWR9BZT7A8/5565f622-4308-4d6a-9bfb-22dc9d6538f5/1312x894.jpg,See the details of this Villa for Sale in Marina 8.,1800000
77872093,3BR Chalet for Sale in Al Ain Al Sokhna,https://www.propertyfinder.eg/to/B86SGEZYXZ5Y4MAJY0SFXGR6GM/en,https://static.shared.propertyfinder.eg/media/images/listing/B86SGEZYXZ5Y4MAJY0SFXGR6GM/7fff31cf-6d5e-4700-b40b-5a7280b8f74b/1312x894.jpg,See the details of this Chalet for Sale in La Vista Gardens.,850000
77615821,4BR Villa for Sale in Qesm Marsa Matrouh,https://www.propertyfinder.eg/to/ABCJMBAFTGYSJFN2DV3WKXEKR4/en,https://static.shared.propertyfinder.eg/media/images/listing/ABCJMBAFTGYSJFN2DV3WKXEKR4/eddf9ba4-a47a-433e-9fee-12cc30eab08c/1312x894.jpg,See the details of this Villa for Sale in Silver Sands.,3800000
77614499,2BR Chalet for Sale in Ras Al Hekma,https://www.propertyfinder.eg/to/8SQXEPZWB2JDQ00820GZXAHH68/en,https://static.shared.propertyfinder.eg/media/images/listing/8SQXEPZWB2JDQ00820GZXAHH68/cc330fd1-7db5-475e-9266-44ade3b53b78/1312x894.jpg,See the details of this Chalet for Sale in Azha North.,10300000
77614497,3BR Chalet for Sale in Hurghada,https://www.propertyfinder.eg/to/TY1EP258M230PNGEQ0Z8W8TEW4/en,https://static.shared.propertyfinder.eg/media/images/listing/TY1EP258M230PNGEQ0Z8W8TEW4/a340dc18-1e18-4aab-b808-0f561f5cf8ac/1312x894.jpg,See the details of this Chalet for Sale in Mesca.,18921000
77614430,2BR Chalet for Sale in Ras Al Hekma,https://www.propertyfinder.eg/to/J054EQKEBKN71XJ61ZFPXEGY9M/en,https://static.shared.propertyfinder.eg/media/images/listing/J054EQKEBKN71XJ61ZFPXEGY9M/ae81d2f1-c52d-41b9-bb4e-f6185ed37eed/1312x894.jpg,See the details of this Chalet for Sale in June.,15600000
77614427,2BR Villa for Sale in Hurghada,https://www.propertyfinder.eg/to/YGMV74KTANEKCCVNKX7ME0SGA0/en,https://static.shared.propertyfinder.eg/media/images/listing/YGMV74KTANEKCCVNKX7ME0SGA0/09183406-4786-4693-8081-b83927d9a204/1312x894.jpg,See the details of this Villa for Sale in Mesca.,21660000
77614420,4BR Villa for Sale in Qesm Marsa Matrouh,https://www.propertyfinder.eg/to/KHRD0BTKW2Q3PGDJZFA27EHH78/en,https://static.shared.propertyfinder.eg/media/images/listing/KHRD0BTKW2Q3PGDJZFA27EHH78/2a9636fe-abd6-4171-af90-fc04268976b1/1312x894.jpg,See the details of this Villa for Sale in Almaza Bay.,40000000
77614413,2BR Chalet for Sale in Ras Al Hekma,https://www.propertyfinder.eg/to/J0K2X36A15W4678EAQ3HBMG0SG/en,https://static.shared.propertyfinder.eg/media/images/listing/J0K2X36A15W4678EAQ3HBMG0SG/2bb3eacb-0c87-44c2-82b4-11c3642d489b/1312x894.jpg,See the details of this Chalet for Sale in Hacienda West.,11000000
77614383,4BR Twin House for Sale in Qesm Marsa Matrouh,https://www.propertyfinder.eg/to/AHMW0JMQBMEY02Z0RJTGCMKSK8/en,https://static.shared.propertyfinder.eg/media/images/listing/AHMW0JMQBMEY02Z0RJTGCMKSK8/c345f1ea-9db8-46d5-8258-86bb9107cb68/1312x894.jpg,See the details of this Twin House for Sale in Silver Sands.,42000000
77614376,2BR Chalet for Sale in Qesm Marsa Matrouh,https://www.propertyfinder.eg/to/Z79JEX1544EDKQ0P5CB7ME6NCG/en,https://static.shared.propertyfinder.eg/media/images/listing/Z79JEX1544EDKQ0P5CB7ME6NCG/eef5b558-9962-409b-806b-bc407a6d4bad/1312x894.jpg,See the details of this Chalet for Sale in Silver Sands.,12250000
77614080,2BR Chalet for Sale in Sidi Abdel Rahman,https://www.propertyfinder.eg/to/ZQJA5VN8AKNE5RRX859C24RC4W/en,https://static.shared.propertyfinder.eg/media/images/listing/ZQJA5VN8AKNE5RRX859C24RC4W/2de56acb-3167-4329-91c4-d1a207e44bad/1312x894.jpg,See the details of this Chalet for Sale in Marassi.,35000000
77614050,3BR Chalet for Sale in Sidi Abdel Rahman,https://www.propertyfinder.eg/to/W7ZZ7Q42FW75KF0NTEGFC44PWC/en,https://static.shared.propertyfinder.eg/media/images/listing/W7ZZ7Q42FW75KF0NTEGFC44PWC/e92bd123-0677-4b0f-a93a-22446f906e10/1312x894.jpg,See the details of this Chalet for Sale in Marassi.,19990000
77614043,4BR Villa for Sale in New Heliopolis,https://www.propertyfinder.eg/to/SYGHVQHCT5TDN9NBCJWE2RJE70/en,https://static.shared.propertyfinder.eg/media/images/listing/SYGHVQHCT5TDN9NBCJWE2RJE70/92beb307-4490-45e0-a626-393509031cc0/1312x894.jpg,See the details of this Villa for Sale in Sodic East.,33000000
77614042,1BR Chalet for Sale in Ras Al Hekma,https://www.propertyfinder.eg/to/8TVJ5BZ7WXPMR9CV9ZJXTSXE1M/en,https://static.shared.propertyfinder.eg/media/images/listing/8TVJ5BZ7WXPMR9CV9ZJXTSXE1M/295fef06-0e9f-4c1b-a239-81e78369a9f8/1312x894.jpg,See the details of this Chalet for Sale in Modon Abu Dhabi.,11500000
77614029,2BR Chalet for Sale in Sidi Abdel Rahman,https://www.propertyfinder.eg/to/H1K9GT9YRXWB2EJMA8JJJMGG94/en,https://static.shared.propertyfinder.eg/media/images/listing/H1K9GT9YRXWB2EJMA8JJJMGG94/98f1fb03-82b8-43b9-b8b7-1826d45022d6/1312x894.jpg,See the details of this Chalet for Sale in Marassi.,16000000
77614018,2BR Apartment for Sale in Mostakbal City - Future City,https://www.propertyfinder.eg/to/YXGJ8WHS8AHK0XZRX3J8KB57R0/en,https://static.shared.propertyfinder.eg/media/images/listing/YXGJ8WHS8AHK0XZRX3J8KB57R0/e3ad74d5-428b-4775-9f98-ba7d5a0b5cfa/1312x894.jpg,See the details of this Apartment for Sale in S1.,4350000
77614017,1BR Chalet for Sale in Sidi Abdel Rahman,https://www.propertyfinder.eg/to/CBYP010WAECSSRJMRFRVRCE2J0/en,https://static.shared.propertyfinder.eg/media/images/listing/CBYP010WAECSSRJMRFRVRCE2J0/ee3626b8-9ff5-4644-b928-00a243cb5102/1312x894.jpg,See the details of this Chalet for Sale in Marassi.,13000000
77614009,3BR Apartment for Sale in Ring Road,https://www.propertyfinder.eg/to/8NY7TQCPATVK79K2576EVXQ7BG/en,https://static.shared.propertyfinder.eg/media/images/listing/8NY7TQCPATVK79K2576EVXQ7BG/43c376a1-0db2-43b6-81c1-da2c6a3df56a/1312x894.jpg,See the details of this Apartment for Sale in Tag Sultan.,7000000
77613960,2BR Chalet for Sale in Sidi Abdel Rahman,https://www.propertyfinder.eg/to/S76Q3P1JATF9B0MS8DXGG2ARG4/en,https://static.shared.propertyfinder.eg/media/images/listing/S76Q3P1JATF9B0MS8DXGG2ARG4/51b4db29-99b5-4c58-890a-f1db5e7fcc76/1312x894.jpg,See the details of this Chalet for Sale in Marassi.,21000000
77613425,4BR Chalet for Sale in Ras Al Hekma,https://www.propertyfinder.eg/to/K8GMJ65M77WHME778913HX4K4G/en,https://static.shared.propertyfinder.eg/media/images/listing/K8GMJ65M77WHME778913HX4K4G/cd59d174-2f8e-462a-ba55-f62e26713ae1/1312x894.jpg,See the details of this Chalet for Sale in Hacienda West.,23500000
77613392,3BR Apartment for Sale in New Cairo City,https://www.propertyfinder.eg/to/C7E9M8D56YBBD2736MCFHKNFWR/en,https://static.shared.propertyfinder.eg/media/images/listing/C7E9M8D56YBBD2736MCFHKNFWR/00889363-a97f-4d23-b6a6-0936a621dfb9/1312x894.jpg,See the details of this Apartment for Sale in Mivida.,26000000
77613374,2BR Chalet for Sale in Qesm Marsa Matrouh,https://www.propertyfinder.eg/to/N7EJYQSKPD74TCA9D7QSC1EMN4/en,https://static.shared.propertyfinder.eg/media/images/listing/N7EJYQSKPD74TCA9D7QSC1EMN4/4f4e7f31-fd00-4258-b24e-c978c3ba47f5/1312x894.jpg,See the details of this Chalet for Sale in Marsa Baghush.,11000000
77613304,2BR Apartment for Sale in New Cairo City,https://www.propertyfinder.eg/to/19BWPSARFEBH8D3E4TC6PZQ3ZG/en,https://static.shared.propertyfinder.eg/media/images/listing/19BWPSARFEBH8D3E4TC6PZQ3ZG/c6eba72d-09f6-410e-a82f-19505a53247a/1312x894.jpg,See the details of this Apartment for Sale in Lake View Residence.,14000000
77613238,3BR Apartment for Sale in New Cairo City,https://www.propertyfinder.eg/to/1FC4S65D7YVS2D511KRNZQKHE8/en,https://static.shared.propertyfinder.eg/media/images/listing/1FC4S65D7YVS2D511KRNZQKHE8/4ddc4a24-3609-41ef-8f4d-a7d6ca93a103/1312x894.jpg,See the details of this Apartment for Sale in El Patio Vida.,13790000
77613211,3BR Apartment for Sale in New Cairo City,https://www.propertyfinder.eg/to/BMH12MMJ9VJDFYXEP42XQW0DDR/en,https://static.shared.propertyfinder.eg/media/images/listing/BMH12MMJ9VJDFYXEP42XQW0DDR/01904c3d-c52e-4a54-b5db-13570e8bc5ce/1312x894.jpg,See the details of this Apartment for Sale in Mivida.,26800000
77613100,4BR Villa for Sale in 6 October City,https://www.propertyfinder.eg/to/GWMEPS081K430JWKCMM56VDTBW/en,https://static.shared.propertyfinder.eg/media/images/listing/GWMEPS081K430JWKCMM56VDTBW/095e6596-0c12-4c32-ab7f-5e0252ceed09/1312x894.jpg,See the details of this Villa for Sale in O West.,30000000
77613034,2BR Chalet for Sale in Qesm Ad Dabaah,https://www.propertyfinder.eg/to/17FV512JX7PMAX49VAZ0M6H3KR/en,https://static.shared.propertyfinder.eg/media/images/listing/17FV512JX7PMAX49VAZ0M6H3KR/21f4dcb6-1d7e-4c0f-b173-892f9a89ff0a/1312x894.jpg,See the details of this Chalet for Sale in Hacienda Waters.,14700000
77613020,2BR Chalet for Sale in Qesm Marsa Matrouh,https://www.propertyfinder.eg/to/V0DRGBV3YDN2S9SVGQ0SNADGT4/en,https://static.shared.propertyfinder.eg/media/images/listing/V0DRGBV3YDN2S9SVGQ0SNADGT4/42a6d6a2-8b6f-42b6-bed7-35e278970079/1312x894.jpg,See the details of this Chalet for Sale in Almaza Bay.,14000000
77613003,1BR Chalet for Sale in Qesm Marsa Matrouh,https://www.propertyfinder.eg/to/W52HV66HQN4Z4SW3HK9QRKJPBG/en,https://static.shared.propertyfinder.eg/media/images/listing/W52HV66HQN4Z4SW3HK9QRKJPBG/e3b80333-680c-4d88-bc79-0a4f1a5ad146/1312x894.jpg,See the details of this Chalet for Sale in Marsa Baghush.,10000000
77612996,4BR Twin House for Sale in Qesm Marsa Matrouh,https://www.propertyfinder.eg/to/16478YR0YA98AVMRZ9GBRWBNJR/en,https://static.shared.propertyfinder.eg/media/images/listing/16478YR0YA98AVMRZ9GBRWBNJR/9df1cabd-a54b-4063-b2aa-f1ba1b900d18/1312x894.jpg,See the details of this Twin House for Sale in Almaza Bay.,43000000
77612920,2BR Chalet for Sale in Qesm Marsa Matrouh,https://www.propertyfinder.eg/to/QKTK0YRHG3G84EVCQ44A6747JG/en,https://static.shared.propertyfinder.eg/media/images/listing/QKTK0YRHG3G84EVCQ44A6747JG/5dc56705-6062-40be-9f41-7ee082f774f8/1312x894.jpg,See the details of this Chalet for Sale in Almaza Bay.,51094000
77612890,3BR Chalet for Sale in Ras Al Hekma,https://www.propertyfinder.eg/to/3H83QHWAHGK7725HAS6KMP4BZG/en,https://static.shared.propertyfinder.eg/media/images/listing/3H83QHWAHGK7725HAS6KMP4BZG/f6898cd1-15d9-4e34-9238-f28d71ffe071/1312x894.jpg,See the details of this Chalet for Sale in Hacienda West.,18500000
77612816,3BR Chalet for Sale in Hurghada,https://www.propertyfinder.eg/to/FY3YNHAMKET4J155G34B4AD2AC/en,https://static.shared.propertyfinder.eg/media/images/listing/FY3YNHAMKET4J155G34B4AD2AC/92fab21e-d01c-42ea-b9d0-22431d2c8277/1312x894.jpg,See the details of this Chalet for Sale in Blanca Gardens.,17400000
77612740,2BR Apartment for Sale in New Cairo City,https://www.propertyfinder.eg/to/V246EVST54ZKC4X80RSWJH979W/en,https://static.shared.propertyfinder.eg/media/images/listing/V246EVST54ZKC4X80RSWJH979W/585458c4-e0e2-4550-b7e9-270f4a8fe29b/1312x894.jpg,See the details of this Apartment for Sale in Mivida.,16500000
77612708,3BR Chalet for Sale in Sidi Abdel Rahman,https://www.propertyfinder.eg/to/T2EJ9G7WBRNSN1XN7C6X3Q58AR/en,https://static.shared.propertyfinder.eg/media/images/listing/T2EJ9G7WBRNSN1XN7C6X3Q58AR/2286c4bb-caf0-40a7-82a3-3dd2ae4a1634/1312x894.jpg,See the details of this Chalet for Sale in Playa Resort.,12800000
77612705,2BR Apartment for Sale in New Cairo City,https://www.propertyfinder.eg/to/CFAD43HFQW4B9K1FEV44QG3MZW/en,https://static.shared.propertyfinder.eg/media/images/listing/CFAD43HFQW4B9K1FEV44QG3MZW/23468fb5-6b58-4b48-aa68-76944e8e5fc2/1312x894.jpg,See the details of this Apartment for Sale in Mountain View iCity.,7000000
77612685,2BR Chalet for Sale in Ras Al Hekma,https://www.propertyfinder.eg/to/KEJCAMS18TT5XKRY3DCYR0K1JC/en,https://static.shared.propertyfinder.eg/media/images/listing/KEJCAMS18TT5XKRY3DCYR0K1JC/2561c37c-07b2-4590-be2f-ad5f3ad9ee40/1312x894.jpg,See the details of this Chalet for Sale in Hacienda West.,14300000
77612594,2BR Chalet for Sale in Qesm Marsa Matrouh,https://www.propertyfinder.eg/to/KYRE9AAJ68TGXP4M9TQE7YHVN0/en,https://static.shared.propertyfinder.eg/media/images/listing/KYRE9AAJ68TGXP4M9TQE7YHVN0/daa5467d-3d87-417a-bf04-7692f7c3e25b/1312x894.jpg,See the details of this Chalet for Sale in Silver Sands.,14000000
77612465,2BR Chalet for Sale in Qesm Marsa Matrouh,https://www.propertyfinder.eg/to/MV7WBVWJFKH33RXMYNJRWP42W4/en,https://static.shared.propertyfinder.eg/media/images/listing/MV7WBVWJFKH33RXMYNJRWP42W4/21d36bdf-5bad-4469-8f34-2573ca6e4bf9/1312x894.jpg,See the details of this Chalet for Sale in Silver Sands.,18356000
77612418,1BR Chalet for Sale in Ras Al Hekma,https://www.propertyfinder.eg/to/DG746MAVRGNQ2WWSPHJAYC7G6R/en,https://static.shared.propertyfinder.eg/media/images/listing/DG746MAVRGNQ2WWSPHJAYC7G6R/66424ba6-1baf-4c97-b0f0-f8df46f4e13f/1312x894.jpg,See the details of this Chalet for Sale in Hacienda West.,11700000
77612405,6BR Villa for Sale in Sidi Abdel Rahman,https://www.propertyfinder.eg/to/76BHDD6GMEXZ57QX7X36BWM96W/en,https://static.shared.propertyfinder.eg/media/images/listing/76BHDD6GMEXZ57QX7X36BWM96W/a1a22c44-f5bf-4e1c-9e53-010879177bb7/1312x894.jpg,See the details of this Villa for Sale in Hacienda Bay.,75000000
77612388,2BR Chalet for Sale in Qesm Marsa Matrouh,https://www.propertyfinder.eg/to/9KWMR5P4S53BWMP99HZ6SYSTQR/en,https://static.shared.propertyfinder.eg/media/images/listing/9KWMR5P4S53BWMP99HZ6SYSTQR/e36153ca-fc7e-40c7-bc28-cad2c39397a5/1312x894.jpg,See the details of this Chalet for Sale in Silver Sands.,11500000
77612229,2BR Apartment for Sale in New Cairo City,https://www.propertyfinder.eg/to/P8H3KBSF7K7RBVPW8BFCQD2PQW/en,https://static.shared.propertyfinder.eg/media/images/listing/P8H3KBSF7K7RBVPW8BFCQD2PQW/3de73750-079d-4b42-a61b-f2c03677c9ef/1312x894.jpg,See the details of this Apartment for Sale in Garden Residence.,9000000
77612092,3BR Chalet for Sale in Ras Al Hekma,https://www.propertyfinder.eg/to/3XP0DAJ8RDM0BY82VBEEH1BT8C/en,https://static.shared.propertyfinder.eg/media/images/listing/3XP0DAJ8RDM0BY82VBEEH1BT8C/cdcee32a-3980-4d43-85a8-45e064ab00e1/1312x894.jpg,See the details of this Chalet for Sale in Seashore.,25000000
77611938,3BR Twin House for Sale in Al Ain Al Sokhna,https://www.propertyfinder.eg/to/0YN5HB84HX9TE7HQFF1J4M5H74/en,https://static.shared.propertyfinder.eg/media/images/listing/0YN5HB84HX9TE7HQFF1J4M5H74/50c3b14b-f419-4d84-b957-bc6ce20b2d12/1312x894.jpg,See the details of this Twin House for Sale in Telal Al Sokhna.,12500000
77611917,5BR Villa for Sale in Qesm Marsa Matrouh,https://www.propertyfinder.eg/to/NR2RHTQT9NZ5HNM1R99NMRCCE8/en,https://static.shared.propertyfinder.eg/media/images/listing/NR2RHTQT9NZ5HNM1R99NMRCCE8/7cbc11a3-c589-46bc-ae2d-b6a62bd0d274/1312x894.jpg,See the details of this Villa for Sale in Silver Sands.,39889000
77611822,3BR Chalet for Sale in Hurghada,https://www.propertyfinder.eg/to/H7WF5CWP3RA800FPX5RF4G0YZ4/en,https://static.shared.propertyfinder.eg/media/images/listing/H7WF5CWP3RA800FPX5RF4G0YZ4/1d11095e-e93f-4f57-8174-490455b5db11/1312x894.jpg,See the details of this Chalet for Sale in Mesca.,16000000
77611808,2BR Chalet for Sale in Ras Al Hekma,https://www.propertyfinder.eg/to/24TA3T67HYGSJ8PTB85G114ZSG/en,https://static.shared.propertyfinder.eg/media/images/listing/24TA3T67HYGSJ8PTB85G114ZSG/bcb819a3-d44d-49e5-97a0-da4ea3dea464/1312x894.jpg,See the details of this Chalet for Sale in La vista Ras El Hikma.,11000000
77611782,3BR Apartment for Sale in Mostakbal City - Future City,https://www.propertyfinder.eg/to/YFV61S04NRKN85ZTV04X2T07Z0/en,https://static.shared.propertyfinder.eg/media/images/listing/YFV61S04NRKN85ZTV04X2T07Z0/b5923779-7fb9-4e0f-b5df-4a44a516f0e3/1312x894.jpg,See the details of this Apartment for Sale in Elm Tree Park.,8500000
77611737,2BR Chalet for Sale in Ras Al Hekma,https://www.propertyfinder.eg/to/RP8P8RF1MMWVCEJHW964GEX22W/en,https://static.shared.propertyfinder.eg/media/images/listing/RP8P8RF1MMWVCEJHW964GEX22W/de326aeb-fea7-466f-919e-35ccb04b7f94/1312x894.jpg,See the details of this Chalet for Sale in Azha North.,10000000
77611715,3BR Chalet for Sale in Qesm Marsa Matrouh,https://www.propertyfinder.eg/to/NDZA1GBX8QFD7B0JD1AHB82VER/en,https://static.shared.propertyfinder.eg/media/images/listing/NDZA1GBX8QFD7B0JD1AHB82VER/af8f8f42-8cfd-4df2-bf30-1ac84605769b/1312x894.jpg,See the details of this Chalet for Sale in Caesar.,17000000
77611653,2BR Chalet for Sale in Ras Al Hekma,https://www.propertyfinder.eg/to/HBT73SZX9B8ZNMCCZ09SJJB22C/en,https://static.shared.propertyfinder.eg/media/images/listing/HBT73SZX9B8ZNMCCZ09SJJB22C/034eaf86-5d4a-4884-89d9-279291e7053d/1312x894.jpg,See the details of this Chalet for Sale in Hacienda West.,11000000
77611618,3BR Chalet for Sale in Hurghada,https://www.propertyfinder.eg/to/M322A0EQSNED2WVFSRHDD62BFG/en,https://static.shared.propertyfinder.eg/media/images/listing/M322A0EQSNED2WVFSRHDD62BFG/ad6a8f78-2399-4764-96fa-b4f91ba3ac02/1312x894.jpg,See the details of this Chalet for Sale in Marassi Red Sea.,18000000
77611611,4BR Chalet for Sale in Qesm Marsa Matrouh,https://www.propertyfinder.eg/to/NYATS6WY7KDA45C87KD8WRGSM8/en,https://static.shared.propertyfinder.eg/media/images/listing/NYATS6WY7KDA45C87KD8WRGSM8/b65d099f-b1d1-4c5e-b0b4-63be32c75bd6/1312x894.jpg,See the details of this Chalet for Sale in Silver Sands.,39500000
77611588,4BR Chalet for Sale in Qesm Marsa Matrouh,https://www.propertyfinder.eg/to/Y0FJKJTXPVJPBXG99RKVF0DGHG/en,https://static.shared.propertyfinder.eg/media/images/listing/Y0FJKJTXPVJPBXG99RKVF0DGHG/b4b0ce32-5ec1-491f-ad6d-2496e01dcdfe/1312x894.jpg,See the details of this Chalet for Sale in Almaza Bay.,9000000
77611585,2BR Chalet for Sale in Ras Al Hekma,https://www.propertyfinder.eg/to/8CHFV18BH5MRRH9QJEZ603VD28/en,https://static.shared.propertyfinder.eg/media/images/listing/8CHFV18BH5MRRH9QJEZ603VD28/2cd786cf-0560-4938-a3ee-b19d20dbd155/1312x894.jpg,See the details of this Chalet for Sale in Azha North.,16000000
77611489,5BR Villa for Sale in Qesm Marsa Matrouh,https://www.propertyfinder.eg/to/FG3RGHGQJDPW77W3GPNCTVST2C/en,https://static.shared.propertyfinder.eg/media/images/listing/FG3RGHGQJDPW77W3GPNCTVST2C/3c1d3431-9b0f-437c-8b7c-32558aaf704d/1312x894.jpg,See the details of this Villa for Sale in Caesar.,29000000
77611452,4BR Villa for Sale in Ras Al Hekma,https://www.propertyfinder.eg/to/N0MQG7CYQE8SN08XY0DRXZJJXW/en,https://static.shared.propertyfinder.eg/media/images/listing/N0MQG7CYQE8SN08XY0DRXZJJXW/20bd4449-43a1-41b6-9c6f-121fc185e9bc/1312x894.jpg,See the details of this Villa for Sale in Ramla.,38000000
77611413,2BR Chalet for Sale in Qesm Marsa Matrouh,https://www.propertyfinder.eg/to/C7JVAXCX7ZZ61F1RKW5VJ3WJZM/en,https://static.shared.propertyfinder.eg/media/images/listing/C7JVAXCX7ZZ61F1RKW5VJ3WJZM/2145382a-6a93-4b92-9ab8-a30b6b80aaaa/1312x894.jpg,See the details of this Chalet for Sale in Almaza Bay.,15500000
77611397,3BR Chalet for Sale in Qesm Marsa Matrouh,https://www.propertyfinder.eg/to/Z6XVPP2JQVGZN65XX9N71EKANW/en,https://static.shared.propertyfinder.eg/media/images/listing/Z6XVPP2JQVGZN65XX9N71EKANW/1bf66c23-fa21-4e00-a32d-5e864196bf58/1312x894.jpg,See the details of this Chalet for Sale in Almaza Bay.,18500000
77611259,4BR Chalet for Sale in Qesm Marsa Matrouh,https://www.propertyfinder.eg/to/QQ1WY4AD6KYHF9QTRX9K9G6QRG/en,https://static.shared.propertyfinder.eg/media/images/listing/QQ1WY4AD6KYHF9QTRX9K9G6QRG/1911d5c5-96d5-4d53-b290-6915eaab1a5c/1312x894.jpg,See the details of this Chalet for Sale in Silver Sands.,22068000
77611256,2BR Apartment for Sale in New Cairo City,https://www.propertyfinder.eg/to/D8SQDDJCA5BM32RRZMNDV8XW3G/en,https://static.shared.propertyfinder.eg/media/images/listing/D8SQDDJCA5BM32RRZMNDV8XW3G/868878f0-02c4-4ed3-be06-40c39358f463/1312x894.jpg,See the details of this Apartment for Sale in Palm Hills New Cairo.,7500000
77611253,2BR Chalet for Sale in Ras Al Hekma,https://www.propertyfinder.eg/to/7X4BBV3DF7BACWB0DGT41Z5JX0/en,https://static.shared.propertyfinder.eg/media/images/listing/7X4BBV3DF7BACWB0DGT41Z5JX0/0ecd2490-a947-41b9-b9da-4c60e61344c5/1312x894.jpg,See the details of this Chalet for Sale in Azha North.,14500000
77611247,4BR Chalet for Sale in Sidi Abdel Rahman,https://www.propertyfinder.eg/to/506NXJEDEFVRGN56X4CH6WXBBR/en,https://static.shared.propertyfinder.eg/media/images/listing/506NXJEDEFVRGN56X4CH6WXBBR/f148729c-6c2d-422e-aea0-2da555c58ee9/1312x894.jpg,See the details of this Chalet for Sale in Marassi.,35000000
77611246,3BR Chalet for Sale in Qesm Marsa Matrouh,https://www.propertyfinder.eg/to/SMME7ADYX24J1ET4NAHY5SVCBM/en,https://static.shared.propertyfinder.eg/media/images/listing/SMME7ADYX24J1ET4NAHY5SVCBM/808919d1-e70f-4f08-bbfb-5c301949ed51/1312x894.jpg,See the details of this Chalet for Sale in Silver Sands.,19000000
77611242,4BR Villa for Sale in New Cairo City,https://www.propertyfinder.eg/to/JVM7X2Q4E46W2YQ2EVMPEFYRPG/en,https://static.shared.propertyfinder.eg/media/images/listing/JVM7X2Q4E46W2YQ2EVMPEFYRPG/8ae6061e-3f5b-4443-97b6-a7cce77d1652/1312x894.jpg,See the details of this Villa for Sale in Mivida.,53000000
77611240,5BR Villa for Sale in Sidi Abdel Rahman,https://www.propertyfinder.eg/to/GXQ1SWGBSWYF1ZZV1GA9GFA4BC/en,https://static.shared.propertyfinder.eg/media/images/listing/GXQ1SWGBSWYF1ZZV1GA9GFA4BC/9173d203-1f02-47d0-97e3-0c322832b679/1312x894.jpg,See the details of this Villa for Sale in Marassi.,220000000
77611230,5BR Villa for Sale in Sidi Abdel Rahman,https://www.propertyfinder.eg/to/SAPACA3CZ612RJH1QSY5RW51ER/en,https://static.shared.propertyfinder.eg/media/images/listing/SAPACA3CZ612RJH1QSY5RW51ER/91a37645-1209-4e23-a60c-7e7ea3787b96/1312x894.jpg,See the details of this Villa for Sale in Seashell.,39000000
77611203,4BR Villa for Sale in Ras Al Hekma,https://www.propertyfinder.eg/to/RVJ1MV32JKYPJJSV2N1RE1TYH8/en,https://static.shared.propertyfinder.eg/media/images/listing/RVJ1MV32JKYPJJSV2N1RE1TYH8/6b185fcb-2b87-4079-80b5-51da05302161/1312x894.jpg,See the details of this Villa for Sale in Azha North.,19500000
77611190,2BR Chalet for Sale in Ras Al Hekma,https://www.propertyfinder.eg/to/EBSJHFHP1N53Y0TMNE4AE8EHNG/en,https://static.shared.propertyfinder.eg/media/images/listing/EBSJHFHP1N53Y0TMNE4AE8EHNG/00ce9618-c215-4ab4-a6a0-64cc7b0e1bb5/1312x894.jpg,See the details of this Chalet for Sale in Azha North.,13950000
77611150,2BR Chalet for Sale in Ras Al Hekma,https://www.propertyfinder.eg/to/2D8CBJMVTYVF1Q8X1FT7VGZEEC/en,https://static.shared.propertyfinder.eg/media/images/listing/2D8CBJMVTYVF1Q8X1FT7VGZEEC/7788e640-0179-4e07-84ff-a4f616444eb5/1312x894.jpg,See the details of this Chalet for Sale in Ramla.,14100000
77611099,3BR Chalet for Sale in Qesm Ad Dabaah,https://www.propertyfinder.eg/to/PV8Y08KCV59VJETWYJDFX413YC/en,https://static.shared.propertyfinder.eg/media/images/listing/PV8Y08KCV59VJETWYJDFX413YC/baeb7410-5706-4c21-9be6-c179609047b6/1312x894.jpg,See the details of this Chalet for Sale in Mountain View.,9300000
77611082,3BR Chalet for Sale in Ras Al Hekma,https://www.propertyfinder.eg/to/GBM1ZD7EAVHGM536WBQS2QEPHC/en,https://static.shared.propertyfinder.eg/media/images/listing/GBM1ZD7EAVHGM536WBQS2QEPHC/227189cf-c3b4-40ad-aa5d-7aa80b135b95/1312x894.jpg,See the details of this Chalet for Sale in Hacienda West.,18000000
77611074,Office for Sale in New Cairo City,https://www.propertyfinder.eg/to/2EAGX5919GGAHSQ51VM9P007KC/en,https://static.shared.propertyfinder.eg/media/images/listing/2EAGX5919GGAHSQ51VM9P007KC/f51b6174-eaa9-48d4-aa38-1623838fdfff/1312x894.jpg,See the details of this Office for Sale in Golden Gate.,27000000
77611042,5BR Villa for Sale in Qesm Marsa Matrouh,https://www.propertyfinder.eg/to/6N17J43D61Y0X6PM1NB8T5QFQW/en,https://static.shared.propertyfinder.eg/media/images/listing/6N17J43D61Y0X6PM1NB8T5QFQW/cc1ae9cf-e997-4d58-ba6a-cb537c023b80/1312x894.jpg,See the details of this Villa for Sale in Silver Sands.,63000000
77610980,4BR Villa for Sale in Qesm Marsa Matrouh,https://www.propertyfinder.eg/to/8S3EPS0FYC2NNCQ0066DEG2E20/en,https://static.shared.propertyfinder.eg/media/images/listing/8S3EPS0FYC2NNCQ0066DEG2E20/ba6aa7d3-a0cd-40fb-8df0-253402ba3ec8/1312x894.jpg,See the details of this Villa for Sale in Almaza Bay.,40000000
77610963,4BR Villa for Sale in Ras Al Hekma,https://www.propertyfinder.eg/to/3VR00H0XHV07YQT34VZV764VGM/en,https://static.shared.propertyfinder.eg/media/images/listing/3VR00H0XHV07YQT34VZV764VGM/31b3bb81-6e7e-4d5e-a2c8-822cec145919/1312x894.jpg,See the details of this Villa for Sale in Ramla.,28000000
77610946,6BR Villa for Sale in Qesm Marsa Matrouh,https://www.propertyfinder.eg/to/RKP2SJ8BV2ND3RXH5FSN2NARQG/en,https://static.shared.propertyfinder.eg/media/images/listing/RKP2SJ8BV2ND3RXH5FSN2NARQG/99c24d2d-dfa0-48da-a9b6-2039c0304280/1312x894.jpg,See the details of this Villa for Sale in Almaza Bay.,40000000
77610926,1BR Chalet for Sale in Sidi Abdel Rahman,https://www.propertyfinder.eg/to/0WME1TNS6GB176XN3TP10HKN5G/en,https://static.shared.propertyfinder.eg/media/images/listing/0WME1TNS6GB176XN3TP10HKN5G/cbe6ced7-a2cb-4602-bae3-891a948a7059/1312x894.jpg,See the details of this Chalet for Sale in Marassi.,12000000
77610910,3BR Chalet for Sale in Sidi Abdel Rahman,https://www.propertyfinder.eg/to/90F3XWF1AF4CS2JVFE7Z8Q99QM/en,https://static.shared.propertyfinder.eg/media/images/listing/90F3XWF1AF4CS2JVFE7Z8Q99QM/079c3c58-e7a7-41d9-8e25-572e88698345/1312x894.jpg,See the details of this Chalet for Sale in Hacienda Bay.,12000000
77610902,4BR Chalet for Sale in Sidi Abdel Rahman,https://www.propertyfinder.eg/to/X64AF81FDA9HG7CK10M72XZ7CW/en,https://static.shared.propertyfinder.eg/media/images/listing/X64AF81FDA9HG7CK10M72XZ7CW/c1b24147-f638-4d01-b6b6-9017a5f987ce/1312x894.jpg,See the details of this Chalet for Sale in Marassi.,25000000
77610886,4BR Twin House for Sale in Al Ain Al Sokhna,https://www.propertyfinder.eg/to/5MVGB5K7PR3YK511AGE76JJBFW/en,https://static.shared.propertyfinder.eg/media/images/listing/5MVGB5K7PR3YK511AGE76JJBFW/af5ff40f-7474-4ab9-9b79-1ae5017e8c3f/1312x894.jpg,See the details of this Twin House for Sale in IL Monte Galala.,14000000
77610877,8BR Villa for Sale in Qesm Marsa Matrouh,https://www.propertyfinder.eg/to/6VEMJTSS7A2W5VNB9KD5C4V8NR/en,https://static.shared.propertyfinder.eg/media/images/listing/6VEMJTSS7A2W5VNB9KD5C4V8NR/f08c2585-3989-42db-9670-9dda74fa2ee0/1312x894.jpg,See the details of this Villa for Sale in Almaza Bay.,42000000
77610789,2BR Chalet for Sale in Qesm Marsa Matrouh,https://www.propertyfinder.eg/to/38ER69M7EJ6A8CCJ07W0FBHDD8/en,https://static.shared.propertyfinder.eg/media/images/listing/38ER69M7EJ6A8CCJ07W0FBHDD8/7f0445ca-379b-42a4-97da-f16b74ac0854/1312x894.jpg,See the details of this Chalet for Sale in Silver Sands.,13000000
77610784,3BR Chalet for Sale in Sidi Abdel Rahman,https://www.propertyfinder.eg/to/MNGEKKW6XKK63Y259H9FHYB3VG/en,https://static.shared.propertyfinder.eg/media/images/listing/MNGEKKW6XKK63Y259H9FHYB3VG/dbf19b40-7df8-4311-b043-ce4e5b470e64/1312x894.jpg,See the details of this Chalet for Sale in Marassi.,30000000
77610769,3BR Apartment for Sale in 6 October City,https://www.propertyfinder.eg/to/TTK9KAKM1XR95EPS4VPHZYNHPW/en,https://static.shared.propertyfinder.eg/media/images/listing/TTK9KAKM1XR95EPS4VPHZYNHPW/c8bea4dc-fe75-4d1e-80a4-588ba5190f3b/1312x894.jpg,See the details of this Apartment for Sale in Joulz.,10500000
77610756,6BR Villa for Sale in Sidi Abdel Rahman,https://www.propertyfinder.eg/to/82KGY0V46Q1ZX0W6KKDNDVFEQR/en,https://static.shared.propertyfinder.eg/media/images/listing/82KGY0V46Q1ZX0W6KKDNDVFEQR/75035176-4d61-447b-abeb-bbca35ad19d3/1312x894.jpg,See the details of this Villa for Sale in Marassi.,60000000
77610754,5BR Villa for Sale in Sidi Abdel Rahman,https://www.propertyfinder.eg/to/7JAS5HX2GZYV07YCF4C2Q8FQ9W/en,https://static.shared.propertyfinder.eg/media/images/listing/7JAS5HX2GZYV07YCF4C2Q8FQ9W/6db3dcc3-a354-4335-82b4-18ca772d420c/1312x894.jpg,See the details of this Villa for Sale in Marassi.,48000000
77610750,3BR Chalet for Sale in Sidi Abdel Rahman,https://www.propertyfinder.eg/to/8SBVA3BPHPQ0EAXFGJB0P35SPC/en,https://static.shared.propertyfinder.eg/media/images/listing/8SBVA3BPHPQ0EAXFGJB0P35SPC/cf7cc573-0a6f-4de1-a5c9-72eff2091566/1312x894.jpg,See the details of this Chalet for Sale in Marassi.,24000000
77610688,3BR Apartment for Sale in New Cairo City,https://www.propertyfinder.eg/to/G5GSHTYRVN6DTP5JMJ1F2GGSFR/en,https://static.shared.propertyfinder.eg/media/images/listing/G5GSHTYRVN6DTP5JMJ1F2GGSFR/01bfd9d1-9066-4557-8867-b3c37381c7fd/1312x894.jpg,See the details of this Apartment for Sale in Park Corner.,10000000
77610625,7BR Villa for Sale in New Cairo City,https://www.propertyfinder.eg/to/K08TVWAY27FYGDAGA9W6Y5DDVR/en,https://static.shared.propertyfinder.eg/media/images/listing/K08TVWAY27FYGDAGA9W6Y5DDVR/1e59d345-618f-40b1-b61f-7ed0b2be78ba/1312x894.jpg,See the details of this Villa for Sale in Mivida.,90000000
77610582,3BR Villa for Sale in Ras Al Hekma,https://www.propertyfinder.eg/to/5EHDS8W0CJN81DSP3RMEW39RHW/en,https://static.shared.propertyfinder.eg/media/images/listing/5EHDS8W0CJN81DSP3RMEW39RHW/0119adba-8685-4c61-be02-9b0cdeda6fb2/1312x894.jpg,See the details of this Villa for Sale in Ogami.,49500000
77610566,2BR Chalet for Sale in Ras Al Hekma,https://www.propertyfinder.eg/to/GR4VPRJ3MZ0ZSDWJZVGVNF11K8/en,https://static.shared.propertyfinder.eg/media/images/listing/GR4VPRJ3MZ0ZSDWJZVGVNF11K8/54969bfc-939d-4e6f-9b56-acb8991c0567/1312x894.jpg,See the details of this Chalet for Sale in Azha North.,9500000
77610549,3BR Chalet for Sale in Qesm Marsa Matrouh,https://www.propertyfinder.eg/to/CK3VZ854WXDD73GD4EG6AQ7N2M/en,https://static.shared.propertyfinder.eg/media/images/listing/CK3VZ854WXDD73GD4EG6AQ7N2M/42b43481-555e-4567-a780-fb1492eb1c63/1312x894.jpg,See the details of this Chalet for Sale in Fouka Bay.,9000000
77610544,3BR Chalet for Sale in Qesm Marsa Matrouh,https://www.propertyfinder.eg/to/8XFF6CQC8J6P79RRJPE0BZZ0ZR/en,https://static.shared.propertyfinder.eg/media/images/listing/8XFF6CQC8J6P79RRJPE0BZZ0ZR/68cf81d7-f8f8-45d2-bfb3-0407959daa3f/1312x894.jpg,See the details of this Chalet for Sale in Fouka Bay.,12800000
77610539,3BR Chalet for Sale in Qesm Marsa Matrouh,https://www.propertyfinder.eg/to/5XHZY9DB9KZ801WYDE1JB7EK7M/en,https://static.shared.propertyfinder.eg/media/images/listing/5XHZY9DB9KZ801WYDE1JB7EK7M/cad211f4-33e0-459e-b7f0-024a9dc3fdb7/1312x894.jpg,See the details of this Chalet for Sale in Fouka Bay.,11550000
77610504,3BR Apartment for Sale in New Cairo City,https://www.propertyfinder.eg/to/B45SQY9R73YK472FVS52WW85PC/en,https://static.shared.propertyfinder.eg/media/images/listing/B45SQY9R73YK472FVS52WW85PC/1d7217f4-c046-4f38-a308-1f5a4555138c/1312x894.jpg,See the details of this Apartment for Sale in Palm Hills New Cairo.,7000000
77610478,2BR Chalet for Sale in Hurghada,https://www.propertyfinder.eg/to/4JKAPRR6XGV812GS9M1WGPAJ48/en,https://static.shared.propertyfinder.eg/media/images/listing/4JKAPRR6XGV812GS9M1WGPAJ48/e40c9750-524e-4b0a-8b33-0c8acaea06a3/1312x894.jpg,See the details of this Chalet for Sale in Mesca.,13500000
77610348,2BR Chalet for Sale in Ras Al Hekma,https://www.propertyfinder.eg/to/S5QRWH2VMFJ8J5YDR80J463S10/en,https://static.shared.propertyfinder.eg/media/images/listing/S5QRWH2VMFJ8J5YDR80J463S10/16d88302-255e-4d41-9153-45b75a1f1b78/1312x894.jpg,See the details of this Chalet for Sale in Seashore.,1160000
77609963,2BR Chalet for Sale in Ras Al Hekma,https://www.propertyfinder.eg/to/BP24ZM700FVX23FV52NKG44XVC/en,https://static.shared.propertyfinder.eg/media/images/listing/BP24ZM700FVX23FV52NKG44XVC/7f4988a9-9301-441a-a3ad-53cafe959c3a/1312x894.jpg,See the details of this Chalet for Sale in Ramla.,14000000
77609734,2BR Chalet for Sale in Qesm Marsa Matrouh,https://www.propertyfinder.eg/to/WFV8DV6HRKNP2NK8GQ7T6HM8HR/en,https://static.shared.propertyfinder.eg/media/images/listing/WFV8DV6HRKNP2NK8GQ7T6HM8HR/50d9ddcb-2e8b-4a09-878b-1313d78b2023/1312x894.jpg,See the details of this Chalet for Sale in Silver Sands.,12000000
77609728,1BR Apartment for Sale in Sheikh Zayed City,https://www.propertyfinder.eg/to/0V6XMAW50DAPNHNVRVV50FN9ER/en,https://static.shared.propertyfinder.eg/media/images/listing/0V6XMAW50DAPNHNVRVV50FN9ER/9375b70e-5dea-4b00-b243-e99d08ca14da/1312x894.jpg,See the details of this Apartment for Sale in Park Side Residence.,5308566
77609695,2BR Chalet for Sale in Ras Al Hekma,https://www.propertyfinder.eg/to/D1AA9H7GEYG8R1VAGVVE3E07HC/en,https://static.shared.propertyfinder.eg/media/images/listing/D1AA9H7GEYG8R1VAGVVE3E07HC/3abe61d6-aa9b-4d8b-9064-a49fe2d28f67/1312x894.jpg,See the details of this Chalet for Sale in Azha North.,10000000
77609679,2BR Chalet for Sale in Ras Al Hekma,https://www.propertyfinder.eg/to/7Q5B7DQ4W2KRSRBMAT76H03KEG/en,https://static.shared.propertyfinder.eg/media/images/listing/7Q5B7DQ4W2KRSRBMAT76H03KEG/854f2976-aa75-4d39-94d4-2b60e50477c2/1312x894.jpg,See the details of this Chalet for Sale in June.,13000000
77609665,2BR Chalet for Sale in Ras Al Hekma,https://www.propertyfinder.eg/to/XB10TR3ZY7KNZ63XJVBJTFW6WW/en,https://static.shared.propertyfinder.eg/media/images/listing/XB10TR3ZY7KNZ63XJVBJTFW6WW/80f4f60c-9985-4831-b16b-261722f7b7ef/1312x894.jpg,See the details of this Chalet for Sale in Modon Abu Dhabi.,13000000
77609477,7BR Chalet for Sale in Ras Al Hekma,https://www.propertyfinder.eg/to/8A82XSHSBVBDZJVTB8W65NNB6R/en,https://static.shared.propertyfinder.eg/media/images/listing/8A82XSHSBVBDZJVTB8W65NNB6R/841ee726-2e63-4039-9b1c-a79ad2b82602/1312x894.jpg,See the details of this Chalet for Sale in Ras Al Hekma.,32500000
77609297,4BR Apartment for Sale in New Cairo City,https://www.propertyfinder.eg/to/AZRBGNK0D8D0FCM9N11Z74G2BW/en,https://static.shared.propertyfinder.eg/media/images/listing/AZRBGNK0D8D0FCM9N11Z74G2BW/3625dcad-ce56-47fd-8912-f0821a99fb09/1312x894.jpg,See the details of this Apartment for Sale in Palm Hills New Cairo.,16000000
77609278,4BR Chalet for Sale in Qesm Marsa Matrouh,https://www.propertyfinder.eg/to/J4JXCQ6GX2MN1RKXFQH50E9Z88/en,https://static.shared.propertyfinder.eg/media/images/listing/J4JXCQ6GX2MN1RKXFQH50E9Z88/82e8e779-f64e-4506-ba48-f294e36deb80/1312x894.jpg,See the details of this Chalet for Sale in Silver Sands.,30000000
77609267,4BR Apartment for Sale in New Cairo City,https://www.propertyfinder.eg/to/VY9S7THGJ9Q0Q2JFPH9360MJSC/en,https://static.shared.propertyfinder.eg/media/images/listing/VY9S7THGJ9Q0Q2JFPH9360MJSC/2442495e-1f45-48e8-95e5-97a4bcd466db/1312x894.jpg,See the details of this Apartment for Sale in City Gate.,21731650
77609220,3BR Apartment for Sale in 6 October City,https://www.propertyfinder.eg/to/CN1YKYKYATR7AG2KCXQF5EYVJ4/en,https://static.shared.propertyfinder.eg/media/images/listing/CN1YKYKYATR7AG2KCXQF5EYVJ4/c1b3be2a-56ce-4ac6-94e2-509e735d6733/1312x894.jpg,See the details of this Apartment for Sale in Mountain View iCity October.,11000000
77609151,3BR Chalet for Sale in Ras Al Hekma,https://www.propertyfinder.eg/to/6JA94TZQ9ME2B6GDF7162MYRA8/en,https://static.shared.propertyfinder.eg/media/images/listing/6JA94TZQ9ME2B6GDF7162MYRA8/cc30e24d-fe0d-4967-ab5e-fcd73dc9b256/1312x894.jpg,See the details of this Chalet for Sale in The Med.,2800000
77609102,3BR Chalet for Sale in Sidi Abdel Rahman,https://www.propertyfinder.eg/to/1CZ0132RE4Z6EW01FSE34TPC44/en,https://static.shared.propertyfinder.eg/media/images/listing/1CZ0132RE4Z6EW01FSE34TPC44/9efaa391-2fd0-430d-9d4a-9944cb35ff19/1312x894.jpg,See the details of this Chalet for Sale in Amwaj.,10000000
77609101,2BR Chalet for Sale in Ras Al Hekma,https://www.propertyfinder.eg/to/YXTETVKCGXV1RM082XWP6C89ZC/en,https://static.shared.propertyfinder.eg/media/images/listing/YXTETVKCGXV1RM082XWP6C89ZC/63e01fcb-69b3-4eb4-aabc-c1d6558e1fb2/1312x894.jpg,See the details of this Chalet for Sale in Naia bay.,17000000
77609077,3BR Chalet for Sale in Ras Al Hekma,https://www.propertyfinder.eg/to/9NH56XCFX2CFKKTWPQ7R7GF8Y0/en,https://static.shared.propertyfinder.eg/media/images/listing/9NH56XCFX2CFKKTWPQ7R7GF8Y0/e73acec8-0bd1-4809-bd8f-5f15e31750b4/1312x894.jpg,See the details of this Chalet for Sale in Hacienda West.,22000000
77609066,2BR Chalet for Sale in Ras Al Hekma,https://www.propertyfinder.eg/to/DVVZ4K0ZPJEZ2APCQVVXA7AHA8/en,https://static.shared.propertyfinder.eg/media/images/listing/DVVZ4K0ZPJEZ2APCQVVXA7AHA8/58661c46-c205-4d93-8edd-9f53b64ac010/1312x894.jpg,See the details of this Chalet for Sale in Ogami.,9000000
77609043,4BR Villa for Sale in Hurghada,https://www.propertyfinder.eg/to/3KZW7TXTAZSEEAQ8YGRPC9CQTM/en,https://static.shared.propertyfinder.eg/media/images/listing/3KZW7TXTAZSEEAQ8YGRPC9CQTM/d0453611-49f3-44df-9b6f-a78fb4d5f459/1312x894.jpg,See the details of this Villa for Sale in Mesca.,25000000
77608998,2BR Chalet for Sale in Hurghada,https://www.propertyfinder.eg/to/S8QF634H00WNAX2GSNQB2ZS4V4/en,https://static.shared.propertyfinder.eg/media/images/listing/S8QF634H00WNAX2GSNQB2ZS4V4/63c4cfa2-eaab-493b-a0e7-e0e296055bd2/1312x894.jpg,See the details of this Chalet for Sale in Mesca.,12000000
77608994,3BR Villa for Sale in Hurghada,https://www.propertyfinder.eg/to/JQ76AXV0RH98S3PWE4KV4PKBZM/en,https://static.shared.propertyfinder.eg/media/images/listing/JQ76AXV0RH98S3PWE4KV4PKBZM/1f40ab35-e176-4024-aba0-746a0f30e0c3/1312x894.jpg,See the details of this Villa for Sale in Mesca.,22700000
77608979,3BR Chalet for Sale in Ras Al Hekma,https://www.propertyfinder.eg/to/AF7MF3NR6XWPFWFYQGZ38XVK4W/en,https://static.shared.propertyfinder.eg/media/images/listing/AF7MF3NR6XWPFWFYQGZ38XVK4W/be1f6777-d58e-4655-ab86-89b1414cbec4/1312x894.jpg,See the details of this Chalet for Sale in Modon Abu Dhabi.,15000000
77608978,2BR Apartment for Sale in Hurghada,https://www.propertyfinder.eg/to/WASAZ1JKTQVQDPHTEZVZE03NV8/en,https://static.shared.propertyfinder.eg/media/images/listing/WASAZ1JKTQVQDPHTEZVZE03NV8/ae8eb5f2-abe8-4a05-9770-2c21aee0f3f6/1312x894.jpg,See the details of this Apartment for Sale in Mangroovy Residence.,17000000
77608923,4BR Villa for Sale in Ras Al Hekma,https://www.propertyfinder.eg/to/DGZTGGCFM9DWK5M57STTZNZK1M/en,https://static.shared.propertyfinder.eg/media/images/listing/DGZTGGCFM9DWK5M57STTZNZK1M/df06d78e-192e-4758-a225-1940752fb5d5/1312x894.jpg,See the details of this Villa for Sale in The Med.,5300000
77608885,4BR Villa for Sale in New Capital City,https://www.propertyfinder.eg/to/DC6MKSHWSXVN35NZ8EKFH66K3G/en,https://static.shared.propertyfinder.eg/media/images/listing/DC6MKSHWSXVN35NZ8EKFH66K3G/9d5b1c89-05bc-48a3-84ec-6ec4ae71dabe/1312x894.jpg,See the details of this Villa for Sale in La Vista City.,24400000
77608879,6BR Chalet for Sale in Ras Al Hekma,https://www.propertyfinder.eg/to/3T4FS96GRB9RKNGJ7AFBNZ5VDR/en,https://static.shared.propertyfinder.eg/media/images/listing/3T4FS96GRB9RKNGJ7AFBNZ5VDR/ff4b4748-d298-4683-8b5e-2aac85665ef9/1312x894.jpg,See the details of this Chalet for Sale in Ras Al Hekma.,35500000
77608846,3BR Apartment for Sale in Sheikh Zayed City,https://www.propertyfinder.eg/to/AYK0ZYW7Y0C15SRR5NKKQ79DEC/en,https://static.shared.propertyfinder.eg/media/images/listing/AYK0ZYW7Y0C15SRR5NKKQ79DEC/4c94cc3a-00c8-4f83-a4d7-eefe7c1b1df4/1312x894.jpg,See the details of this Apartment for Sale in Village Views.,11035993
77608794,2BR Apartment for Sale in Sheikh Zayed City,https://www.propertyfinder.eg/to/VF6CR2N5NXGKTPYEZ16DXH5YPG/en,https://static.shared.propertyfinder.eg/media/images/listing/VF6CR2N5NXGKTPYEZ16DXH5YPG/d84af7d1-1ea3-40cd-afd9-b15fe64fb67b/1312x894.jpg,See the details of this Apartment for Sale in Westview Residence.,6900000
77608706,1BR Chalet for Sale in Sidi Abdel Rahman,https://www.propertyfinder.eg/to/9WJ6SS5H2MZ96CTZBQSGRKJ02R/en,https://static.shared.propertyfinder.eg/media/images/listing/9WJ6SS5H2MZ96CTZBQSGRKJ02R/ddf2f18e-4ae9-4d2d-94b6-21a096321bfd/1312x894.jpg,See the details of this Chalet for Sale in Marassi.,15375000
77608691,2BR Apartment for Sale in New Cairo City,https://www.propertyfinder.eg/to/X4P93RMXATDG5PKEYTW2EJN7S8/en,https://static.shared.propertyfinder.eg/media/images/listing/X4P93RMXATDG5PKEYTW2EJN7S8/12d48cf4-42cb-466f-87e8-7aef6b1e7f9f/1312x894.jpg,See the details of this Apartment for Sale in Mivida.,15400000
77608686,3BR Apartment for Sale in Sheikh Zayed City,https://www.propertyfinder.eg/to/P9EVZVJRBVMD699BJNXP5XCZV0/en,https://static.shared.propertyfinder.eg/media/images/listing/P9EVZVJRBVMD699BJNXP5XCZV0/13049527-00db-4e9b-b12c-6d032d862e64/1312x894.jpg,See the details of this Apartment for Sale in Zed Towers.,9000000
77608664,3BR Chalet for Sale in Qesm Marsa Matrouh,https://www.propertyfinder.eg/to/RAFZRYWV86K8Q3ED3RXT738EPG/en,https://static.shared.propertyfinder.eg/media/images/listing/RAFZRYWV86K8Q3ED3RXT738EPG/3e7675c4-b118-4881-91c9-2e98d4892d6d/1312x894.jpg,See the details of this Chalet for Sale in Silver Sands.,19000000
77608621,2BR Apartment for Sale in New Cairo City,https://www.propertyfinder.eg/to/1785A8EK139WDSGMG2TY93SN9R/en,https://static.shared.propertyfinder.eg/media/images/listing/1785A8EK139WDSGMG2TY93SN9R/64d294d2-e1e5-4fdd-b6d3-d4a33a2f9ed5/1312x894.jpg,See the details of this Apartment for Sale in Cairo Festival City.,23500000
77608598,3BR Apartment for Sale in Sheikh Zayed City,https://www.propertyfinder.eg/to/QY535VSQQH6XRJZXR27EKQH7DR/en,https://static.shared.propertyfinder.eg/media/images/listing/QY535VSQQH6XRJZXR27EKQH7DR/241c692d-e159-48e1-8b81-2d06699458e1/1312x894.jpg,See the details of this Apartment for Sale in Zed Towers.,6725508
77608585,3BR Apartment for Sale in Mostakbal City - Future City,https://www.propertyfinder.eg/to/7WSQYSR9R2CT9ES49A220YYCW8/en,https://static.shared.propertyfinder.eg/media/images/listing/7WSQYSR9R2CT9ES49A220YYCW8/d6861988-d6fb-4f60-80b2-9ea6ac8900a1/1312x894.jpg,See the details of this Apartment for Sale in Sarai.,7000000
77608583,4BR Villa for Sale in 6 October City,https://www.propertyfinder.eg/to/DYEFKNG8WBGKBMXQ3TBKHMQDRR/en,https://static.shared.propertyfinder.eg/media/images/listing/DYEFKNG8WBGKBMXQ3TBKHMQDRR/1033bfa3-dd4f-4f60-9976-67178d6d34db/1312x894.jpg,See the details of this Villa for Sale in Grand Heights.,15000000
77608579,5BR Apartment for Sale in Sheikh Zayed City,https://www.propertyfinder.eg/to/Y5TZZ0T1W3WS14SMAPQDRDMNBR/en,https://static.shared.propertyfinder.eg/media/images/listing/Y5TZZ0T1W3WS14SMAPQDRDMNBR/4ab1a361-2452-4eea-a805-96494c5e309c/1312x894.jpg,See the details of this Apartment for Sale in Etapa.,21000000
77608562,3BR Apartment for Sale in Sheikh Zayed City,https://www.propertyfinder.eg/to/XACEHTC67CXXBZ2SWBS86ZDRKW/en,https://static.shared.propertyfinder.eg/media/images/listing/XACEHTC67CXXBZ2SWBS86ZDRKW/6d747eea-cb36-471b-822c-a30306c49b35/1312x894.jpg,See the details of this Apartment for Sale in Rovan.,7500000
77608540,2BR Chalet for Sale in Qesm Marsa Matrouh,https://www.propertyfinder.eg/to/9J2KTN0SPHKPTW53J6WQCFG4T8/en,https://static.shared.propertyfinder.eg/media/images/listing/9J2KTN0SPHKPTW53J6WQCFG4T8/f01cae20-a720-4095-a0be-82ce7316991d/1312x894.jpg,See the details of this Chalet for Sale in Silver Sands.,17108000
77608514,4BR Twin House for Sale in Ras Al Hekma,https://www.propertyfinder.eg/to/PQQ3J6YTP8E3WJZ2RAVM0Y01Y8/en,https://static.shared.propertyfinder.eg/media/images/listing/PQQ3J6YTP8E3WJZ2RAVM0Y01Y8/9afc4826-492d-4881-a733-4882e379ab57/1312x894.jpg,See the details of this Twin House for Sale in Ras Al Hekma.,44000000
77608354,3BR Villa for Sale in Sidi Abdel Rahman,https://www.propertyfinder.eg/to/5WY3ZA1W0NFCKG2P508S849NDW/en,https://static.shared.propertyfinder.eg/media/images/listing/5WY3ZA1W0NFCKG2P508S849NDW/1ff3640f-1303-4bdb-a2d7-39e26abf6922/1312x894.jpg,See the details of this Villa for Sale in Playa Resort.,33000000
77608221,2BR Chalet for Sale in Ras Al Hekma,https://www.propertyfinder.eg/to/CE6FCWN7WMNYC64ZBGAYWQEGQC/en,https://static.shared.propertyfinder.eg/media/images/listing/CE6FCWN7WMNYC64ZBGAYWQEGQC/88357e67-ef94-4f6c-9f59-902848adb018/1312x894.jpg,See the details of this Chalet for Sale in Azha North.,12900000
77608210,3BR Townhouse for Sale in Sidi Abdel Rahman,https://www.propertyfinder.eg/to/NPBVXHS60BT31SDVA53BCX1324/en,https://static.shared.propertyfinder.eg/media/images/listing/NPBVXHS60BT31SDVA53BCX1324/8617d9ee-22b8-4780-8a5b-9c2e7365034a/1312x894.jpg,See the details of this Townhouse for Sale in Marassi.,33000000
77608208,4BR Townhouse for Sale in 6 October City,https://www.propertyfinder.eg/to/F4KXDSS4VWPKJ1Y6747VM95YDR/en,https://static.shared.propertyfinder.eg/media/images/listing/F4KXDSS4VWPKJ1Y6747VM95YDR/9cab4ead-686e-4003-b120-03f0505ef58b/1312x894.jpg,See the details of this Townhouse for Sale in Badya Palm Hills.,12550000
77608199,4BR iVilla for Sale in 6 October City,https://www.propertyfinder.eg/to/5KFWABE0RVA7Y4AE1C0Q7VGQ6G/en,https://static.shared.propertyfinder.eg/media/images/listing/5KFWABE0RVA7Y4AE1C0Q7VGQ6G/bdbacb7d-7487-4470-b812-d48c46f6b6dd/1312x894.jpg,See the details of this iVilla for Sale in Mountain View iCity October.,23000000
77608181,4BR Twin House for Sale in Qesm Marsa Matrouh,https://www.propertyfinder.eg/to/8WHW7CPBA364S6TMW2260PTBW0/en,https://static.shared.propertyfinder.eg/media/images/listing/8WHW7CPBA364S6TMW2260PTBW0/f69b2370-b370-4300-aea0-b3bc677208fb/1312x894.jpg,See the details of this Twin House for Sale in Silver Sands.,27500000
77608157,2BR Chalet for Sale in Ras Al Hekma,https://www.propertyfinder.eg/to/THYXP2R5YMV9EJXX9JE1990Y5R/en,https://static.shared.propertyfinder.eg/media/images/listing/THYXP2R5YMV9EJXX9JE1990Y5R/a534c498-6c86-41a2-8cb7-7801b5c35708/1312x894.jpg,See the details of this Chalet for Sale in Modon Abu Dhabi.,12100000
77608146,2BR Chalet for Sale in Sidi Abdel Rahman,https://www.propertyfinder.eg/to/ZTZ35XF2PKBFSJEVQ7S5SDY2MG/en,https://static.shared.propertyfinder.eg/media/images/listing/ZTZ35XF2PKBFSJEVQ7S5SDY2MG/80b094d5-03fe-4841-8e35-55caea2ce896/1312x894.jpg,See the details of this Chalet for Sale in Hacienda Bay.,15500000
77608128,3BR Chalet for Sale in Qesm Marsa Matrouh,https://www.propertyfinder.eg/to/NVG61KJ9SNM8AYC9DDH2HJNCRM/en,https://static.shared.propertyfinder.eg/media/images/listing/NVG61KJ9SNM8AYC9DDH2HJNCRM/9742bf9a-9f57-424d-bd1a-583b815ebed5/1312x894.jpg,See the details of this Chalet for Sale in Almaza Bay.,18500000
77608062,4BR Townhouse for Sale in New Cairo City,https://www.propertyfinder.eg/to/2HTHX89D3XXNXE7WMW61YCB1PG/en,https://static.shared.propertyfinder.eg/media/images/listing/2HTHX89D3XXNXE7WMW61YCB1PG/983c1bb6-25d1-450b-9e80-bddc517cbefa/1312x894.jpg,See the details of this Townhouse for Sale in Creek Town.,19600000
77608048,2BR Apartment for Sale in New Cairo City,https://www.propertyfinder.eg/to/HECXGWABSGXPKHV8FFWFVAQ6YR/en,https://static.shared.propertyfinder.eg/media/images/listing/HECXGWABSGXPKHV8FFWFVAQ6YR/687be30d-2cb8-4f98-9d01-a86ffb901ef6/1312x894.jpg,See the details of this Apartment for Sale in District 5.,13000000
77607954,3BR Chalet for Sale in Sidi Abdel Rahman,https://www.propertyfinder.eg/to/KYB2N5Q907VKMBXZSX8H9NDG6W/en,https://static.shared.propertyfinder.eg/media/images/listing/KYB2N5Q907VKMBXZSX8H9NDG6W/4351a44d-4af2-4893-88a4-6ccb2efa59a8/1312x894.jpg,See the details of this Chalet for Sale in Playa Resort.,21700000
77607812,3BR Chalet for Sale in Qesm Marsa Matrouh,https://www.propertyfinder.eg/to/F0AP8R759VAB8D9CGRHEYQPDPG/en,https://static.shared.propertyfinder.eg/media/images/listing/F0AP8R759VAB8D9CGRHEYQPDPG/d987f127-b2e3-4258-8d30-798528f0e886/1312x894.jpg,See the details of this Chalet for Sale in Silver Sands.,22000000
77607760,3BR Apartment for Sale in Qesm Marsa Matrouh,https://www.propertyfinder.eg/to/J21XNCA0D28K4GBRKFZNG4NC80/en,https://static.shared.propertyfinder.eg/media/images/listing/J21XNCA0D28K4GBRKFZNG4NC80/c13d3aa3-cd8e-4961-8685-81f6ed03417c/1312x894.jpg,See the details of this Apartment for Sale in Fouka Bay.,14000000
77607753,4BR Villa for Sale in Mostakbal City - Future City,https://www.propertyfinder.eg/to/4W9WB1APKVTZRKBY3BRZA8H7TR/en,https://static.shared.propertyfinder.eg/media/images/listing/4W9WB1APKVTZRKBY3BRZA8H7TR/79c8bd60-8625-4d7a-8b61-77213463999e/1312x894.jpg,See the details of this Villa for Sale in S1.,12300000
77607719,2BR Chalet for Sale in Qesm Marsa Matrouh,https://www.propertyfinder.eg/to/0XZHEEB7282BAD0H4ANTMCDW28/en,https://static.shared.propertyfinder.eg/media/images/listing/0XZHEEB7282BAD0H4ANTMCDW28/00885f05-47e8-4bd5-8328-26241b58f1c2/1312x894.jpg,See the details of this Chalet for Sale in Silver Sands.,11500000
77607705,3BR Chalet for Sale in Qesm Marsa Matrouh,https://www.propertyfinder.eg/to/BP5CF0XA2BFQM2G8RRMS0CFVEW/en,https://static.shared.propertyfinder.eg/media/images/listing/BP5CF0XA2BFQM2G8RRMS0CFVEW/eacaa07a-fbff-4fdf-83db-246046f3e42a/1312x894.jpg,See the details of this Chalet for Sale in Silver Sands.,16000000
77607689,3BR Chalet for Sale in Sidi Abdel Rahman,https://www.propertyfinder.eg/to/G6V1YBJFBXSBERFZ4DWK3NFPNR/en,https://static.shared.propertyfinder.eg/media/images/listing/G6V1YBJFBXSBERFZ4DWK3NFPNR/58e7caa2-40ca-4a2a-b914-9f1fb718641a/1312x894.jpg,See the details of this Chalet for Sale in Playa Resort.,17500000
77607501,4BR Twin House for Sale in Qesm Marsa Matrouh,https://www.propertyfinder.eg/to/7S1KTPDVFEAVXJE6AVM6E8RPNW/en,https://static.shared.propertyfinder.eg/media/images/listing/7S1KTPDVFEAVXJE6AVM6E8RPNW/98d14b57-b591-4dc1-9167-5c58fd01cf7b/1312x894.jpg,See the details of this Twin House for Sale in Silver Sands.,27000000
77607365,3BR Cabin for Sale in Qesm Marsa Matrouh,https://www.propertyfinder.eg/to/WJA5X3MRM54ANPNXHCFW7JJVSG/en,https://static.shared.propertyfinder.eg/media/images/listing/WJA5X3MRM54ANPNXHCFW7JJVSG/9a68b918-9758-48b1-8017-ff867a0241fa/1312x894.jpg,See the details of this Cabin for Sale in Silver Sands.,18000000
77607260,4BR Villa for Sale in Hurghada,https://www.propertyfinder.eg/to/4XHYS9R3SQZEHDRAHPE7C52MT8/en,https://static.shared.propertyfinder.eg/media/images/listing/4XHYS9R3SQZEHDRAHPE7C52MT8/22431d51-d4f7-47de-9f27-54d2e7eef80d/1312x894.jpg,See the details of this Villa for Sale in Blanca Gardens.,30000000
77607214,3BR Townhouse for Sale in Shorouk City,https://www.propertyfinder.eg/to/83V3ANK6MHWBKASBDZAWA3ZWG8/en,https://static.shared.propertyfinder.eg/media/images/listing/83V3ANK6MHWBKASBDZAWA3ZWG8/56047a47-5b75-43a4-8623-2ac54345b4ce/1312x894.jpg,See the details of this Townhouse for Sale in Al Burouj Compound.,9300000
77607176,3BR Apartment for Sale in Sheikh Zayed City,https://www.propertyfinder.eg/to/YBSH7V9BXTM139HBYMB57HR3SM/en,https://static.shared.propertyfinder.eg/media/images/listing/YBSH7V9BXTM139HBYMB57HR3SM/ffc5803d-88b3-4b42-950a-1697a479f0ed/1312x894.jpg,See the details of this Apartment for Sale in Elan.,18000000
77607132,2BR Chalet for Sale in Ras Al Hekma,https://www.propertyfinder.eg/to/DN12RCB1R4E27YPB9JPJXJJ8PC/en,https://static.shared.propertyfinder.eg/media/images/listing/DN12RCB1R4E27YPB9JPJXJJ8PC/8d0876aa-c5aa-41e3-992d-82967d7c449f/1312x894.jpg,See the details of this Chalet for Sale in The Med.,9000000
77607103,Office for Sale in New Cairo City,https://www.propertyfinder.eg/to/JQSZHAJ3PW631NKRQ7GW1YJY6C/en,https://static.shared.propertyfinder.eg/media/images/listing/JQSZHAJ3PW631NKRQ7GW1YJY6C/7cbeb194-bed9-4ea7-a02c-f4c95cf94958/1312x894.jpg,See the details of this Office for Sale in Golden Gate.,14843000
77607102,5BR Villa for Sale in New Cairo City,https://www.propertyfinder.eg/to/NX272ZT4F3FEKZFSKVRJ266M5G/en,https://static.shared.propertyfinder.eg/media/images/listing/NX272ZT4F3FEKZFSKVRJ266M5G/09c8b942-f52e-4b22-94e3-0c5609054396/1312x894.jpg,See the details of this Villa for Sale in Taj City.,17450000
77607081,Office for Sale in New Cairo City,https://www.propertyfinder.eg/to/HMX74X5K3B695D92624NT8TKTG/en,https://static.shared.propertyfinder.eg/media/images/listing/HMX74X5K3B695D92624NT8TKTG/3af6607c-b7d4-4b39-b4ad-e84e2e89397d/1312x894.jpg,See the details of this Office for Sale in 1-nintey.,9640000
77606989,Office for Sale in New Cairo City,https://www.propertyfinder.eg/to/QSWRP6EMSDMDTVY75F9WNPKV34/en,https://static.shared.propertyfinder.eg/media/images/listing/QSWRP6EMSDMDTVY75F9WNPKV34/b4c5de09-687e-436c-b076-1981ab3ce06a/1312x894.jpg,See the details of this Office for Sale in Eastown.,135730000
77606964,2BR Apartment for Sale in 6 October City,https://www.propertyfinder.eg/to/BED8A0MDKS2137M4Q649KP25R0/en,https://static.shared.propertyfinder.eg/media/images/listing/BED8A0MDKS2137M4Q649KP25R0/35dac612-1f3c-4862-9729-1fc9a8d39776/1312x894.jpg,See the details of this Apartment for Sale in O West.,7377000
77606784,7BR Villa for Sale in New Cairo City,https://www.propertyfinder.eg/to/2RT371DAZE2WY7XZHFMA856D04/en,https://static.shared.propertyfinder.eg/media/images/listing/2RT371DAZE2WY7XZHFMA856D04/b9970336-7652-4b6e-8e37-fe4d0f315da5/1312x894.jpg,See the details of this Villa for Sale in Palm Hills Kattameya.,90000000
77606769,4BR Villa for Sale in Mostakbal City - Future City,https://www.propertyfinder.eg/to/TZWVTHY3H3HP0DXB2S3NXEZ2HG/en,https://static.shared.propertyfinder.eg/media/images/listing/TZWVTHY3H3HP0DXB2S3NXEZ2HG/5b54b58a-078d-4986-bb71-2a02eccdb489/1312x894.jpg,See the details of this Villa for Sale in Elan Sarai.,9200000
77606731,3BR Chalet for Sale in Qesm Marsa Matrouh,https://www.propertyfinder.eg/to/YGKQNNGGD431Z0PCM0JGRRMYT8/en,https://static.shared.propertyfinder.eg/media/images/listing/YGKQNNGGD431Z0PCM0JGRRMYT8/f0a014fc-8ed4-447f-9e50-5debb6139386/1312x894.jpg,See the details of this Chalet for Sale in Silver Sands.,15000000
77606719,2BR Apartment for Sale in Sheikh Zayed City,https://www.propertyfinder.eg/to/5DKKGMCHA6N9NGTPRVTCPJJ0GG/en,https://static.shared.propertyfinder.eg/media/images/listing/5DKKGMCHA6N9NGTPRVTCPJJ0GG/5ca81ffb-ed61-4107-82cb-466ce1264d89/1312x894.jpg,See the details of this Apartment for Sale in Eden.,13000000
77606663,2BR Apartment for Sale in 6 October City,https://www.propertyfinder.eg/to/H4RRYXSD45YASPFSKGJMK9HJSW/en,https://static.shared.propertyfinder.eg/media/images/listing/H4RRYXSD45YASPFSKGJMK9HJSW/28b8cf45-4227-44df-a1b1-4bcf26ae4821/1312x894.jpg,See the details of this Apartment for Sale in Badya Palm Hills.,6251190
77606589,1BR Apartment for Sale in New Cairo City,https://www.propertyfinder.eg/to/JG6SWHXSPB2P2YDK5EMQ8BNEQM/en,https://static.shared.propertyfinder.eg/media/images/listing/JG6SWHXSPB2P2YDK5EMQ8BNEQM/88c7a377-061a-4a42-93d3-ddc3873e481f/1312x894.jpg,See the details of this Apartment for Sale in Zed East.,6180290
77606565,2BR Apartment for Sale in Sheikh Zayed City,https://www.propertyfinder.eg/to/TXS9D9240Z1BW5RW153CMW2NM8/en,https://static.shared.propertyfinder.eg/media/images/listing/TXS9D9240Z1BW5RW153CMW2NM8/33273197-c500-44b3-a3db-4759ba14efb5/1312x894.jpg,See the details of this Apartment for Sale in Elan.,12500000
77606414,2BR Chalet for Sale in Qesm Ad Dabaah,https://www.propertyfinder.eg/to/D8BXB6FVQDJC26HE7V8T4M15H0/en,https://static.shared.propertyfinder.eg/media/images/listing/D8BXB6FVQDJC26HE7V8T4M15H0/545a1c48-5e72-45fd-8ccb-baf9532155ca/1312x894.jpg,See the details of this Chalet for Sale in South Med.,14000000
77606383,8BR Villa for Sale in New Cairo City,https://www.propertyfinder.eg/to/78Q7MDAV0CM956VZRR4NK8NJCG/en,https://static.shared.propertyfinder.eg/media/images/listing/78Q7MDAV0CM956VZRR4NK8NJCG/558479cf-921f-49c2-a028-a74b94c0bd76/1312x894.jpg,See the details of this Villa for Sale in Katameya Dunes.,218400000
77606360,4BR Villa for Sale in 6 October City,https://www.propertyfinder.eg/to/P4CRS0PCX495TQDN6T1JEEVKJG/en,https://static.shared.propertyfinder.eg/media/images/listing/P4CRS0PCX495TQDN6T1JEEVKJG/101a0501-830b-44d7-8221-a578ca84b604/1312x894.jpg,See the details of this Villa for Sale in Badya Palm Hills.,15000000
77606345,3BR Villa for Sale in Hurghada,https://www.propertyfinder.eg/to/KCQ56BA9MAYFVDNVDHGANGYSR8/en,https://static.shared.propertyfinder.eg/media/images/listing/KCQ56BA9MAYFVDNVDHGANGYSR8/10a83547-add0-49dc-a8cd-e6e01b5eb900/1312x894.jpg,See the details of this Villa for Sale in Bay West.,26000000
77606343,2BR Apartment for Sale in Hurghada,https://www.propertyfinder.eg/to/6RNWBZVJYDR9ERCYNDY3XM1GAC/en,https://static.shared.propertyfinder.eg/media/images/listing/6RNWBZVJYDR9ERCYNDY3XM1GAC/85e10727-63b8-4523-9d24-cce9862d668f/1312x894.jpg,See the details of this Apartment for Sale in Mesca.,12000000
77606266,Office for Sale in New Cairo City,https://www.propertyfinder.eg/to/QTCDGM6GCC1W5ZA1NVMXBZZQQM/en,https://static.shared.propertyfinder.eg/media/images/listing/QTCDGM6GCC1W5ZA1NVMXBZZQQM/a3c9a7c0-872a-4ac9-9ca3-4db7a05ab492/1312x894.jpg,See the details of this Office for Sale in One Ninety Mall.,20000000
77606206,1BR Chalet for Sale in Sidi Abdel Rahman,https://www.propertyfinder.eg/to/85CP5S982JPJWH8RX6984AQW80/en,https://static.shared.propertyfinder.eg/media/images/listing/85CP5S982JPJWH8RX6984AQW80/a56027ed-9a86-48aa-a433-35bb760c8fb2/1312x894.jpg,See the details of this Chalet for Sale in Marassi.,15400000
77606169,5BR Villa for Sale in New Cairo City,https://www.propertyfinder.eg/to/4D3J0G1RMY7F25E1RNZHYMY3Y8/en,https://static.shared.propertyfinder.eg/media/images/listing/4D3J0G1RMY7F25E1RNZHYMY3Y8/79c4862f-b077-43a7-b292-02ddb631e1c9/1312x894.jpg,See the details of this Villa for Sale in Katameya Dunes.,141960000
77606142,Office for Sale in New Cairo City,https://www.propertyfinder.eg/to/A73B1VKZTV6VAJQ69EFWZ34AA4/en,https://static.shared.propertyfinder.eg/media/images/listing/A73B1VKZTV6VAJQ69EFWZ34AA4/913ca412-f6f6-46bd-80d0-476159edab4b/1312x894.jpg,See the details of this Office for Sale in Business Plus.,12432000
77606044,2BR Apartment for Sale in Mokattam,https://www.propertyfinder.eg/to/3HQGEMRBD2Q28AB62RNYD55N70/en,https://static.shared.propertyfinder.eg/media/images/listing/3HQGEMRBD2Q28AB62RNYD55N70/aafbe6ac-0d4d-4c29-a2af-bbe8745482ee/1312x894.jpg,See the details of this Apartment for Sale in The Fourteen Golf Residences.,15600000
77605994,2BR Apartment for Sale in New Cairo City,https://www.propertyfinder.eg/to/BXJ3S4M400HH93GM9402JW0XX0/en,https://static.shared.propertyfinder.eg/media/images/listing/BXJ3S4M400HH93GM9402JW0XX0/6d62f359-22a1-46f8-a63f-19432e169c33/1312x894.jpg,See the details of this Apartment for Sale in Zed East.,12037500
77605965,4BR Apartment for Sale in Hay Sharq,https://www.propertyfinder.eg/to/PFV63EEPCRBM16E1FNN6DB96A4/en,https://static.shared.propertyfinder.eg/media/images/listing/PFV63EEPCRBM16E1FNN6DB96A4/15a58fc0-007d-4fd0-965e-142914b4f78b/1312x894.jpg,See the details of this Apartment for Sale in Mostafa Abou Heif St..,6800000
77605858,Office for Sale in New Cairo City,https://www.propertyfinder.eg/to/TBGRQVVMAB20NT04PMA94XXVBR/en,https://static.shared.propertyfinder.eg/media/images/listing/TBGRQVVMAB20NT04PMA94XXVBR/6c8dbf5c-a955-49a7-abad-562774d90f83/1312x894.jpg,See the details of this Office for Sale in Granoy.,5500000
77605847,5BR Villa for Sale in Sheikh Zayed City,https://www.propertyfinder.eg/to/SDEY0AKB76KWPXE6233D2ETY7C/en,https://static.shared.propertyfinder.eg/media/images/listing/SDEY0AKB76KWPXE6233D2ETY7C/b1fd602e-a2e5-42bc-84f2-5a864f321b70/1312x894.jpg,See the details of this Villa for Sale in Eden.,214000000
77605532,3BR Chalet for Sale in Ras Al Hekma,https://www.propertyfinder.eg/to/17HRVGQS1T7TFEAZKR5EPS1490/en,https://static.shared.propertyfinder.eg/media/images/listing/17HRVGQS1T7TFEAZKR5EPS1490/a8c7034b-836f-4e93-91cf-fec0dddb792f/1312x894.jpg,See the details of this Chalet for Sale in Koun.,2760000
77605523,7BR Villa for Sale in New Cairo City,https://www.propertyfinder.eg/to/D2Y91FNZSPRXP68ME1XA26ERD0/en,https://static.shared.propertyfinder.eg/media/images/listing/D2Y91FNZSPRXP68ME1XA26ERD0/4be10465-17ef-473a-a12a-766bdf6de61e/1312x894.jpg,See the details of this Villa for Sale in Hyde Park.,42000000
77605490,4BR Villa for Sale in Sheikh Zayed City,https://www.propertyfinder.eg/to/2ZHNTQVMXH5YYGY2AQPTCQ640W/en,https://static.shared.propertyfinder.eg/media/images/listing/2ZHNTQVMXH5YYGY2AQPTCQ640W/abbda5c5-61ba-4c48-9b42-9d5a1212d712/1312x894.jpg,See the details of this Villa for Sale in Eden.,87500000
77605331,6BR Villa for Sale in New Cairo City,https://www.propertyfinder.eg/to/R4WPXP939N4AF73WMVDFTE0CCW/en,https://static.shared.propertyfinder.eg/media/images/listing/R4WPXP939N4AF73WMVDFTE0CCW/541da107-0b64-4cd0-a377-01ce2b39f7cb/1312x894.jpg,See the details of this Villa for Sale in Cairo Festival City.,60000000
77605156,2BR Apartment for Sale in New Cairo City,https://www.propertyfinder.eg/to/0N2A8PHAG4A6699133JE9V0YA4/en,https://static.shared.propertyfinder.eg/media/images/listing/0N2A8PHAG4A6699133JE9V0YA4/fe944a79-7721-48e7-8a1f-27725be40de8/1312x894.jpg,See the details of this Apartment for Sale in Zed East.,10431000
77605093,5BR Villa for Sale in Sheikh Zayed City,https://www.propertyfinder.eg/to/4KMKSD84FDTAFB27TDNJHJNK88/en,https://static.shared.propertyfinder.eg/media/images/listing/4KMKSD84FDTAFB27TDNJHJNK88/9d7d878c-3751-4490-83b4-47e8d727f195/1312x894.jpg,See the details of this Villa for Sale in Elan.,120000000
77604878,3BR Penthouse for Sale in Mostakbal City - Future City,https://www.propertyfinder.eg/to/DP440NBRB6H9MHZ5R0M8ER98Q8/en,https://static.shared.propertyfinder.eg/media/images/listing/DP440NBRB6H9MHZ5R0M8ER98Q8/7b7f7565-ad92-403b-8843-495ec4e6977e/1312x894.jpg,See the details of this Penthouse for Sale in Elan Sarai.,8500000
77604847,3BR Chalet for Sale in Qesm Marsa Matrouh,https://www.propertyfinder.eg/to/PK9772T7XAYRG21TM4P1SK15J0/en,https://static.shared.propertyfinder.eg/media/images/listing/PK9772T7XAYRG21TM4P1SK15J0/61a1b071-f46c-40a5-9f19-25824a022a9a/1312x894.jpg,See the details of this Chalet for Sale in Silver Sands.,12600000
77604846,3BR Villa for Sale in Qesm Marsa Matrouh,https://www.propertyfinder.eg/to/JNB2S123KR6RXWB7M36T46ZCGR/en,https://static.shared.propertyfinder.eg/media/images/listing/JNB2S123KR6RXWB7M36T46ZCGR/bb91133c-5e2b-458f-b8a6-166bd7ab9fa3/1312x894.jpg,See the details of this Villa for Sale in Silver Sands.,29500000
77604680,3BR Townhouse for Sale in 6 October City,https://www.propertyfinder.eg/to/SX8W0Y150E2JTK2K5MZY364FMW/en,https://static.shared.propertyfinder.eg/media/images/listing/SX8W0Y150E2JTK2K5MZY364FMW/bae9614c-5094-4144-8193-7a415dccf10c/1312x894.jpg,See the details of this Townhouse for Sale in Mountain View October Park.,14800000
77604673,3BR Townhouse for Sale in New Cairo City,https://www.propertyfinder.eg/to/BKSKA1TH0C72MVHAPHRYZH5QX4/en,https://static.shared.propertyfinder.eg/media/images/listing/BKSKA1TH0C72MVHAPHRYZH5QX4/0f47981b-0ff9-4789-97d5-55f9ddc9f987/1312x894.jpg,See the details of this Townhouse for Sale in Mivida.,31000000
77604417,5BR Villa for Sale in New Cairo City,https://www.propertyfinder.eg/to/HQDM2J7WBQ8REGNKQXAZ1Z8CYM/en,https://static.shared.propertyfinder.eg/media/images/listing/HQDM2J7WBQ8REGNKQXAZ1Z8CYM/8a13a699-51e0-4601-b72b-4938d2994936/1312x894.jpg,See the details of this Villa for Sale in Zed East.,33000000
77604412,3BR Villa for Sale in Qesm Ad Dabaah,https://www.propertyfinder.eg/to/FP5PJWPNQZ14W6N8VSPJGW5990/en,https://static.shared.propertyfinder.eg/media/images/listing/FP5PJWPNQZ14W6N8VSPJGW5990/28f542af-c097-4c6e-86bb-537d1183dfe0/1312x894.jpg,See the details of this Villa for Sale in La Vista Bay.,15000000
77604407,3BR Chalet for Sale in Qesm Marsa Matrouh,https://www.propertyfinder.eg/to/D6065KSJM9Y7KYSDH4Q058S2QM/en,https://static.shared.propertyfinder.eg/media/images/listing/D6065KSJM9Y7KYSDH4Q058S2QM/3a021438-5bf0-4d51-9225-e75cf1bb2eef/1312x894.jpg,See the details of this Chalet for Sale in Silver Sands.,9600000
77604404,2BR Chalet for Sale in Qesm Marsa Matrouh,https://www.propertyfinder.eg/to/QZDBNJ7RZD5K4KTG8BDJ77ZRTC/en,https://static.shared.propertyfinder.eg/media/images/listing/QZDBNJ7RZD5K4KTG8BDJ77ZRTC/146a37a8-55b6-460d-a49e-ea55e4bf977e/1312x894.jpg,See the details of this Chalet for Sale in Almaza Bay.,14500000
77604403,3BR Chalet for Sale in Ras Al Hekma,https://www.propertyfinder.eg/to/H7S71S1GESWSF5FDPQQ9EW6DXG/en,https://static.shared.propertyfinder.eg/media/images/listing/H7S71S1GESWSF5FDPQQ9EW6DXG/1ab6beee-b120-4def-b4c1-560ba1e06ac5/1312x894.jpg,See the details of this Chalet for Sale in June.,12000000
77604364,5BR Villa for Sale in Ras Al Hekma,https://www.propertyfinder.eg/to/CZWZRN5S9CDZM4F7ZP4WNENQP4/en,https://static.shared.propertyfinder.eg/media/images/listing/CZWZRN5S9CDZM4F7ZP4WNENQP4/8869cd5c-2744-48cd-b0ee-7e784bae2546/1312x894.jpg,See the details of this Villa for Sale in Modon Abu Dhabi.,40000000
77604347,4BR Villa for Sale in Mokattam,https://www.propertyfinder.eg/to/GJ89Z3PFDEC0MJPZMNTVEK43B8/en,https://static.shared.propertyfinder.eg/media/images/listing/GJ89Z3PFDEC0MJPZMNTVEK43B8/47a9a21a-5fde-4c01-ae9b-d5c5b00fea74/1312x894.jpg,See the details of this Villa for Sale in Celesta Hills.,63752000
77604258,3BR Twin House for Sale in 6 October City,https://www.propertyfinder.eg/to/ZDB19C2JN06GDZT3VV6FXJCNS8/en,https://static.shared.propertyfinder.eg/media/images/listing/ZDB19C2JN06GDZT3VV6FXJCNS8/f1e73823-8f6c-4c70-bef7-e12980a2b9aa/1312x894.jpg,See the details of this Twin House for Sale in O West.,16000000
77604185,4BR Villa for Sale in Qesm Ad Dabaah,https://www.propertyfinder.eg/to/TZN2P7GWXM38079RZ09C0GA7CG/en,https://static.shared.propertyfinder.eg/media/images/listing/TZN2P7GWXM38079RZ09C0GA7CG/ea0cb3bb-3a25-4095-a84c-d1ea659aecc5/1312x894.jpg,See the details of this Villa for Sale in Soul North Coast.,66173000
77604162,5BR Villa for Sale in Qesm Ad Dabaah,https://www.propertyfinder.eg/to/J5W4QFJNJ7FF6PVBK6RYQZFBNM/en,https://static.shared.propertyfinder.eg/media/images/listing/J5W4QFJNJ7FF6PVBK6RYQZFBNM/c0796873-ff5f-491a-8a04-7877437f4768/1312x894.jpg,See the details of this Villa for Sale in Soul North Coast.,75000000
77604086,2BR Apartment for Sale in Sheikh Zayed City,https://www.propertyfinder.eg/to/NFYT25HCNQXM4NGDQ2S7RFG7VW/en,https://static.shared.propertyfinder.eg/media/images/listing/NFYT25HCNQXM4NGDQ2S7RFG7VW/dd28dbe1-dc7c-4dd2-9147-dc8dc6a7a2c4/1312x894.jpg,See the details of this Apartment for Sale in Coy.,3395000
77604024,3BR Villa for Sale in Hurghada,https://www.propertyfinder.eg/to/NEA939GCT4SB7X7J2FCFFBQSS8/en,https://static.shared.propertyfinder.eg/media/images/listing/NEA939GCT4SB7X7J2FCFFBQSS8/b702e1b9-58a0-4e57-bccf-bb31c852a84e/1312x894.jpg,See the details of this Villa for Sale in Mesca.,20500000
77603860,3BR Villa for Sale in 6 October City,https://www.propertyfinder.eg/to/VCCXHBJ6YE2497PDXDAZJ8XEPG/en,https://static.shared.propertyfinder.eg/media/images/listing/VCCXHBJ6YE2497PDXDAZJ8XEPG/a1f816b0-00f5-42bb-9a41-f4a6acc4d768/1312x894.jpg,See the details of this Villa for Sale in O West.,23500000
77603804,4BR Chalet for Sale in Ras Al Hekma,https://www.propertyfinder.eg/to/KGC4QMP62JDVZ4NJ4H74AH738W/en,https://static.shared.propertyfinder.eg/media/images/listing/KGC4QMP62JDVZ4NJ4H74AH738W/a298bfbc-56b2-40dc-940f-4119f6cc6086/1312x894.jpg,See the details of this Chalet for Sale in Hacienda West.,29800000
77603787,3BR Villa for Sale in Hurghada,https://www.propertyfinder.eg/to/2VYW3XQQ5TKPEEGKX0QJ7FAK3R/en,https://static.shared.propertyfinder.eg/media/images/listing/2VYW3XQQ5TKPEEGKX0QJ7FAK3R/deb459e0-8e60-4c50-9f8b-21f774f27d00/1312x894.jpg,See the details of this Villa for Sale in Mesca.,45000000
77603773,6BR Villa for Sale in New Cairo City,https://www.propertyfinder.eg/to/MXYACVGZEP35PAV2HJ126WFY6G/en,https://static.shared.propertyfinder.eg/media/images/listing/MXYACVGZEP35PAV2HJ126WFY6G/96929963-49da-43fc-bee7-5e3cb245fe5e/1312x894.jpg,See the details of this Villa for Sale in City Gate.,110000000
77603591,Whole Building for Sale in Sheikh Zayed City,https://www.propertyfinder.eg/to/2GMXTJF4A9BR2MY4VZ8FBA5GQG/en,https://static.shared.propertyfinder.eg/media/images/listing/2GMXTJF4A9BR2MY4VZ8FBA5GQG/b6cbdd13-b1de-4580-96e0-6a8e15274484/1312x894.jpg,See the details of this Whole Building for Sale in The Courtyard.,75000000
77603270,1BR Apartment for Sale in Al Alamein,https://www.propertyfinder.eg/to/05VXA0H9S2RHD4NWB4323F26AC/en,https://static.shared.propertyfinder.eg/media/images/listing/05VXA0H9S2RHD4NWB4323F26AC/4289812c-d1af-43a9-8432-12aa04ef35f8/1312x894.jpg,See the details of this Apartment for Sale in Marina 5.,13800000
77602914,4BR Twin House for Sale in Sheikh Zayed City,https://www.propertyfinder.eg/to/S0QS7YESS35A0MZA80CPQE64Y0/en,https://static.shared.propertyfinder.eg/media/images/listing/S0QS7YESS35A0MZA80CPQE64Y0/90bb608c-56af-4251-b966-2b3f1810b71d/1312x894.jpg,See the details of this Twin House for Sale in The Estates.,20250000
77602828,4BR Villa for Sale in 6 October City,https://www.propertyfinder.eg/to/747KQ9F9KNBBV77SFW988TSKF8/en,https://static.shared.propertyfinder.eg/media/images/listing/747KQ9F9KNBBV77SFW988TSKF8/4c43163c-d416-4c1a-b6b1-3b9aa684021f/1312x894.jpg,See the details of this Villa for Sale in Sun Capital.,28200000
77602822,2BR Apartment for Sale in El Nozha,https://www.propertyfinder.eg/to/P007GZSEP7AVE85MQW7HYNEWCC/en,https://static.shared.propertyfinder.eg/media/images/listing/P007GZSEP7AVE85MQW7HYNEWCC/071f48ce-8d89-4024-802d-b07e86ced36a/1312x894.jpg,See the details of this Apartment for Sale in Stoda.,6000000
77602771,3BR Apartment for Sale in New Cairo City,https://www.propertyfinder.eg/to/0YPB1KMEX67MWB7KG9NRTME2HR/en,https://static.shared.propertyfinder.eg/media/images/listing/0YPB1KMEX67MWB7KG9NRTME2HR/e4e835d9-3bbf-4c82-b698-cafe0070e9b7/1312x894.jpg,See the details of this Apartment for Sale in Hyde Park Business District Mall.,13500000
77601856,3BR Apartment for Sale in 6 October City,https://www.propertyfinder.eg/to/ZBJNH845CQ7PT3X3WN3MD06ES4/en,https://static.shared.propertyfinder.eg/media/images/listing/ZBJNH845CQ7PT3X3WN3MD06ES4/ed71e60b-9a96-4deb-8ce1-16598a0baf8d/1312x894.jpg,See the details of this Apartment for Sale in Sun Capital.,9464000
77601297,2BR Townhouse for Sale in New Cairo City,https://www.propertyfinder.eg/to/Q7NXDF4KS15C2J3N2YSCFRN62W/en,https://static.shared.propertyfinder.eg/media/images/listing/Q7NXDF4KS15C2J3N2YSCFRN62W/a89dcb77-58c0-4766-9bed-98d018148d55/1312x894.jpg,See the details of this Townhouse for Sale in Mivida.,26000000
77601012,3BR Penthouse for Sale in New Cairo City,https://www.propertyfinder.eg/to/FQZ80XX1W5TEWYXEDG7W4B4EVW/en,https://static.shared.propertyfinder.eg/media/images/listing/FQZ80XX1W5TEWYXEDG7W4B4EVW/12e43d17-2aa1-481e-9200-4bd6934ca2dd/1312x894.jpg,See the details of this Penthouse for Sale in Galleria Moon Valley.,13000000
77600893,3BR Twin House for Sale in Mokattam,https://www.propertyfinder.eg/to/MCTNR2V91BVPNKWZ5477M5HN2W/en,https://static.shared.propertyfinder.eg/media/images/listing/MCTNR2V91BVPNKWZ5477M5HN2W/9cc387f1-abf7-41ff-bbc2-7d55582ba6e9/1312x894.jpg,See the details of this Twin House for Sale in Celesta Hills.,35000000
77600623,4BR Villa for Sale in New Capital City,https://www.propertyfinder.eg/to/95RY7T0ANJNW7M083WRF63T3RG/en,https://static.shared.propertyfinder.eg/media/images/listing/95RY7T0ANJNW7M083WRF63T3RG/166e2ca0-95a6-40a5-a95f-46796f82265d/1312x894.jpg,See the details of this Villa for Sale in La Vista City.,25250000
77600538,4BR Townhouse for Sale in New Cairo City,https://www.propertyfinder.eg/to/0YW54GSDZ20AECCBY7QJ3PAGE4/en,https://static.shared.propertyfinder.eg/media/images/listing/0YW54GSDZ20AECCBY7QJ3PAGE4/c278e3aa-4dc5-4235-b142-f9d5b480ce05/1312x894.jpg,See the details of this Townhouse for Sale in Mivida.,33000000
77599405,2BR Apartment for Sale in 6 October City,https://www.propertyfinder.eg/to/858E0QCFQNF8RJ49FHVCBR536M/en,https://static.shared.propertyfinder.eg/media/images/listing/858E0QCFQNF8RJ49FHVCBR536M/d2db2133-dffe-4594-aa75-8d08e08460f2/1312x894.jpg,See the details of this Apartment for Sale in Palm Parks   Palm Hills.,9540000
77599207,2BR Apartment for Sale in 6 October City,https://www.propertyfinder.eg/to/K421ZPJZMR73CGXREWC6XKCXZW/en,https://static.shared.propertyfinder.eg/media/images/listing/K421ZPJZMR73CGXREWC6XKCXZW/5b8891ed-8e3e-4a14-85c0-62095cdde7a6/1312x894.jpg,See the details of this Apartment for Sale in Palm Parks   Palm Hills.,7500000
77598566,2BR Chalet for Sale in Al Alamein,https://www.propertyfinder.eg/to/9EV07EDBBPZSVYDRA57ANV76QG/en,https://static.shared.propertyfinder.eg/media/images/listing/9EV07EDBBPZSVYDRA57ANV76QG/58df31c6-7cf1-4646-b83d-abc4882f3466/1312x894.jpg,See the details of this Chalet for Sale in Downtown.,185000
77598565,1BR Chalet for Sale in Qesm Marsa Matrouh,https://www.propertyfinder.eg/to/KH8Z97ZE5MTRNCVB8PWM3A15NM/en,https://static.shared.propertyfinder.eg/media/images/listing/KH8Z97ZE5MTRNCVB8PWM3A15NM/c5b01b45-c35c-4c6e-a0b0-310ff28a3a9c/1312x894.jpg,See the details of this Chalet for Sale in Fouka Bay.,626700
77598440,3BR Chalet for Sale in Ras Al Hekma,https://www.propertyfinder.eg/to/3MHEC8Q2R6QVSDN2T7T56T1T5W/en,https://static.shared.propertyfinder.eg/media/images/listing/3MHEC8Q2R6QVSDN2T7T56T1T5W/cb2a3297-cf20-4df3-b6bc-78a167b84c14/1312x894.jpg,See the details of this Chalet for Sale in June.,18450000
77598206,4BR Chalet for Sale in Ras Al Hekma,https://www.propertyfinder.eg/to/F6ARPJ5XJBEKF8DV4M5VNPM9T0/en,https://static.shared.propertyfinder.eg/media/images/listing/F6ARPJ5XJBEKF8DV4M5VNPM9T0/c19c1041-b850-403b-942c-15abf2380ead/1312x894.jpg,See the details of this Chalet for Sale in June.,17558000
77598169,3BR Apartment for Sale in New Cairo City,https://www.propertyfinder.eg/to/741J0SCH6820310W3YVPB09WJR/en,https://static.shared.propertyfinder.eg/media/images/listing/741J0SCH6820310W3YVPB09WJR/8617237c-ac26-4bd0-a801-c78f8f6d849e/1312x894.jpg,See the details of this Apartment for Sale in Mountain View iCity.,6500000
77598167,2BR Apartment for Sale in New Heliopolis,https://www.propertyfinder.eg/to/47NMX4FQKM1481XR3F95K1YS5M/en,https://static.shared.propertyfinder.eg/media/images/listing/47NMX4FQKM1481XR3F95K1YS5M/8d16ee08-eba6-407a-b3fc-d77f08c5bdfe/1312x894.jpg,See the details of this Apartment for Sale in Talala.,5150000
77598138,4BR Townhouse for Sale in Ras Al Hekma,https://www.propertyfinder.eg/to/36BM57FV3KKCPNRJN3MVP8Z19C/en,https://static.shared.propertyfinder.eg/media/images/listing/36BM57FV3KKCPNRJN3MVP8Z19C/095f2cfc-150d-4542-87c7-4d1426e041b6/1312x894.jpg,See the details of this Townhouse for Sale in Naia bay.,31125000
77597985,3BR Villa for Sale in Qesm Marsa Matrouh,https://www.propertyfinder.eg/to/C5F44YNZ584DEWV130DD7TDTCC/en,https://static.shared.propertyfinder.eg/media/images/listing/C5F44YNZ584DEWV130DD7TDTCC/2e9f9172-2823-44a7-b4f2-1dd5ca4487d1/1312x894.jpg,See the details of this Villa for Sale in Fouka Bay.,35000000
77597925,3BR Townhouse for Sale in Ras Al Hekma,https://www.propertyfinder.eg/to/RZMX2S1ZNJQQKNEH3DR1A4ZWV8/en,https://static.shared.propertyfinder.eg/media/images/listing/RZMX2S1ZNJQQKNEH3DR1A4ZWV8/9247f9ec-8635-4284-a5be-d6b10d105884/1312x894.jpg,See the details of this Townhouse for Sale in Mountain View.,10303000
77597872,3BR Chalet for Sale in Sidi Abdel Rahman,https://www.propertyfinder.eg/to/CV5GV7PPXJWKAVY75FVPFHY2AC/en,https://static.shared.propertyfinder.eg/media/images/listing/CV5GV7PPXJWKAVY75FVPFHY2AC/34358a23-6951-4b87-b94b-3e44754fb12c/1312x894.jpg,See the details of this Chalet for Sale in Amwaj.,10500000
77597868,3BR Apartment for Sale in New Cairo City,https://www.propertyfinder.eg/to/V9NFEW10AW03W2B7J8NH8AYBG0/en,https://static.shared.propertyfinder.eg/media/images/listing/V9NFEW10AW03W2B7J8NH8AYBG0/21232f20-7a1b-4c4f-9ce0-d2cee7d620d2/1312x894.jpg,See the details of this Apartment for Sale in Eastown.,18000000
77597860,3BR Apartment for Sale in New Cairo City,https://www.propertyfinder.eg/to/V144P65R09K59T8H4C8BE3177G/en,https://static.shared.propertyfinder.eg/media/images/listing/V144P65R09K59T8H4C8BE3177G/725f263f-56d4-43f9-8db8-08ccff66c2bc/1312x894.jpg,See the details of this Apartment for Sale in Eastown.,18000000
77597825,2BR Apartment for Sale in Al Alamein,https://www.propertyfinder.eg/to/KV6DFTB4CMX7871MPVTRCT43KR/en,https://static.shared.propertyfinder.eg/media/images/listing/KV6DFTB4CMX7871MPVTRCT43KR/c04c51b4-1104-4135-8fd0-9d154b54079e/1312x894.jpg,See the details of this Apartment for Sale in North Edge Towers.,13000000
77597785,2BR Chalet for Sale in Qesm Marsa Matrouh,https://www.propertyfinder.eg/to/A7YAJZZSC8P9EBYSS22PYYE1XW/en,https://static.shared.propertyfinder.eg/media/images/listing/A7YAJZZSC8P9EBYSS22PYYE1XW/d19143a4-ef0c-404d-9a18-cdf0b865b693/1312x894.jpg,See the details of this Chalet for Sale in Silver Sands.,12036000
77597776,3BR Penthouse for Sale in New Cairo City,https://www.propertyfinder.eg/to/MBWH9P7E5JSH90FQRT5KM8E0PM/en,https://static.shared.propertyfinder.eg/media/images/listing/MBWH9P7E5JSH90FQRT5KM8E0PM/d02eb862-e2d4-4a3c-aee2-3503a1516a2c/1312x894.jpg,See the details of this Penthouse for Sale in Lake View Residence 2.,13000000
77597750,3BR Chalet for Sale in Qesm Marsa Matrouh,https://www.propertyfinder.eg/to/A7NHSJVKZZYHKV0WC5XTJ5WHSM/en,https://static.shared.propertyfinder.eg/media/images/listing/A7NHSJVKZZYHKV0WC5XTJ5WHSM/c509bedc-cd10-40b0-a8e8-68daf208e03d/1312x894.jpg,See the details of this Chalet for Sale in Silver Sands.,15000000
77597622,2BR Chalet for Sale in Qesm Marsa Matrouh,https://www.propertyfinder.eg/to/WJD3DMYDV4G9GC54PCAH1EF5VR/en,https://static.shared.propertyfinder.eg/media/images/listing/WJD3DMYDV4G9GC54PCAH1EF5VR/dd6ac68d-c884-4ff7-b355-939b419b6b65/1312x894.jpg,See the details of this Chalet for Sale in Fouka Bay.,9430000
77597540,2BR Chalet for Sale in Sidi Abdel Rahman,https://www.propertyfinder.eg/to/KEKMFK9F204FF95TSRVWQ3147R/en,https://static.shared.propertyfinder.eg/media/images/listing/KEKMFK9F204FF95TSRVWQ3147R/1cae85f4-e0ef-4f7d-882c-77d7f5da56e9/1312x894.jpg,See the details of this Chalet for Sale in Hacienda Bay.,10269000
77597514,2BR Chalet for Sale in Sidi Abdel Rahman,https://www.propertyfinder.eg/to/1MEECFR4F1KDMHGA9PHZVQATV0/en,https://static.shared.propertyfinder.eg/media/images/listing/1MEECFR4F1KDMHGA9PHZVQATV0/dd8d5ee8-60b2-4abc-955a-2868b9d554d1/1312x894.jpg,See the details of this Chalet for Sale in Hacienda Bay.,11567000
77597501,2BR Chalet for Sale in Sidi Abdel Rahman,https://www.propertyfinder.eg/to/EJT2J2RJQBHQ6GR2SSV3JVE5S4/en,https://static.shared.propertyfinder.eg/media/images/listing/EJT2J2RJQBHQ6GR2SSV3JVE5S4/c4c1bc7e-388d-40cd-8cd9-acc090b80305/1312x894.jpg,See the details of this Chalet for Sale in Hacienda Bay.,11203000
77597495,5BR Townhouse for Sale in New Heliopolis,https://www.propertyfinder.eg/to/WYCDXZ0KZEFSYT902JXX8WMX8M/en,https://static.shared.propertyfinder.eg/media/images/listing/WYCDXZ0KZEFSYT902JXX8WMX8M/9ae2814a-ea1e-401a-b347-3c56becd1dc3/1312x894.jpg,See the details of this Townhouse for Sale in Sodic East.,11500000
77597491,4BR Townhouse for Sale in New Heliopolis,https://www.propertyfinder.eg/to/XXXG05QR0MG7948XP1V08CCGW4/en,https://static.shared.propertyfinder.eg/media/images/listing/XXXG05QR0MG7948XP1V08CCGW4/f808c423-65b6-4ab4-85bd-c94d40e21f28/1312x894.jpg,See the details of this Townhouse for Sale in Sodic East.,19862000
77597487,5BR Twin House for Sale in New Heliopolis,https://www.propertyfinder.eg/to/PNK81SKP4TKEFAXJMMZ39XNJVM/en,https://static.shared.propertyfinder.eg/media/images/listing/PNK81SKP4TKEFAXJMMZ39XNJVM/c160a825-fe8e-4447-843f-77f9910a4c0f/1312x894.jpg,See the details of this Twin House for Sale in Sodic East.,11688000
77597452,2BR Chalet for Sale in Sidi Abdel Rahman,https://www.propertyfinder.eg/to/9KYM53AXKTKEKBYTJTV7SWZ2M4/en,https://static.shared.propertyfinder.eg/media/images/listing/9KYM53AXKTKEKBYTJTV7SWZ2M4/b4ded4b9-7d51-493e-a3a8-48c8243af39b/1312x894.jpg,See the details of this Chalet for Sale in Hacienda Bay.,11661000
77597008,4BR Chalet for Sale in Sidi Abdel Rahman,https://www.propertyfinder.eg/to/1041N0TPP6SCFH8MJ871DBA0RM/en,https://static.shared.propertyfinder.eg/media/images/listing/1041N0TPP6SCFH8MJ871DBA0RM/6acf2638-f2ec-4240-ab81-9d7fe4fc8df7/1312x894.jpg,See the details of this Chalet for Sale in Playa Resort.,29000000
77597000,2BR Chalet for Sale in Sidi Abdel Rahman,https://www.propertyfinder.eg/to/T01V0S13K9YE0SJ85MBXJZRE1C/en,https://static.shared.propertyfinder.eg/media/images/listing/T01V0S13K9YE0SJ85MBXJZRE1C/6a3fb573-e0ff-43be-a3a9-d29f78ba9e96/1312x894.jpg,See the details of this Chalet for Sale in Playa Resort.,14000000
77596973,3BR Chalet for Sale in Sidi Abdel Rahman,https://www.propertyfinder.eg/to/7V45Z58G0JCXJGDQDEHZHA7SS4/en,https://static.shared.propertyfinder.eg/media/images/listing/7V45Z58G0JCXJGDQDEHZHA7SS4/5a501159-1630-4371-87e5-735ccdcee41a/1312x894.jpg,See the details of this Chalet for Sale in Playa Resort.,18000000
77596804,2BR Apartment for Sale in New Heliopolis,https://www.propertyfinder.eg/to/RHVGKFZE03B6DS245KBV51F7H8/en,https://static.shared.propertyfinder.eg/media/images/listing/RHVGKFZE03B6DS245KBV51F7H8/f84c7fee-c5fd-4eb7-94ae-3e853be6733f/1312x894.jpg,See the details of this Apartment for Sale in Sodic East.,7800000
77517883,2BR Apartment for Sale in New Cairo City,https://www.propertyfinder.eg/to/NGW7C5TP62EGTD2EP6ZGYC3K08/en,https://static.shared.propertyfinder.eg/media/images/listing/NGW7C5TP62EGTD2EP6ZGYC3K08/fde713c4-3337-4347-899e-d0c6261f630d/1312x894.jpg,See the details of this Apartment for Sale in Lake View Residence.,9000000
77337604,3BR Chalet for Sale in Sidi Abdel Rahman,https://www.propertyfinder.eg/to/BZ0A2B2H7G3RVWX8Z4NABQFS8C/en,https://static.shared.propertyfinder.eg/media/images/listing/BZ0A2B2H7G3RVWX8Z4NABQFS8C/3dac5f92-086f-48aa-aa5d-491de3deb496/1312x894.jpg,See the details of this Chalet for Sale in Marassi.,18400000
77337592,4BR Penthouse for Sale in Sidi Abdel Rahman,https://www.propertyfinder.eg/to/800WRZ94M0R3R2S3F0ZYPQEVSC/en,https://static.shared.propertyfinder.eg/media/images/listing/800WRZ94M0R3R2S3F0ZYPQEVSC/d1eaf9b5-f872-47c9-82ff-52479dcd7c39/1312x894.jpg,See the details of this Penthouse for Sale in Hacienda Bay.,23500000
77337387,3BR Chalet for Sale in Qesm Ad Dabaah,https://www.propertyfinder.eg/to/PG3JCVVP8Q6N4XQQZWCCDP1Y78/en,https://static.shared.propertyfinder.eg/media/images/listing/PG3JCVVP8Q6N4XQQZWCCDP1Y78/5cc10cec-feef-4f14-b118-28d475b27618/1312x894.jpg,See the details of this Chalet for Sale in Swan Lake North Coast.,15461033
77337373,5BR Villa for Sale in Qesm Ad Dabaah,https://www.propertyfinder.eg/to/Z83EEY9VDYPXMA83DYH36P2XKG/en,https://static.shared.propertyfinder.eg/media/images/listing/Z83EEY9VDYPXMA83DYH36P2XKG/35befe99-db1e-40cb-93e6-bc1cc1db7602/1312x894.jpg,See the details of this Villa for Sale in Swan Lake North Coast.,39995000
77337365,4BR Twin House for Sale in Qesm Ad Dabaah,https://www.propertyfinder.eg/to/7D3Q0K63Q9AE1HW8F6J2N0JAAR/en,https://static.shared.propertyfinder.eg/media/images/listing/7D3Q0K63Q9AE1HW8F6J2N0JAAR/a061c180-73c0-4254-ba6b-53616ea5a7ae/1312x894.jpg,See the details of this Twin House for Sale in Swan Lake North Coast.,20750000
77337353,4BR Twin House for Sale in Qesm Ad Dabaah,https://www.propertyfinder.eg/to/SV3MKTR4E6HA8ESE4WHAAPC764/en,https://static.shared.propertyfinder.eg/media/images/listing/SV3MKTR4E6HA8ESE4WHAAPC764/177b661b-34d0-401e-93fa-74cd55811141/1312x894.jpg,See the details of this Twin House for Sale in Swan Lake North Coast.,27995000
77337349,3BR Chalet for Sale in Qesm Ad Dabaah,https://www.propertyfinder.eg/to/GCTCSZZNMYTW6V2MCFFK8SMRTC/en,https://static.shared.propertyfinder.eg/media/images/listing/GCTCSZZNMYTW6V2MCFFK8SMRTC/55470712-fa62-4e99-ae66-7ac277cf2327/1312x894.jpg,See the details of this Chalet for Sale in Swan Lake North Coast.,19900000
77337340,3BR Chalet for Sale in Qesm Ad Dabaah,https://www.propertyfinder.eg/to/0Q21ZZ249Q5K7XFGHMB07T2H0G/en,https://static.shared.propertyfinder.eg/media/images/listing/0Q21ZZ249Q5K7XFGHMB07T2H0G/5c0fa624-5559-4487-aa7c-8d565c7c6bf8/1312x894.jpg,See the details of this Chalet for Sale in Swan Lake North Coast.,18500000
77337326,3BR Chalet for Sale in Qesm Ad Dabaah,https://www.propertyfinder.eg/to/66ADXDMHB3DBQD83HT6XNBV3K0/en,https://static.shared.propertyfinder.eg/media/images/listing/66ADXDMHB3DBQD83HT6XNBV3K0/a317731a-4d8a-4517-ba4c-6e4be701daec/1312x894.jpg,See the details of this Chalet for Sale in Swan Lake North Coast.,19500000
77337320,4BR Chalet for Sale in Qesm Ad Dabaah,https://www.propertyfinder.eg/to/K62CZD9YAB7CW38RRXERBRH0P8/en,https://static.shared.propertyfinder.eg/media/images/listing/K62CZD9YAB7CW38RRXERBRH0P8/ce3b5d31-039a-4800-9f7c-ea06f13986be/1312x894.jpg,See the details of this Chalet for Sale in Swan Lake North Coast.,16334200
77336068,3BR Apartment for Sale in New Cairo City,https://www.propertyfinder.eg/to/RH89VBMJAJWWWAGMB5J8AB11WW/en,https://static.shared.propertyfinder.eg/media/images/listing/RH89VBMJAJWWWAGMB5J8AB11WW/7e3e2308-e4b1-4da3-8edc-804d4f8e0a38/1312x894.jpg,See the details of this Apartment for Sale in Mountain View 1.1.,4000000
77336004,3BR Apartment for Sale in New Cairo City,https://www.propertyfinder.eg/to/EZ62VE8VNAM58S8JXPFNNBATJG/en,https://static.shared.propertyfinder.eg/media/images/listing/EZ62VE8VNAM58S8JXPFNNBATJG/6e22dd3c-c3f3-4db8-a822-17dbbcba71a8/1312x894.jpg,See the details of this Apartment for Sale in Mountain View 1.1.,6750000
77335885,2BR Chalet for Sale in Qesm Marsa Matrouh,https://www.propertyfinder.eg/to/KKSNAB31EPVQYW6M3TSMZZCT4R/en,https://static.shared.propertyfinder.eg/media/images/listing/KKSNAB31EPVQYW6M3TSMZZCT4R/c1996e2c-1c39-413c-8e97-ccbad5280b79/1312x894.jpg,See the details of this Chalet for Sale in Marsa Baghush.,1300000
77335827,3BR Chalet for Sale in Sidi Abdel Rahman,https://www.propertyfinder.eg/to/0DT7VHQA48GCJKEMSAXJZNHXTC/en,https://static.shared.propertyfinder.eg/media/images/listing/0DT7VHQA48GCJKEMSAXJZNHXTC/0f608fe5-78d8-4c92-90f2-7bec47caa35e/1312x894.jpg,See the details of this Chalet for Sale in Telal Alamein.,8750000
77335775,2BR Chalet for Sale in Qesm Ad Dabaah,https://www.propertyfinder.eg/to/WCWNSWBYPA6CAZFEPRBEF9VXW0/en,https://static.shared.propertyfinder.eg/media/images/listing/WCWNSWBYPA6CAZFEPRBEF9VXW0/65539877-5552-4c7d-bbc3-aa6ff879fcf3/1312x894.jpg,See the details of this Chalet for Sale in Hacienda Waters.,12000000
77335745,4BR Villa for Sale in Ras Al Hekma,https://www.propertyfinder.eg/to/TTR4SK56JPY93D34CS0NVQPBRM/en,https://static.shared.propertyfinder.eg/media/images/listing/TTR4SK56JPY93D34CS0NVQPBRM/57f56fee-0f41-475f-82a4-26858292a6e6/1312x894.jpg,See the details of this Villa for Sale in Hacienda West.,40000000
77335698,2BR Chalet for Sale in Ras Al Hekma,https://www.propertyfinder.eg/to/SB1K7V2GWB2BRXX832B2BS1TV0/en,https://static.shared.propertyfinder.eg/media/images/listing/SB1K7V2GWB2BRXX832B2BS1TV0/3e7d2a0d-9892-4006-9d64-d6228c8e4530/1312x894.jpg,See the details of this Chalet for Sale in Hacienda West.,15000000
77335672,1BR Chalet for Sale in Ras Al Hekma,https://www.propertyfinder.eg/to/K0W9F3631A0N9JMD3NFK0344P0/en,https://static.shared.propertyfinder.eg/media/images/listing/K0W9F3631A0N9JMD3NFK0344P0/5503fba8-b04f-4f32-b2f7-336f66482866/1312x894.jpg,See the details of this Chalet for Sale in Salt.,1230900
77335187,Whole Building for Sale in Sheikh Zayed City,https://www.propertyfinder.eg/to/MB6Y1MN7Q6TF970P19C9B1CFSW/en,https://static.shared.propertyfinder.eg/media/images/listing/MB6Y1MN7Q6TF970P19C9B1CFSW/18e8735b-8e1b-4ba2-a1c1-f91a6afd5710/1312x894.jpg,See the details of this Whole Building for Sale in The Courtyard.,75000000
77335048,2BR Chalet for Sale in Ras Al Hekma,https://www.propertyfinder.eg/to/HW685QJTRH2N7DSWHD2H13S58G/en,https://static.shared.propertyfinder.eg/media/images/listing/HW685QJTRH2N7DSWHD2H13S58G/e7316aad-d704-4d9f-b334-2e8da758e464/1312x894.jpg,See the details of this Chalet for Sale in Modon Abu Dhabi.,15300000
77334844,3BR Twin House for Sale in New Cairo City,https://www.propertyfinder.eg/to/ZAK63Q7CHQRTV1W9R4NQVCSDJM/en,https://static.shared.propertyfinder.eg/media/images/listing/ZAK63Q7CHQRTV1W9R4NQVCSDJM/25a9b665-706d-4195-8867-b8e87f6a7a5f/1312x894.jpg,See the details of this Twin House for Sale in Mivida.,45000000
77334784,2BR Chalet for Sale in Ras Al Hekma,https://www.propertyfinder.eg/to/BM6KPYHMKS3JA1HMKSFP83WHJC/en,https://static.shared.propertyfinder.eg/media/images/listing/BM6KPYHMKS3JA1HMKSFP83WHJC/1ea888cd-c37c-4b11-9b62-d8e55a7a8413/1312x894.jpg,See the details of this Chalet for Sale in Hacienda West.,14000000
77334714,1BR Chalet for Sale in Al Alamein,https://www.propertyfinder.eg/to/EJXVY0YFZM9E2P6D19MF37TZTR/en,https://static.shared.propertyfinder.eg/media/images/listing/EJXVY0YFZM9E2P6D19MF37TZTR/6cffb9b0-b315-45cd-a038-0541bebdc150/1312x894.jpg,See the details of this Chalet for Sale in Lagoon.,2145000
77334712,4BR Twin House for Sale in New Cairo City,https://www.propertyfinder.eg/to/825E6DQ6ZBCQ51EWHMAB6A9DA8/en,https://static.shared.propertyfinder.eg/media/images/listing/825E6DQ6ZBCQ51EWHMAB6A9DA8/4420f446-2fe9-421d-8a38-52690bdd7108/1312x894.jpg,See the details of this Twin House for Sale in Mivida.,48175000
77334665,4BR Villa for Sale in Qesm Marsa Matrouh,https://www.propertyfinder.eg/to/0ET4YMVVDQHNY2F3VY67DJCKJW/en,https://static.shared.propertyfinder.eg/media/images/listing/0ET4YMVVDQHNY2F3VY67DJCKJW/2b77a26b-4c76-4798-8a78-f6731a9c3dd0/1312x894.jpg,See the details of this Villa for Sale in Marsa Baghush.,25000000
77334647,3BR Chalet for Sale in Sidi Abdel Rahman,https://www.propertyfinder.eg/to/MRB2M8G2PDFC70KVDV9B2HK7GM/en,https://static.shared.propertyfinder.eg/media/images/listing/MRB2M8G2PDFC70KVDV9B2HK7GM/9572fac3-aaa3-4883-86c7-41f3b0127620/1312x894.jpg,See the details of this Chalet for Sale in Marassi.,17500000
77334633,7BR Villa for Sale in Ras Al Hekma,https://www.propertyfinder.eg/to/701AWWV71S2THPMR4YN7A6CMY4/en,https://static.shared.propertyfinder.eg/media/images/listing/701AWWV71S2THPMR4YN7A6CMY4/e617ecf4-e78f-485e-92e6-0131e825bdcc/1312x894.jpg,See the details of this Villa for Sale in Modon Abu Dhabi.,400000000
77334613,2BR Apartment for Sale in New Cairo City,https://www.propertyfinder.eg/to/35QC5JH70WJK7JVWZM7CDE1684/en,https://static.shared.propertyfinder.eg/media/images/listing/35QC5JH70WJK7JVWZM7CDE1684/0d155af4-6c7c-4836-9be7-7d1c5ff088ac/1312x894.jpg,See the details of this Apartment for Sale in Mivida.,12400000
77334586,3BR Villa for Sale in Sheikh Zayed City,https://www.propertyfinder.eg/to/48WRNNN6TDTYDKKD4V0GNB8980/en,https://static.shared.propertyfinder.eg/media/images/listing/48WRNNN6TDTYDKKD4V0GNB8980/5f902c73-b295-4a46-b8c0-60a1dde11454/1312x894.jpg,See the details of this Villa for Sale in Belle Vie.,28000000
77334583,2BR Apartment for Sale in New Cairo City,https://www.propertyfinder.eg/to/MQ5EBEFVX7PBCM6NHVHPMNRMCM/en,https://static.shared.propertyfinder.eg/media/images/listing/MQ5EBEFVX7PBCM6NHVHPMNRMCM/a3f5469e-5022-4652-9a3e-9ffab0d0ad4b/1312x894.jpg,See the details of this Apartment for Sale in Zed East.,12400000
77334571,3BR Apartment for Sale in New Cairo City,https://www.propertyfinder.eg/to/6WBD2S8NJZVHBGZA6RNGTH9HCM/en,https://static.shared.propertyfinder.eg/media/images/listing/6WBD2S8NJZVHBGZA6RNGTH9HCM/4644d17c-fcd4-45d6-8433-ca6ccd50d846/1312x894.jpg,See the details of this Apartment for Sale in Palm Hills New Cairo.,12000000
77334265,3BR Townhouse for Sale in Qesm Marsa Matrouh,https://www.propertyfinder.eg/to/6RH89B4QCGRDD126757X93AV0C/en,https://static.shared.propertyfinder.eg/media/images/listing/6RH89B4QCGRDD126757X93AV0C/a3be1f1c-fa9e-4f12-badd-0273d06a9b3e/1312x894.jpg,See the details of this Townhouse for Sale in Silver Sands.,28971250
77334177,3BR Townhouse for Sale in Qesm Marsa Matrouh,https://www.propertyfinder.eg/to/EHJ5BSQPPV9SPSB5Q1FA9QD7M0/en,https://static.shared.propertyfinder.eg/media/images/listing/EHJ5BSQPPV9SPSB5Q1FA9QD7M0/cde894de-9690-4e64-84cf-4cdd8fc73eb8/1312x894.jpg,See the details of this Townhouse for Sale in Silver Sands.,32165575
77334137,4BR Penthouse for Sale in Qesm Marsa Matrouh,https://www.propertyfinder.eg/to/G3FMHV1WWJRVEB9DB1YTRYMHMW/en,https://static.shared.propertyfinder.eg/media/images/listing/G3FMHV1WWJRVEB9DB1YTRYMHMW/876832b4-1a20-43b0-9286-42d822d84323/1312x894.jpg,See the details of this Penthouse for Sale in Silver Sands.,25059325
77334099,3BR Apartment for Sale in Sheikh Zayed City,https://www.propertyfinder.eg/to/H1CXZR3FH209YYYRNVA4GHPP1W/en,https://static.shared.propertyfinder.eg/media/images/listing/H1CXZR3FH209YYYRNVA4GHPP1W/f879793a-a6a3-4945-a5d4-2321f5a250fd/1312x894.jpg,See the details of this Apartment for Sale in Westview Residence.,7300000
77334047,4BR Chalet for Sale in Qesm Marsa Matrouh,https://www.propertyfinder.eg/to/3176VC3RXD6B94B5V5B2KKR99M/en,https://static.shared.propertyfinder.eg/media/images/listing/3176VC3RXD6B94B5V5B2KKR99M/0d3ed898-c2e1-4424-8021-6ba7359ae195/1312x894.jpg,See the details of this Chalet for Sale in Silver Sands.,25059325
77334010,4BR Villa for Sale in New Cairo City,https://www.propertyfinder.eg/to/K19TKSYWBBAXPQHSJ6QREYKZ6M/en,https://static.shared.propertyfinder.eg/media/images/listing/K19TKSYWBBAXPQHSJ6QREYKZ6M/b4a7c899-844b-4f98-b7b8-f25ee3151887/1312x894.jpg,See the details of this Villa for Sale in Mountain View 1.1.,65000000
77333863,4BR Apartment for Sale in 6 October City,https://www.propertyfinder.eg/to/ZVCQ6GBT8TH9ZCZP087B709JYM/en,https://static.shared.propertyfinder.eg/media/images/listing/ZVCQ6GBT8TH9ZCZP087B709JYM/6316ec1c-303c-4582-8389-cca5c7c9ad67/1312x894.jpg,See the details of this Apartment for Sale in O West.,11000000
77333812,2BR Apartment for Sale in 6 October City,https://www.propertyfinder.eg/to/KPXKFDQN60YNXNK0QEXZ34W6P4/en,https://static.shared.propertyfinder.eg/media/images/listing/KPXKFDQN60YNXNK0QEXZ34W6P4/1e8a8d5e-be70-44e1-9f28-f9fbd43da979/1312x894.jpg,See the details of this Apartment for Sale in O West.,7377000
77333776,2BR Chalet for Sale in Ras Al Hekma,https://www.propertyfinder.eg/to/GN7788KK5EYZQTY6ZXMCD2V7A0/en,https://static.shared.propertyfinder.eg/media/images/listing/GN7788KK5EYZQTY6ZXMCD2V7A0/ed1edf2e-0685-4d36-8132-d22bd6bd7367/1312x894.jpg,See the details of this Chalet for Sale in Modon Abu Dhabi.,15000000
77333766,3BR Chalet for Sale in Ras Al Hekma,https://www.propertyfinder.eg/to/GMXRV3KCNSAB4REJJ90BHMTC6G/en,https://static.shared.propertyfinder.eg/media/images/listing/GMXRV3KCNSAB4REJJ90BHMTC6G/7b717a4c-f3a0-4b1c-bb4e-5d6f412a58ed/1312x894.jpg,See the details of this Chalet for Sale in June.,12500000
77333759,3BR Chalet for Sale in Ras Al Hekma,https://www.propertyfinder.eg/to/CYBSXZFZKF9AWVZYEZDKBMHJ0M/en,https://static.shared.propertyfinder.eg/media/images/listing/CYBSXZFZKF9AWVZYEZDKBMHJ0M/ab8b7642-73cc-4736-b37d-a38a8a5cabb3/1312x894.jpg,See the details of this Chalet for Sale in June.,10000000
77333655,Clinic for Sale in 6 October City,https://www.propertyfinder.eg/to/04M71MN3BXNTVJCNNFXBXHHAX0/en,https://static.shared.propertyfinder.eg/media/images/listing/04M71MN3BXNTVJCNNFXBXHHAX0/e188ab79-3617-4dda-a41d-63de6e92c5c5/1312x894.jpg,See the details of this Clinic for Sale in West Mark.,7082826
77333453,2BR Apartment for Sale in Sheikh Zayed City,https://www.propertyfinder.eg/to/4MFSEWRPDXMPETQ978ACC3SPG4/en,https://static.shared.propertyfinder.eg/media/images/listing/4MFSEWRPDXMPETQ978ACC3SPG4/64c34311-2a91-441c-9b15-3264a198e908/1312x894.jpg,See the details of this Apartment for Sale in Vye Sodic.,9245000
77333386,4BR Villa for Sale in 6 October City,https://www.propertyfinder.eg/to/4G1B6WKAJ7JBDN81XP2MWHC4W0/en,https://static.shared.propertyfinder.eg/media/images/listing/4G1B6WKAJ7JBDN81XP2MWHC4W0/407672b2-6f87-4578-bfe8-2c249fce7e4f/1312x894.jpg,See the details of this Villa for Sale in Palm Hills Golf Extension.,30000000
77333250,3BR Chalet for Sale in Hurghada,https://www.propertyfinder.eg/to/T0GTZAGCFCPJQKAAWE551JKQE4/en,https://static.shared.propertyfinder.eg/media/images/listing/T0GTZAGCFCPJQKAAWE551JKQE4/043a127e-499a-42d9-b5ec-2957c711ece3/1312x894.jpg,See the details of this Chalet for Sale in Mesca.,14000000
77333229,4BR Villa for Sale in Hurghada,https://www.propertyfinder.eg/to/VQCBYNS9Q50WQY4R6EGAFBQT94/en,https://static.shared.propertyfinder.eg/media/images/listing/VQCBYNS9Q50WQY4R6EGAFBQT94/3d03cc58-95eb-4de6-b726-16587b7d89d0/1312x894.jpg,See the details of this Villa for Sale in Mangroovy Residence.,33000000
77333226,2BR Chalet for Sale in Qesm Marsa Matrouh,https://www.propertyfinder.eg/to/MDT4D5Y4Y5N1HQSXD9V9QAWEXW/en,https://static.shared.propertyfinder.eg/media/images/listing/MDT4D5Y4Y5N1HQSXD9V9QAWEXW/eaaa0717-19c3-4fed-95ff-866762eb5718/1312x894.jpg,See the details of this Chalet for Sale in Silver Sands.,13000000
77333197,4BR Twin House for Sale in New Cairo City,https://www.propertyfinder.eg/to/1F5R2BEQA6169J2K8T7JRTND54/en,https://static.shared.propertyfinder.eg/media/images/listing/1F5R2BEQA6169J2K8T7JRTND54/c6a25214-5dda-4297-986b-cf190c9c764c/1312x894.jpg,See the details of this Twin House for Sale in Mivida.,38000000
77332859,3BR Penthouse for Sale in New Cairo City,https://www.propertyfinder.eg/to/T6SSZGENX2EKKYT9CVQXDT9S90/en,https://static.shared.propertyfinder.eg/media/images/listing/T6SSZGENX2EKKYT9CVQXDT9S90/73c58a59-d5d7-4640-8113-00db5402d696/1312x894.jpg,See the details of this Penthouse for Sale in Lake View Residence 2.,9830500
77332846,5BR Villa for Sale in 6 October City,https://www.propertyfinder.eg/to/99XP07T8EJPPNE8WD5DGBQR09C/en,https://static.shared.propertyfinder.eg/media/images/listing/99XP07T8EJPPNE8WD5DGBQR09C/cc5eb7b8-ffb7-4ed9-9f4b-bab80e9e9e5d/1312x894.jpg,See the details of this Villa for Sale in Soleya.,26000000
77332832,3BR Chalet for Sale in Ras Al Hekma,https://www.propertyfinder.eg/to/8Q2TWXG74PXPEF6S1H0CFEWEW4/en,https://static.shared.propertyfinder.eg/media/images/listing/8Q2TWXG74PXPEF6S1H0CFEWEW4/0901112e-558e-46ea-b989-c57a48c8c02d/1312x894.jpg,See the details of this Chalet for Sale in Seashore.,1000000
77332809,2BR Apartment for Sale in New Cairo City,https://www.propertyfinder.eg/to/N56PH09WP0QA4TJ36DM1VZGMGC/en,https://static.shared.propertyfinder.eg/media/images/listing/N56PH09WP0QA4TJ36DM1VZGMGC/eb54db0c-f0cd-40a5-830c-d557306713f5/1312x894.jpg,See the details of this Apartment for Sale in Lake View Residence.,13500000
77332738,2BR Apartment for Sale in New Cairo City,https://www.propertyfinder.eg/to/3PWWRX0D7FEY7VA2VJBP53Y7XR/en,https://static.shared.propertyfinder.eg/media/images/listing/3PWWRX0D7FEY7VA2VJBP53Y7XR/788297da-8108-46a3-ab54-93bd79e32ce9/1312x894.jpg,See the details of this Apartment for Sale in Lake View Residence 2.,15691000
77332725,2BR Chalet for Sale in Ras Al Hekma,https://www.propertyfinder.eg/to/B50AEEC4XZVGFQKEMEASC4W6TM/en,https://static.shared.propertyfinder.eg/media/images/listing/B50AEEC4XZVGFQKEMEASC4W6TM/ce03f6c9-69d1-458a-9160-a45f86b0d98a/1312x894.jpg,See the details of this Chalet for Sale in Cali Coast.,1580000
77332723,3BR Chalet for Sale in Sidi Abdel Rahman,https://www.propertyfinder.eg/to/3YKX97727ZXKR2V3S8SWY2KP6R/en,https://static.shared.propertyfinder.eg/media/images/listing/3YKX97727ZXKR2V3S8SWY2KP6R/471b456d-4995-4ed7-8d4b-18dc25d8862b/1312x894.jpg,See the details of this Chalet for Sale in Seashell.,19000000
77332681,2BR Chalet for Sale in Hacienda,https://www.propertyfinder.eg/to/GP3GH0FX5WZMM5JJCCEBN10JAC/en,https://static.shared.propertyfinder.eg/media/images/listing/GP3GH0FX5WZMM5JJCCEBN10JAC/7943cc7c-268a-42fb-9db6-39c817cedada/1312x894.jpg,See the details of this Chalet for Sale in Hacienda.,15300000
77332652,4BR Penthouse for Sale in Al Alamein,https://www.propertyfinder.eg/to/451RVPWF24ZVGBJ48D9FTB98DR/en,https://static.shared.propertyfinder.eg/media/images/listing/451RVPWF24ZVGBJ48D9FTB98DR/068c8435-add1-425b-a0cb-84d22c685d1f/1312x894.jpg,See the details of this Penthouse for Sale in La Vista Cascada.,21000000
77332509,5BR Villa for Sale in 6 October City,https://www.propertyfinder.eg/to/XPPRG61GG5V127TES1J9SE5P78/en,https://static.shared.propertyfinder.eg/media/images/listing/XPPRG61GG5V127TES1J9SE5P78/8203384d-4e49-4e94-93f1-f76015dc5d38/1312x894.jpg,See the details of this Villa for Sale in The Crown.,46500000
77332191,4BR Villa for Sale in New Cairo City,https://www.propertyfinder.eg/to/R5DPYNAXSNY5626VQX8CTZ2PSM/en,https://static.shared.propertyfinder.eg/media/images/listing/R5DPYNAXSNY5626VQX8CTZ2PSM/4dbfcc95-8645-4e5c-9cf3-15acc7e61d0c/1312x894.jpg,See the details of this Villa for Sale in Mivida.,58000000
77331997,4BR Townhouse for Sale in Mostakbal City - Future City,https://www.propertyfinder.eg/to/5S5W0TCNQVY3RMZ4R054K42K1R/en,https://static.shared.propertyfinder.eg/media/images/listing/5S5W0TCNQVY3RMZ4R054K42K1R/c2f011b4-1b9e-4caa-9aa6-860fa27d5e0d/1312x894.jpg,See the details of this Townhouse for Sale in Elm Tree Park.,7979000
77331944,3BR Villa for Sale in New Cairo City,https://www.propertyfinder.eg/to/BXF2DA82XSKZB4V1X4HVNQVVQR/en,https://static.shared.propertyfinder.eg/media/images/listing/BXF2DA82XSKZB4V1X4HVNQVVQR/ad457130-708e-417a-ad19-c79644f774a3/1312x894.jpg,See the details of this Villa for Sale in City Gate.,31856000
77331879,4BR Villa for Sale in Ras Al Hekma,https://www.propertyfinder.eg/to/DB4FS4CEMRGH9VZNKDGG8N9CRM/en,https://static.shared.propertyfinder.eg/media/images/listing/DB4FS4CEMRGH9VZNKDGG8N9CRM/80c873af-dfc2-4038-bce8-e6eae2bf00e6/1312x894.jpg,See the details of this Villa for Sale in Ramla.,4000000
77331842,4BR Villa for Sale in New Cairo City,https://www.propertyfinder.eg/to/FQ9P9465HQJYGMV82KJWD5DJB8/en,https://static.shared.propertyfinder.eg/media/images/listing/FQ9P9465HQJYGMV82KJWD5DJB8/464d34a6-6e7b-4764-ac1c-c4293eae508d/1312x894.jpg,See the details of this Villa for Sale in City Gate.,35000000
77331787,4BR Villa for Sale in Ras Al Hekma,https://www.propertyfinder.eg/to/QS1DTAK70MZ88E8G3PNY4R64Q0/en,https://static.shared.propertyfinder.eg/media/images/listing/QS1DTAK70MZ88E8G3PNY4R64Q0/cd7f2466-359c-411f-beb9-22a9ee00238c/1312x894.jpg,See the details of this Villa for Sale in The Med.,2200000
77331784,6BR Villa for Sale in New Cairo City,https://www.propertyfinder.eg/to/SH5ZRABQ5XSSHHZQDANP4FV57R/en,https://static.shared.propertyfinder.eg/media/images/listing/SH5ZRABQ5XSSHHZQDANP4FV57R/5fd31cbf-1365-4344-9b9d-6636eb4c8449/1312x894.jpg,See the details of this Villa for Sale in Katameya Dunes.,166400000
77331685,3BR Apartment for Sale in New Cairo City,https://www.propertyfinder.eg/to/MH61AEZBBE43F2MCBF9WFW5E8W/en,https://static.shared.propertyfinder.eg/media/images/listing/MH61AEZBBE43F2MCBF9WFW5E8W/4a8db932-7e3e-411a-9b40-fe05481d2bc3/1312x894.jpg,See the details of this Apartment for Sale in Zed East.,9805000
77331604,2BR Apartment for Sale in New Cairo City,https://www.propertyfinder.eg/to/JYZVFJ5SVHDPJJCPJS6VPFT59R/en,https://static.shared.propertyfinder.eg/media/images/listing/JYZVFJ5SVHDPJJCPJS6VPFT59R/eee8af11-55ef-49eb-9e51-e4f616730211/1312x894.jpg,See the details of this Apartment for Sale in Zed East.,6130000
77331495,Medical Facility for Sale in 6 October City,https://www.propertyfinder.eg/to/GXT02VBE6TZ6B066FX9R0GHV8M/en,https://static.shared.propertyfinder.eg/media/images/listing/GXT02VBE6TZ6B066FX9R0GHV8M/5c871ff0-2d94-4f59-ba75-a9f4a94e975d/1312x894.jpg,See the details of this Medical Facility for Sale in West Mark.,83380000
77331295,3BR Chalet for Sale in North Coast Resorts,https://www.propertyfinder.eg/to/6127WX3NXRW0FE7P5C1MPFPHH0/en,https://static.shared.propertyfinder.eg/media/images/listing/6127WX3NXRW0FE7P5C1MPFPHH0/0855548e-47d1-4556-9da0-20d40dd2310e/1312x894.jpg,See the details of this Chalet for Sale in Skala Mountain View Ras El Hikma.,9750000
77331272,3BR Apartment for Sale in New Cairo City,https://www.propertyfinder.eg/to/61T9P8WXY6TEE2C9HR2NBDEXF0/en,https://static.shared.propertyfinder.eg/media/images/listing/61T9P8WXY6TEE2C9HR2NBDEXF0/0d773305-f4ad-4b22-827e-bf2e11f50004/1312x894.jpg,See the details of this Apartment for Sale in Zed East.,10578000
77331168,3BR Villa for Sale in Hurghada,https://www.propertyfinder.eg/to/R7KY8CVKT2BAXMYAWP69D8B9QR/en,https://static.shared.propertyfinder.eg/media/images/listing/R7KY8CVKT2BAXMYAWP69D8B9QR/46a1138a-6a9a-43e7-972e-da334cb4485b/1312x894.jpg,See the details of this Villa for Sale in Mesca.,21900000
77331160,1BR Apartment for Sale in New Cairo City,https://www.propertyfinder.eg/to/7B0WYVMVGB4QDQ3H3XN7XAVHXC/en,https://static.shared.propertyfinder.eg/media/images/listing/7B0WYVMVGB4QDQ3H3XN7XAVHXC/10da9c85-feec-485f-a018-3200ac0f5bd3/1312x894.jpg,See the details of this Apartment for Sale in City Gate.,6980000
77331142,4BR Villa for Sale in Qesm Marsa Matrouh,https://www.propertyfinder.eg/to/4S4HGED4SBRR4Y30V760HC4ATR/en,https://static.shared.propertyfinder.eg/media/images/listing/4S4HGED4SBRR4Y30V760HC4ATR/a56d489a-6491-462d-8a6b-b0d2ddbd07e2/1312x894.jpg,See the details of this Villa for Sale in Almaza Bay.,32000000
77331111,1BR Apartment for Sale in New Cairo City,https://www.propertyfinder.eg/to/RJQB77WTHGKZNR9NADC3DD016C/en,https://static.shared.propertyfinder.eg/media/images/listing/RJQB77WTHGKZNR9NADC3DD016C/97f6a024-6fed-480d-8070-fe2083d89758/1312x894.jpg,See the details of this Apartment for Sale in City Gate.,7030000
77331016,3BR Apartment for Sale in New Cairo City,https://www.propertyfinder.eg/to/6S0KMKC0JNECFYN47CVHQENY6M/en,https://static.shared.propertyfinder.eg/media/images/listing/6S0KMKC0JNECFYN47CVHQENY6M/8e4e1ad9-2e1b-4e48-b3f6-167e9714686e/1312x894.jpg,See the details of this Apartment for Sale in Lake View Residence.,29000000
77330780,3BR Apartment for Sale in New Cairo City,https://www.propertyfinder.eg/to/EN4YQZ3ZGCK0GMX7Z5Y6RVWQRG/en,https://static.shared.propertyfinder.eg/media/images/listing/EN4YQZ3ZGCK0GMX7Z5Y6RVWQRG/bcae165d-543e-4e6a-a08d-0786ebf1c8dd/1312x894.jpg,See the details of this Apartment for Sale in Lake View Residence.,27000000
77330588,2BR Apartment for Sale in New Cairo City,https://www.propertyfinder.eg/to/KWFRR4MJ352N73SJPQZXPBEWY8/en,https://static.shared.propertyfinder.eg/media/images/listing/KWFRR4MJ352N73SJPQZXPBEWY8/ba2f2760-305d-423a-8e91-d3c703aed57a/1312x894.jpg,See the details of this Apartment for Sale in Garden Residence.,6500000
77330441,3BR Apartment for Sale in New Cairo City,https://www.propertyfinder.eg/to/QB8EC7HWTVWCX4QWPSYCV4VG6M/en,https://static.shared.propertyfinder.eg/media/images/listing/QB8EC7HWTVWCX4QWPSYCV4VG6M/3d86acd9-5a04-4c7e-a479-d183eedc563a/1312x894.jpg,See the details of this Apartment for Sale in Swan Lake Residence.,17000000
77330194,2BR Apartment for Sale in New Cairo City,https://www.propertyfinder.eg/to/ZY9A2EXG23Q54T2TXJG7H0QA4R/en,https://static.shared.propertyfinder.eg/media/images/listing/ZY9A2EXG23Q54T2TXJG7H0QA4R/899df399-6e6c-471a-b7c9-5936dafebd1f/1312x894.jpg,See the details of this Apartment for Sale in Zed East.,6445000
77330073,3BR Townhouse for Sale in New Cairo City,https://www.propertyfinder.eg/to/BT02EXMCJVH73XR4M1Y83HH8A4/en,https://static.shared.propertyfinder.eg/media/images/listing/BT02EXMCJVH73XR4M1Y83HH8A4/aa3a8aed-79a7-436c-9208-700a980a750b/1312x894.jpg,See the details of this Townhouse for Sale in Garden Residence.,22000000
77330054,3BR Apartment for Sale in Alexandria Compounds,https://www.propertyfinder.eg/to/K49DCR8195RJNK3T5AJCH6675M/en,https://static.shared.propertyfinder.eg/media/images/listing/K49DCR8195RJNK3T5AJCH6675M/aad8f4a5-4e3e-41e0-8a95-0b9e2a1f3b56/1312x894.jpg,See the details of this Apartment for Sale in Vee Sawari.,15900000
77330027,6BR Villa for Sale in New Cairo City,https://www.propertyfinder.eg/to/HP1M90AN9W6JAQ5QHMNJTQ0334/en,https://static.shared.propertyfinder.eg/media/images/listing/HP1M90AN9W6JAQ5QHMNJTQ0334/06e3e199-770f-42c2-8aa4-7c3b22519816/1312x894.jpg,See the details of this Villa for Sale in Katameya Dunes.,85000000
77329988,6BR Villa for Sale in New Cairo City,https://www.propertyfinder.eg/to/SATS123XP19Z7GNDN2QVQHKTEM/en,https://static.shared.propertyfinder.eg/media/images/listing/SATS123XP19Z7GNDN2QVQHKTEM/2a11c6c8-b68f-47b9-b245-2f1bbdcf912c/1312x894.jpg,See the details of this Villa for Sale in Katameya Dunes.,70000000
77329848,2BR Apartment for Sale in New Cairo City,https://www.propertyfinder.eg/to/WRMMJ2Q07YVDPR59222HQ3V564/en,https://static.shared.propertyfinder.eg/media/images/listing/WRMMJ2Q07YVDPR59222HQ3V564/1e47afdd-f5f2-4e79-82f6-873ea6dec774/1312x894.jpg,See the details of this Apartment for Sale in Hyde Park.,12840000
77329843,3BR Apartment for Sale in New Cairo City,https://www.propertyfinder.eg/to/Z9SCG5VQT1PDDS9VKMMFFNR1MC/en,https://static.shared.propertyfinder.eg/media/images/listing/Z9SCG5VQT1PDDS9VKMMFFNR1MC/67ed5dff-276c-41fe-a9f4-680ac0d1e798/1312x894.jpg,See the details of this Apartment for Sale in Moon Residences.,11500000
77329834,3BR Villa for Sale in New Cairo City,https://www.propertyfinder.eg/to/81CCKNPGNY9ZNQ9BNV3XY520MC/en,https://static.shared.propertyfinder.eg/media/images/listing/81CCKNPGNY9ZNQ9BNV3XY520MC/2c596093-33c1-496d-b19d-fde63c092be0/1312x894.jpg,See the details of this Villa for Sale in Layan Residence.,29000000
77329723,3BR Villa for Sale in New Cairo City,https://www.propertyfinder.eg/to/88V1ZE9PWRCG0SDP72P4YMP56R/en,https://static.shared.propertyfinder.eg/media/images/listing/88V1ZE9PWRCG0SDP72P4YMP56R/f8aac795-03fa-4431-85af-844782e848a5/1312x894.jpg,See the details of this Villa for Sale in Garden Residence.,29000000
77329704,3BR Apartment for Sale in New Cairo City,https://www.propertyfinder.eg/to/9VHK38GV8B48TCKDBEZF68Y5GW/en,https://static.shared.propertyfinder.eg/media/images/listing/9VHK38GV8B48TCKDBEZF68Y5GW/69f2cf93-ad7e-4c23-8fbc-c364431979d3/1312x894.jpg,See the details of this Apartment for Sale in City Gate.,16421000
77329574,2BR Apartment for Sale in New Cairo City,https://www.propertyfinder.eg/to/D3A79M6VYE38P9KRR8JFJ8SCY0/en,https://static.shared.propertyfinder.eg/media/images/listing/D3A79M6VYE38P9KRR8JFJ8SCY0/4182afc9-8b5b-4acd-8bb5-6d14a3e05c07/1312x894.jpg,See the details of this Apartment for Sale in Hyde Park.,8500000
77329421,5BR Villa for Sale in Sidi Abdel Rahman,https://www.propertyfinder.eg/to/49M67BCPD4H5X9X22XEWG4T49M/en,https://static.shared.propertyfinder.eg/media/images/listing/49M67BCPD4H5X9X22XEWG4T49M/a6b02ae9-4d1a-4989-bf1b-16e473eb62b7/1312x894.jpg,See the details of this Villa for Sale in Playa Resort.,70000000
77329380,2BR Chalet for Sale in Hurghada,https://www.propertyfinder.eg/to/G8D51CETG0TQ1Q0VC22VJ6X900/en,https://static.shared.propertyfinder.eg/media/images/listing/G8D51CETG0TQ1Q0VC22VJ6X900/85ede0ee-5484-40b5-8010-18833ae82782/1312x894.jpg,See the details of this Chalet for Sale in Mangroovy Residence.,13800000
77329352,3BR iVilla for Sale in New Cairo City,https://www.propertyfinder.eg/to/978ZKG18H8VSAKKS9B1724FP2C/en,https://static.shared.propertyfinder.eg/media/images/listing/978ZKG18H8VSAKKS9B1724FP2C/4be4e104-5621-4b11-a496-74327ce7a0ad/1312x894.jpg,See the details of this iVilla for Sale in Mountain View iCity.,15000000
77329230,5BR Villa for Sale in Sheikh Zayed City,https://www.propertyfinder.eg/to/EW2V9YKYQFW8X8WW1YG18AFWQC/en,https://static.shared.propertyfinder.eg/media/images/listing/EW2V9YKYQFW8X8WW1YG18AFWQC/81d35949-5684-4d6c-aa96-f0ef80eae3ae/1312x894.jpg,See the details of this Villa for Sale in Alma.,25000000
77329208,3BR Apartment for Sale in New Cairo City,https://www.propertyfinder.eg/to/HZS53PRRGNZGNDN0RWF4VWY10G/en,https://static.shared.propertyfinder.eg/media/images/listing/HZS53PRRGNZGNDN0RWF4VWY10G/9a4ecc63-11a0-4eb1-b329-8211f1b50027/1312x894.jpg,See the details of this Apartment for Sale in Swan Lake Residence.,20626000
77329143,2BR Chalet for Sale in Ras Al Hekma,https://www.propertyfinder.eg/to/Q9MEENJWTKGVEKPXN3F6PXXNG4/en,https://static.shared.propertyfinder.eg/media/images/listing/Q9MEENJWTKGVEKPXN3F6PXXNG4/2887d491-4018-4d09-a698-da4fbff5cb8b/1312x894.jpg,See the details of this Chalet for Sale in Hacienda West.,12870000
77329137,2BR Chalet for Sale in Ras Al Hekma,https://www.propertyfinder.eg/to/83DMGP3SX57GBK339ZZR0YJPW0/en,https://static.shared.propertyfinder.eg/media/images/listing/83DMGP3SX57GBK339ZZR0YJPW0/9f7793d2-a42c-4045-8961-53b82e87ec03/1312x894.jpg,See the details of this Chalet for Sale in Modon Abu Dhabi.,14300000
77329135,2BR Apartment for Sale in Sheikh Zayed City,https://www.propertyfinder.eg/to/BCPNQ7CTDXCY0D96CTG7CXR4QW/en,https://static.shared.propertyfinder.eg/media/images/listing/BCPNQ7CTDXCY0D96CTG7CXR4QW/f13e08bc-ab8f-4755-b0d4-768cf4d2af6f/1312x894.jpg,See the details of this Apartment for Sale in Solana.,9799898
77329113,3BR Apartment for Sale in Sheikh Zayed City,https://www.propertyfinder.eg/to/S6QN02TSR1ZDP55N9NACZ0E7SG/en,https://static.shared.propertyfinder.eg/media/images/listing/S6QN02TSR1ZDP55N9NACZ0E7SG/7fc71870-13e3-42f0-970a-f205a71a3e60/1312x894.jpg,See the details of this Apartment for Sale in Westview Residence.,7100000
77329103,6BR Villa for Sale in New Cairo City,https://www.propertyfinder.eg/to/529WJ7TXHYS8AGX16YFDCQ4WWW/en,https://static.shared.propertyfinder.eg/media/images/listing/529WJ7TXHYS8AGX16YFDCQ4WWW/04efdf93-b552-482f-97ac-a2b9e4d0ee9f/1312x894.jpg,See the details of this Villa for Sale in Stei8ht.,64589000
77329101,3BR Villa for Sale in New Cairo City,https://www.propertyfinder.eg/to/NC36PYGWSNRYV0XQNQ5Q06CJSR/en,https://static.shared.propertyfinder.eg/media/images/listing/NC36PYGWSNRYV0XQNQ5Q06CJSR/c1bef4b1-6ea4-426a-992a-748c5bdeac2f/1312x894.jpg,See the details of this Villa for Sale in Creek Town.,14290000
77329082,4BR Villa for Sale in 6 October City,https://www.propertyfinder.eg/to/J5BD0B7TG931DK48EE60KC17A0/en,https://static.shared.propertyfinder.eg/media/images/listing/J5BD0B7TG931DK48EE60KC17A0/27962841-40f2-4a65-8b9a-8ef30b496d8a/1312x894.jpg,See the details of this Villa for Sale in Nyoum October.,8000000
77329078,3BR Chalet for Sale in Ras Al Hekma,https://www.propertyfinder.eg/to/A6BXB5JT61X95E6YV2VMCYEXQC/en,https://static.shared.propertyfinder.eg/media/images/listing/A6BXB5JT61X95E6YV2VMCYEXQC/688ff390-b517-4145-b3d5-2cefcaf3cd20/1312x894.jpg,See the details of this Chalet for Sale in Hacienda West.,15000000
77329020,5BR Villa for Sale in Ras Al Hekma,https://www.propertyfinder.eg/to/XTQ24Y4ZXT146P823C9PV10YTG/en,https://static.shared.propertyfinder.eg/media/images/listing/XTQ24Y4ZXT146P823C9PV10YTG/bcb14013-96f3-424d-9b38-f704ae8bb05f/1312x894.jpg,See the details of this Villa for Sale in Ogami.,64080000
77329007,2BR Chalet for Sale in Ras Al Hekma,https://www.propertyfinder.eg/to/3DMC4GJW6A80Z4V5BCT7V0RNVR/en,https://static.shared.propertyfinder.eg/media/images/listing/3DMC4GJW6A80Z4V5BCT7V0RNVR/479a5fa8-0463-4000-ac6a-2a61495942bb/1312x894.jpg,See the details of this Chalet for Sale in Ogami.,15675000
77328993,3BR Apartment for Sale in New Cairo City,https://www.propertyfinder.eg/to/317J1568EFTCFNB87D6RTKQ1J4/en,https://static.shared.propertyfinder.eg/media/images/listing/317J1568EFTCFNB87D6RTKQ1J4/4e9be18e-74ba-4283-93e6-d6ff6da3f4bb/1312x894.jpg,See the details of this Apartment for Sale in Swan Lake Residence.,18059000
77328695,3BR Apartment for Sale in Sheikh Zayed City,https://www.propertyfinder.eg/to/1W0PBFM4DQ8T57WMTKD8QMWRH8/en,https://static.shared.propertyfinder.eg/media/images/listing/1W0PBFM4DQ8T57WMTKD8QMWRH8/113bc43c-c90e-4883-a90f-6b4d9aede5de/1312x894.jpg,See the details of this Apartment for Sale in Zed Towers.,10197000
77328693,4BR Apartment for Sale in New Cairo City,https://www.propertyfinder.eg/to/ES3HX7GRB12C0NTDKSBTTXA2D4/en,https://static.shared.propertyfinder.eg/media/images/listing/ES3HX7GRB12C0NTDKSBTTXA2D4/a6e15936-859e-43bc-af03-a7f5be9cc98a/1312x894.jpg,See the details of this Apartment for Sale in Stone Residence.,7500000
77328595,2BR Apartment for Sale in New Cairo City,https://www.propertyfinder.eg/to/JNCWK1YC38K53FQN6JRRXXB4VM/en,https://static.shared.propertyfinder.eg/media/images/listing/JNCWK1YC38K53FQN6JRRXXB4VM/9d766bcb-1804-469f-b877-6f8e734e7b03/1312x894.jpg,See the details of this Apartment for Sale in Garden Residence.,5108248
77328542,3BR Apartment for Sale in Sheikh Zayed City,https://www.propertyfinder.eg/to/YD6ZMMR3NNKT1S09VCEHJGJPMG/en,https://static.shared.propertyfinder.eg/media/images/listing/YD6ZMMR3NNKT1S09VCEHJGJPMG/5fbc982d-c783-4604-afb1-a71a5e947bb5/1312x894.jpg,See the details of this Apartment for Sale in Zed Towers.,14809000
77328490,2BR Apartment for Sale in New Heliopolis,https://www.propertyfinder.eg/to/D1BCQ44VYR86XN7T0WTAAEJ1XG/en,https://static.shared.propertyfinder.eg/media/images/listing/D1BCQ44VYR86XN7T0WTAAEJ1XG/5210eaed-3e9f-4cf9-aeda-6e928362aef5/1312x894.jpg,See the details of this Apartment for Sale in Talala.,4246000
77328395,2BR Apartment for Sale in New Cairo City,https://www.propertyfinder.eg/to/FGRZV6NQFZEE80CN9TQMYNEG60/en,https://static.shared.propertyfinder.eg/media/images/listing/FGRZV6NQFZEE80CN9TQMYNEG60/77d55721-7b88-4d91-a459-771b585160aa/1312x894.jpg,See the details of this Apartment for Sale in Regents Park.,12200000
77328372,3BR Apartment for Sale in New Cairo City,https://www.propertyfinder.eg/to/90RDD5MQ9EBN291BD4H3D25J64/en,https://static.shared.propertyfinder.eg/media/images/listing/90RDD5MQ9EBN291BD4H3D25J64/59b010bc-f8b1-40c1-ae85-eeed9fce7a99/1312x894.jpg,See the details of this Apartment for Sale in Villette.,16000000
77328308,3BR Villa for Sale in New Cairo City,https://www.propertyfinder.eg/to/RWRSGW324VYVCHYF1J6NHBKG7C/en,https://static.shared.propertyfinder.eg/media/images/listing/RWRSGW324VYVCHYF1J6NHBKG7C/bd27bbfd-4e6a-4095-85ea-c476551ecdf6/1312x894.jpg,See the details of this Villa for Sale in Palm Hills Katameya Extension.,53000000
77328189,3BR Apartment for Sale in New Cairo City,https://www.propertyfinder.eg/to/BS1GPJTGXNSA4GP85ZBDB28P74/en,https://static.shared.propertyfinder.eg/media/images/listing/BS1GPJTGXNSA4GP85ZBDB28P74/eee92b2a-f78c-4d03-946b-9a21207637b5/1312x894.jpg,See the details of this Apartment for Sale in Mountain View iCity.,6000000
77328163,2BR Apartment for Sale in New Cairo City,https://www.propertyfinder.eg/to/H3HWBBF16PWCC7ZW6E6QGDFP4W/en,https://static.shared.propertyfinder.eg/media/images/listing/H3HWBBF16PWCC7ZW6E6QGDFP4W/f27fb027-afc2-4d19-85e0-df15f582a10b/1312x894.jpg,See the details of this Apartment for Sale in Swan Lake Residence.,13582000
77328107,2BR Apartment for Sale in Heliopolis - Masr El Gedida,https://www.propertyfinder.eg/to/4X5X4J4SQSHDH7F9B6KEXEAFA0/en,https://static.shared.propertyfinder.eg/media/images/listing/4X5X4J4SQSHDH7F9B6KEXEAFA0/c6eca313-2e0d-40f0-876c-c95ebf28e63f/1312x894.jpg,See the details of this Apartment for Sale in Marriott Residence Heliopolis.,10800000
77328090,3BR Chalet for Sale in Qesm Marsa Matrouh,https://www.propertyfinder.eg/to/SW5QHXDV8V1FQDNHB32XGZ2W30/en,https://static.shared.propertyfinder.eg/media/images/listing/SW5QHXDV8V1FQDNHB32XGZ2W30/b9510f4f-6915-4798-a155-20c9734686e3/1312x894.jpg,See the details of this Chalet for Sale in Marsa Baghush.,15973000
77328088,1BR Apartment for Sale in New Cairo City,https://www.propertyfinder.eg/to/3M2E3MN5R75SPM4BHDYW8GJ80W/en,https://static.shared.propertyfinder.eg/media/images/listing/3M2E3MN5R75SPM4BHDYW8GJ80W/30e3d1d2-4e0f-46ba-9c5d-14eb36c0cc4b/1312x894.jpg,See the details of this Apartment for Sale in Palm Hills New Cairo.,7200000
77327944,2BR Apartment for Sale in New Cairo City,https://www.propertyfinder.eg/to/0AMEYB5EYK5VJ06KQDFP0Y3224/en,https://static.shared.propertyfinder.eg/media/images/listing/0AMEYB5EYK5VJ06KQDFP0Y3224/95b7bfdb-fb14-4b0c-ae0e-c629c1ce992b/1312x894.jpg,See the details of this Apartment for Sale in The Square.,6000000
77327892,2BR Chalet for Sale in Ras Al Hekma,https://www.propertyfinder.eg/to/82H7A8NSA0NH7ZX7CBVR3B82EM/en,https://static.shared.propertyfinder.eg/media/images/listing/82H7A8NSA0NH7ZX7CBVR3B82EM/aee75201-c36a-4336-aab3-ab229118fb94/1312x894.jpg,See the details of this Chalet for Sale in Modon Abu Dhabi.,14800000
77327806,3BR Townhouse for Sale in New Cairo City,https://www.propertyfinder.eg/to/XM6P2PGT196Q91JATZYRMPSBFW/en,https://static.shared.propertyfinder.eg/media/images/listing/XM6P2PGT196Q91JATZYRMPSBFW/76fd4942-5e73-4e76-aeb9-23bf4b25989e/1312x894.jpg,See the details of this Townhouse for Sale in Zed East.,24120000
77327798,3BR Apartment for Sale in New Cairo City,https://www.propertyfinder.eg/to/5SB3QADTZXPV0R0VJ263EAV18W/en,https://static.shared.propertyfinder.eg/media/images/listing/5SB3QADTZXPV0R0VJ263EAV18W/b823f2e3-a3e4-418b-9d29-4d8497a4a35b/1312x894.jpg,See the details of this Apartment for Sale in Eastown.,23000000
77327783,5BR Villa for Sale in 6 October City,https://www.propertyfinder.eg/to/GPGGW8NJ4FFABT1ZAAACNTTZPR/en,https://static.shared.propertyfinder.eg/media/images/listing/GPGGW8NJ4FFABT1ZAAACNTTZPR/2eac58cb-60a2-41fe-842a-5d7fb1bbd0b8/1312x894.jpg,See the details of this Villa for Sale in Badya Palm Hills.,14890000
77327776,3BR Villa for Sale in 6 October City,https://www.propertyfinder.eg/to/B65WSR453XGW86FTM4ZTSHYVCW/en,https://static.shared.propertyfinder.eg/media/images/listing/B65WSR453XGW86FTM4ZTSHYVCW/408a69ce-6d6b-43eb-a8a3-6adf47b31097/1312x894.jpg,See the details of this Villa for Sale in Badya Palm Hills.,10700000
77327772,Clinic for Sale in New Cairo City,https://www.propertyfinder.eg/to/SYJE6WHNV3PZ3T0N5YC40RYSG8/en,https://static.shared.propertyfinder.eg/media/images/listing/SYJE6WHNV3PZ3T0N5YC40RYSG8/2007736b-bacc-4512-86a0-583430c8d2a7/1312x894.jpg,See the details of this Clinic for Sale in The Hub.,6200000
77327769,6BR Villa for Sale in New Cairo City,https://www.propertyfinder.eg/to/7SHZC27E0037SZVX0NJHWG7X3C/en,https://static.shared.propertyfinder.eg/media/images/listing/7SHZC27E0037SZVX0NJHWG7X3C/06e75fce-c573-4944-bfb1-6666aba5a97f/1312x894.jpg,See the details of this Villa for Sale in Hyde Park.,80000000
77327765,5BR Duplex for Sale in New Cairo City,https://www.propertyfinder.eg/to/S5PHXBG4T49VCY26XTZA0YS7B4/en,https://static.shared.propertyfinder.eg/media/images/listing/S5PHXBG4T49VCY26XTZA0YS7B4/a439afde-ce04-4dee-afff-b61a28450739/1312x894.jpg,See the details of this Duplex for Sale in Eastown.,20500000
77327752,Clinic for Sale in New Cairo City,https://www.propertyfinder.eg/to/VNXEH57CDZQ49KGN651CASDPE0/en,https://static.shared.propertyfinder.eg/media/images/listing/VNXEH57CDZQ49KGN651CASDPE0/f57507c7-0b36-4a15-8c5d-5b93f675bbf1/1312x894.jpg,See the details of this Clinic for Sale in The Hub.,9700000
77327750,4BR Duplex for Sale in Ras Al Hekma,https://www.propertyfinder.eg/to/D5SJ522XA6NJ415JKNR0CXVFS4/en,https://static.shared.propertyfinder.eg/media/images/listing/D5SJ522XA6NJ415JKNR0CXVFS4/66dcf0d2-4bb0-4654-9e2e-5564eaa06246/1312x894.jpg,See the details of this Duplex for Sale in Hacienda West.,22000000
77327749,4BR Penthouse for Sale in Sidi Abdel Rahman,https://www.propertyfinder.eg/to/PHP3W3H3NTHBTGTWCBYX38XVQR/en,https://static.shared.propertyfinder.eg/media/images/listing/PHP3W3H3NTHBTGTWCBYX38XVQR/20d0663a-6888-4b73-b573-22f2aa0549b5/1312x894.jpg,See the details of this Penthouse for Sale in Hacienda Bay.,21000000
77327650,2BR Apartment for Sale in New Cairo City,https://www.propertyfinder.eg/to/ZVGVZXDTCTV22P5X747MJW99KG/en,https://static.shared.propertyfinder.eg/media/images/listing/ZVGVZXDTCTV22P5X747MJW99KG/44fd62f5-e711-4d56-b069-0341514bc38d/1312x894.jpg,See the details of this Apartment for Sale in Eastown.,12750000
77327647,Office for Sale in New Cairo City,https://www.propertyfinder.eg/to/5AHKE03HC8BTB24TS2JF3QYTCR/en,https://static.shared.propertyfinder.eg/media/images/listing/5AHKE03HC8BTB24TS2JF3QYTCR/fa535a63-d235-40cf-81a7-6ea59f053716/1312x894.jpg,See the details of this Office for Sale in Palm Hills New Cairo.,10950000
77327602,5BR Villa for Sale in New Cairo City,https://www.propertyfinder.eg/to/XQZVHEW75Q7Q1W1GHRWTJ3YE2W/en,https://static.shared.propertyfinder.eg/media/images/listing/XQZVHEW75Q7Q1W1GHRWTJ3YE2W/9ed3f320-a9e3-481f-bfc4-8ff90ee114d7/1312x894.jpg,See the details of this Villa for Sale in Palm Hills Kattameya.,70000000
77327571,Office for Sale in New Cairo City,https://www.propertyfinder.eg/to/GEBYJZ4C2ER72SKB476T0WW52G/en,https://static.shared.propertyfinder.eg/media/images/listing/GEBYJZ4C2ER72SKB476T0WW52G/7d76296a-5a14-4a4e-b453-0b98bce0c752/1312x894.jpg,See the details of this Office for Sale in Prk Vie.,6100000
77327493,3BR Apartment for Sale in Mostakbal City - Future City,https://www.propertyfinder.eg/to/ZESN2SE53VXR0G4M828HQ0W07M/en,https://static.shared.propertyfinder.eg/media/images/listing/ZESN2SE53VXR0G4M828HQ0W07M/0cb07ab3-a94c-4440-87e9-01be3963e2f4/1312x894.jpg,See the details of this Apartment for Sale in S1.,5200000
77327441,3BR Townhouse for Sale in New Cairo City,https://www.propertyfinder.eg/to/XW902X2X63Z3FBP87DFHCH7W8M/en,https://static.shared.propertyfinder.eg/media/images/listing/XW902X2X63Z3FBP87DFHCH7W8M/cc111075-4296-43da-b483-f1ffd33c594c/1312x894.jpg,See the details of this Townhouse for Sale in Zed East.,21547000
77327126,4BR Villa for Sale in New Cairo City,https://www.propertyfinder.eg/to/JHVSEEY4FPB15M6FQCMVQZKM3M/en,https://static.shared.propertyfinder.eg/media/images/listing/JHVSEEY4FPB15M6FQCMVQZKM3M/886a19d2-d6d2-436f-90d2-ba2ed8c06993/1312x894.jpg,See the details of this Villa for Sale in Swan Lake Residence.,47000000
77326949,3BR Apartment for Sale in 6 October City,https://www.propertyfinder.eg/to/75WDQTNGV6RGDR8SGJ3ZCTHQJG/en,https://static.shared.propertyfinder.eg/media/images/listing/75WDQTNGV6RGDR8SGJ3ZCTHQJG/c8200ea8-94a5-4eb6-b9f2-5560bbb8c5ef/1312x894.jpg,See the details of this Apartment for Sale in Badya Palm Hills.,10000000
77326948,2BR Apartment for Sale in 6 October City,https://www.propertyfinder.eg/to/R5X3GNTJ4KBE6TAC754W8S9X3W/en,https://static.shared.propertyfinder.eg/media/images/listing/R5X3GNTJ4KBE6TAC754W8S9X3W/5db581c5-a70c-4af0-b284-4eaebc7c99e2/1312x894.jpg,See the details of this Apartment for Sale in Badya Palm Hills.,8000000
77326925,4BR Villa for Sale in 6 October City,https://www.propertyfinder.eg/to/S9M84G90RM1CP6FFE8357RH4QW/en,https://static.shared.propertyfinder.eg/media/images/listing/S9M84G90RM1CP6FFE8357RH4QW/bd432b6e-d849-4be1-8514-07295c0ae947/1312x894.jpg,See the details of this Villa for Sale in O West.,27000000
77326922,5BR Villa for Sale in Sidi Abdel Rahman,https://www.propertyfinder.eg/to/TD8BY8VV0GN2TP90Z50TDQWKT4/en,https://static.shared.propertyfinder.eg/media/images/listing/TD8BY8VV0GN2TP90Z50TDQWKT4/2f89218e-57d9-4096-adfe-6def99e6c423/1312x894.jpg,See the details of this Villa for Sale in Marassi.,110000000
77326897,2BR Chalet for Sale in Qesm Marsa Matrouh,https://www.propertyfinder.eg/to/8RFR3DW7139PA3PSAE27940XF8/en,https://static.shared.propertyfinder.eg/media/images/listing/8RFR3DW7139PA3PSAE27940XF8/d78653e5-5152-4344-8dfe-db36b6f0362b/1312x894.jpg,See the details of this Chalet for Sale in Marsa Baghush.,12000000
77326800,4BR Villa for Sale in New Cairo City,https://www.propertyfinder.eg/to/9CWGTXF0TMV5T0M3F5ZVX2S0E8/en,https://static.shared.propertyfinder.eg/media/images/listing/9CWGTXF0TMV5T0M3F5ZVX2S0E8/7bbfc0f7-bca7-4c2d-9ed1-549e14483a89/1312x894.jpg,See the details of this Villa for Sale in Cairo Festival City.,44000000
77326798,3BR iVilla for Sale in 6 October City,https://www.propertyfinder.eg/to/SCCP0NXC29QM87QW99NMXKGGEW/en,https://static.shared.propertyfinder.eg/media/images/listing/SCCP0NXC29QM87QW99NMXKGGEW/9c4d972a-d22b-46d5-a9dd-c0b1feba2ed9/1312x894.jpg,See the details of this iVilla for Sale in Mountain View iCity October.,13650000
77326723,3BR Chalet for Sale in Sidi Abdel Rahman,https://www.propertyfinder.eg/to/BT6G3XSPP44SCDC1XFX4B0XMQR/en,https://static.shared.propertyfinder.eg/media/images/listing/BT6G3XSPP44SCDC1XFX4B0XMQR/53420c1d-089e-4cda-904e-313e20933602/1312x894.jpg,See the details of this Chalet for Sale in Amwaj.,9450000
77326709,4BR Townhouse for Sale in New Cairo City,https://www.propertyfinder.eg/to/43RA4SWEGVEA40P6CZYPA0SAM8/en,https://static.shared.propertyfinder.eg/media/images/listing/43RA4SWEGVEA40P6CZYPA0SAM8/cf68c085-a682-46e6-a5cd-39aca980e70b/1312x894.jpg,See the details of this Townhouse for Sale in City Gate.,15944000
77326668,3BR Twin House for Sale in Hurghada,https://www.propertyfinder.eg/to/DDTQKE00F8M1A603FY41AES2M0/en,https://static.shared.propertyfinder.eg/media/images/listing/DDTQKE00F8M1A603FY41AES2M0/48325c28-79ca-4938-8a23-6e98e6eb79fc/1312x894.jpg,See the details of this Twin House for Sale in Mesca.,24200000
77326667,3BR Chalet for Sale in Sidi Abdel Rahman,https://www.propertyfinder.eg/to/2THJYBT6SJV5CD3CYCV3VYRTMR/en,https://static.shared.propertyfinder.eg/media/images/listing/2THJYBT6SJV5CD3CYCV3VYRTMR/c66e8f4f-f251-4ab9-96af-8c8d714db05c/1312x894.jpg,See the details of this Chalet for Sale in Amwaj.,9500000
77326616,5BR Villa for Sale in Alexandria Compounds,https://www.propertyfinder.eg/to/H6JDC4V6GMQT1Y7QBM52E88RN0/en,https://static.shared.propertyfinder.eg/media/images/listing/H6JDC4V6GMQT1Y7QBM52E88RN0/87d3dbfa-6d20-44c7-8d43-741f0f1a3d9d/1312x894.jpg,See the details of this Villa for Sale in Vee Sawari.,23500000
77326585,4BR Chalet for Sale in Sidi Abdel Rahman,https://www.propertyfinder.eg/to/YAP4Q8TS9JKTESNVA81JBVQ75R/en,https://static.shared.propertyfinder.eg/media/images/listing/YAP4Q8TS9JKTESNVA81JBVQ75R/e9295d8a-0db2-4af3-bdd5-abd974c9d9f8/1312x894.jpg,See the details of this Chalet for Sale in Marassi.,21960000
77326551,3BR Twin House for Sale in New Cairo City,https://www.propertyfinder.eg/to/BD4AHZC180FNFK9C76HJHKDEG4/en,https://static.shared.propertyfinder.eg/media/images/listing/BD4AHZC180FNFK9C76HJHKDEG4/45798e1f-3b71-47ab-bafb-16b8e84dd064/1312x894.jpg,See the details of this Twin House for Sale in Swan Lake Residence.,37000000
77326529,5BR Chalet for Sale in Ras Al Hekma,https://www.propertyfinder.eg/to/6N4NJSZ5K5F01RD3H7A9J4P2C4/en,https://static.shared.propertyfinder.eg/media/images/listing/6N4NJSZ5K5F01RD3H7A9J4P2C4/677640e3-e39d-4370-bbf7-cc5f43592094/1312x894.jpg,See the details of this Chalet for Sale in Hacienda West.,18000000
77326526,3BR Chalet for Sale in Ras Al Hekma,https://www.propertyfinder.eg/to/E32T1G7SBHP4ZZZM3NZE94XVR4/en,https://static.shared.propertyfinder.eg/media/images/listing/E32T1G7SBHP4ZZZM3NZE94XVR4/14ea8623-ca05-40a6-85ad-e9aecd9699f2/1312x894.jpg,See the details of this Chalet for Sale in The Med.,22700000
77326496,3BR Apartment for Sale in New Cairo City,https://www.propertyfinder.eg/to/0B0WV82JETGPN4TKCA34W7G74M/en,https://static.shared.propertyfinder.eg/media/images/listing/0B0WV82JETGPN4TKCA34W7G74M/06cfdcbd-ec83-42a4-9754-264b5c9e499d/1312x894.jpg,See the details of this Apartment for Sale in District 5.,13250000
77326381,4BR Villa for Sale in New Cairo City,https://www.propertyfinder.eg/to/CFZW50VXYB6HYJHWN2718N8PKW/en,https://static.shared.propertyfinder.eg/media/images/listing/CFZW50VXYB6HYJHWN2718N8PKW/8bb520c4-1947-47f5-ae6e-0b3a65956570/1312x894.jpg,See the details of this Villa for Sale in Swan Lake Residence.,60000000
77326315,3BR Twin House for Sale in New Cairo City,https://www.propertyfinder.eg/to/DJD3MHA8THT38V3ZSY6W2E1774/en,https://static.shared.propertyfinder.eg/media/images/listing/DJD3MHA8THT38V3ZSY6W2E1774/12008d33-08ff-4645-9195-66544e6a24cc/1312x894.jpg,See the details of this Twin House for Sale in Mivida.,43000000
77326289,4BR Apartment for Sale in New Capital City,https://www.propertyfinder.eg/to/3SZEPXHEZPKKY813HQ7ZWYFREM/en,https://static.shared.propertyfinder.eg/media/images/listing/3SZEPXHEZPKKY813HQ7ZWYFREM/31e0988b-5eb0-4d05-be6e-c895bbafd0bb/1312x894.jpg,See the details of this Apartment for Sale in Bleu Vert.,603550
77326108,3BR Townhouse for Sale in New Cairo City,https://www.propertyfinder.eg/to/T52Q7M27PFBV4Y3V5TFFTMZ90M/en,https://static.shared.propertyfinder.eg/media/images/listing/T52Q7M27PFBV4Y3V5TFFTMZ90M/031e3baa-6249-4435-a444-a25ffed6a527/1312x894.jpg,See the details of this Townhouse for Sale in City Gate.,18500000
77326082,3BR Villa for Sale in 6 October City,https://www.propertyfinder.eg/to/63MQ8RZ4358W7H8HJYK6B6GEG8/en,https://static.shared.propertyfinder.eg/media/images/listing/63MQ8RZ4358W7H8HJYK6B6GEG8/73af1ac1-1ff1-4044-9679-a195c8250ab2/1312x894.jpg,See the details of this Villa for Sale in Gardenia Park.,42000000
77325819,3BR Townhouse for Sale in New Cairo City,https://www.propertyfinder.eg/to/TDMFSCPP2AJV3BR23AJKNDJBNW/en,https://static.shared.propertyfinder.eg/media/images/listing/TDMFSCPP2AJV3BR23AJKNDJBNW/521094ea-9708-4925-82c7-f98ec704078f/1312x894.jpg,See the details of this Townhouse for Sale in Layan Residence.,21500000
77325790,6BR Villa for Sale in New Cairo City,https://www.propertyfinder.eg/to/YYGY5R889TS4CRNGC1B9RN9N50/en,https://static.shared.propertyfinder.eg/media/images/listing/YYGY5R889TS4CRNGC1B9RN9N50/72bc7de6-3db1-4f60-9b62-fc3181791024/1312x894.jpg,See the details of this Villa for Sale in Lake View.,105000000
77325772,4BR Villa for Sale in Qesm Marsa Matrouh,https://www.propertyfinder.eg/to/Q95JKZR4F3WD60C6PVK585EF1W/en,https://static.shared.propertyfinder.eg/media/images/listing/Q95JKZR4F3WD60C6PVK585EF1W/a4475448-ddb7-4071-92c6-876b6c1572e0/1312x894.jpg,See the details of this Villa for Sale in Almaza Bay.,70900000
77325708,4BR Villa for Sale in Sidi Abdel Rahman,https://www.propertyfinder.eg/to/Z2EH13C2BJ1Y8YB7E6MZGQTCN0/en,https://static.shared.propertyfinder.eg/media/images/listing/Z2EH13C2BJ1Y8YB7E6MZGQTCN0/8cd4ab4c-50ef-4838-b546-d81bca30bb52/1312x894.jpg,See the details of this Villa for Sale in Marassi.,132500000
77325586,3BR Apartment for Sale in New Cairo City,https://www.propertyfinder.eg/to/R4A42C7K4YE84X8XHAWY7W30QC/en,https://static.shared.propertyfinder.eg/media/images/listing/R4A42C7K4YE84X8XHAWY7W30QC/1db56ac8-a5fa-46a2-b06f-6ad540e953db/1312x894.jpg,See the details of this Apartment for Sale in TRIO.,18000000
77325517,6BR Villa for Sale in New Cairo City,https://www.propertyfinder.eg/to/SQJFWC4AW7GVSVJ9KHYGB33RQR/en,https://static.shared.propertyfinder.eg/media/images/listing/SQJFWC4AW7GVSVJ9KHYGB33RQR/034ec9ed-c875-4e89-9126-c29e75189069/1312x894.jpg,See the details of this Villa for Sale in Lake View.,110000000
77325392,3BR Apartment for Sale in New Cairo City,https://www.propertyfinder.eg/to/SPEXHSZRKK77AG0PS4MZXEN5FR/en,https://static.shared.propertyfinder.eg/media/images/listing/SPEXHSZRKK77AG0PS4MZXEN5FR/98912ce4-438f-489a-a447-6b860b7b6950/1312x894.jpg,See the details of this Apartment for Sale in Palm Hills New Cairo.,10000000
77325240,6BR Villa for Sale in Sidi Abdel Rahman,https://www.propertyfinder.eg/to/GR2VRE7S0EXG8HRNKMTN8CDHD0/en,https://static.shared.propertyfinder.eg/media/images/listing/GR2VRE7S0EXG8HRNKMTN8CDHD0/6cb65106-abe8-495a-b075-5c509bfe05b0/1312x894.jpg,See the details of this Villa for Sale in Marassi.,125239000
77325112,7BR Villa for Sale in Sidi Abdel Rahman,https://www.propertyfinder.eg/to/X8YC07F614BMKF31QMYF6A4V0R/en,https://static.shared.propertyfinder.eg/media/images/listing/X8YC07F614BMKF31QMYF6A4V0R/87027b32-c6c1-4b04-ba6f-ac70febb4e9a/1312x894.jpg,See the details of this Villa for Sale in Marassi.,82000000
77324931,4BR Villa for Sale in New Cairo City,https://www.propertyfinder.eg/to/2H4GBEMZ58QQZ7GA2KYN8K2AKW/en,https://static.shared.propertyfinder.eg/media/images/listing/2H4GBEMZ58QQZ7GA2KYN8K2AKW/aaa7280c-4d3e-4870-aa84-e88c267a88ba/1312x894.jpg,See the details of this Villa for Sale in Swan Lake Residence.,56000000
77324792,3BR Apartment for Sale in Mostakbal City - Future City,https://www.propertyfinder.eg/to/HFDEB08HF8DR1VC9RKPTP9SRYM/en,https://static.shared.propertyfinder.eg/media/images/listing/HFDEB08HF8DR1VC9RKPTP9SRYM/0a99d78b-16ac-4be1-bc66-ea7f1969b168/1312x894.jpg,See the details of this Apartment for Sale in Esse Residence.,8700000
77324778,4BR Villa for Sale in Mokattam,https://www.propertyfinder.eg/to/F13Q2G9ZNC59KY3TRMGJ56S0Y0/en,https://static.shared.propertyfinder.eg/media/images/listing/F13Q2G9ZNC59KY3TRMGJ56S0Y0/7259653e-3d33-4415-b353-061d051d9232/1312x894.jpg,See the details of this Villa for Sale in Levana.,75000000
77324393,4BR Twin House for Sale in Mokattam,https://www.propertyfinder.eg/to/VSNYG9MZDNN567EVSYAK2TRYT4/en,https://static.shared.propertyfinder.eg/media/images/listing/VSNYG9MZDNN567EVSYAK2TRYT4/a62082a1-5797-4021-8056-c4251775a0a9/1312x894.jpg,See the details of this Twin House for Sale in Eleva.,33000000
77324309,2BR Apartment for Sale in New Cairo City,https://www.propertyfinder.eg/to/32NM1P4Q6YF3S0K737SB2MWGD0/en,https://static.shared.propertyfinder.eg/media/images/listing/32NM1P4Q6YF3S0K737SB2MWGD0/f775dd8a-668f-4eae-9586-89c88886bdad/1312x894.jpg,See the details of this Apartment for Sale in Mivida.,16000000
77323920,4BR Villa for Sale in Mokattam,https://www.propertyfinder.eg/to/C7M68VT1YFA5MNP1B53ESTWGZ8/en,https://static.shared.propertyfinder.eg/media/images/listing/C7M68VT1YFA5MNP1B53ESTWGZ8/2e91dab5-7fa2-4305-9962-8be846eea633/1312x894.jpg,See the details of this Villa for Sale in Levana.,38000000
77323845,3BR Apartment for Sale in 6 October City,https://www.propertyfinder.eg/to/78347D4F861Z0RRV8F4W3Q3C6G/en,https://static.shared.propertyfinder.eg/media/images/listing/78347D4F861Z0RRV8F4W3Q3C6G/21a1b0e1-37c1-4099-b957-b04a72dd6e50/1312x894.jpg,See the details of this Apartment for Sale in O West.,12800000
77323272,1BR Chalet for Sale in Sidi Abdel Rahman,https://www.propertyfinder.eg/to/Z2G07JP90ENB295BBDDVY9PDM4/en,https://static.shared.propertyfinder.eg/media/images/listing/Z2G07JP90ENB295BBDDVY9PDM4/a9695a5f-aa6a-4ea4-9009-3c20743053b4/1312x894.jpg,See the details of this Chalet for Sale in Marassi.,10000000
77323108,4BR Townhouse for Sale in Al Ain Al Sokhna,https://www.propertyfinder.eg/to/5218N9KHSVPHJC21PTTKWCPBHC/en,https://static.shared.propertyfinder.eg/media/images/listing/5218N9KHSVPHJC21PTTKWCPBHC/e2a9d243-9849-4f79-8c1a-3ecc82fafb2a/1312x894.jpg,See the details of this Townhouse for Sale in Mountain view Sokhna.,13000000
77322468,3BR Apartment for Sale in Alexandria Compounds,https://www.propertyfinder.eg/to/PTN439M2BADHTVJJ20E60HGP9R/en,https://static.shared.propertyfinder.eg/media/images/listing/PTN439M2BADHTVJJ20E60HGP9R/2c35ad8e-3d1f-4c1b-a198-cdd416f656bd/1312x894.jpg,See the details of this Apartment for Sale in Alex West.,6200000
77322452,3BR Apartment for Sale in New Capital City,https://www.propertyfinder.eg/to/AKK2XS8M1B4D8PJNGM5355H2V4/en,https://static.shared.propertyfinder.eg/media/images/listing/AKK2XS8M1B4D8PJNGM5355H2V4/eac2475e-84f2-4609-975f-51d6680b4562/1312x894.jpg,See the details of this Apartment for Sale in Midtown Sky.,5500000
77322221,4BR Chalet for Sale in Ras Al Hekma,https://www.propertyfinder.eg/to/417APPQXYFFKTK2YWRSWX1PDVM/en,https://static.shared.propertyfinder.eg/media/images/listing/417APPQXYFFKTK2YWRSWX1PDVM/fbe7eade-7368-4c78-82e7-fbeadd1ac55b/1312x894.jpg,See the details of this Chalet for Sale in June.,18000000
77322183,4BR Chalet for Sale in Sidi Abdel Rahman,https://www.propertyfinder.eg/to/9C43YRDC3VJKGXAKZD5TXVHPN0/en,https://static.shared.propertyfinder.eg/media/images/listing/9C43YRDC3VJKGXAKZD5TXVHPN0/40ca3253-84f8-48b6-b04b-b0645ea5b149/1312x894.jpg,See the details of this Chalet for Sale in Zoya.,11000000
77322160,3BR Apartment for Sale in New Cairo City,https://www.propertyfinder.eg/to/XNCMH0AS7BCD05XZ9DFT71N7VM/en,https://static.shared.propertyfinder.eg/media/images/listing/XNCMH0AS7BCD05XZ9DFT71N7VM/c479ec28-9e88-4789-8f39-90523b6068e2/1312x894.jpg,See the details of this Apartment for Sale in El Narges Buildings.,7150000
77322143,2BR Chalet for Sale in Ras Al Hekma,https://www.propertyfinder.eg/to/7V14859AFYD20GFCKJNVKWSPF4/en,https://static.shared.propertyfinder.eg/media/images/listing/7V14859AFYD20GFCKJNVKWSPF4/7a4f5c52-2862-4dbc-929f-d5b84afc0aa7/1312x894.jpg,See the details of this Chalet for Sale in Mountain View.,7750000
77322018,2BR Apartment for Sale in New Cairo City,https://www.propertyfinder.eg/to/B2SSGE9NF7SD2R2VX282GZ537R/en,https://static.shared.propertyfinder.eg/media/images/listing/B2SSGE9NF7SD2R2VX282GZ537R/57baafe8-036a-421d-b3ee-3826377ad5b9/1312x894.jpg,See the details of this Apartment for Sale in Lake View Residence 2.,9342500
77321979,3BR Apartment for Sale in New Cairo City,https://www.propertyfinder.eg/to/C6PZH7CF9WR7F3R1KBW4XJ5PPW/en,https://static.shared.propertyfinder.eg/media/images/listing/C6PZH7CF9WR7F3R1KBW4XJ5PPW/a5b2011f-8429-493d-a998-be0cd235d15b/1312x894.jpg,See the details of this Apartment for Sale in Mivida.,23735000
77321916,3BR Apartment for Sale in New Capital City,https://www.propertyfinder.eg/to/H7NBWXZP15CJ3GMY8MPKQR898C/en,https://static.shared.propertyfinder.eg/media/images/listing/H7NBWXZP15CJ3GMY8MPKQR898C/a974a12b-81c4-42b9-b6cf-55e7ef4a1dcc/1312x894.jpg,See the details of this Apartment for Sale in Midtown Condo.,5000000
77321624,2BR Apartment for Sale in Alexandria Compounds,https://www.propertyfinder.eg/to/SYMRAKF84VVQSRRX0DF32F1QVW/en,https://static.shared.propertyfinder.eg/media/images/listing/SYMRAKF84VVQSRRX0DF32F1QVW/4632508d-9303-407c-b59e-3e0a7ddec66f/1312x894.jpg,See the details of this Apartment for Sale in Vee Sawari.,5220000
77320725,1BR Chalet for Sale in Ras Al Hekma,https://www.propertyfinder.eg/to/5V8QKJ6HGS7D4STQ78P3VF97X4/en,https://static.shared.propertyfinder.eg/media/images/listing/5V8QKJ6HGS7D4STQ78P3VF97X4/c5b0d59c-5d5a-4a20-a755-e8b658e18b8c/1312x894.jpg,See the details of this Chalet for Sale in Seashore.,9220000
77320459,2BR Chalet for Sale in Ras Al Hekma,https://www.propertyfinder.eg/to/586TQSAN9HQ0617F23TWSMYQWR/en,https://static.shared.propertyfinder.eg/media/images/listing/586TQSAN9HQ0617F23TWSMYQWR/0c4c42a1-4d0b-4622-a33b-f2b7907101c9/1312x894.jpg,See the details of this Chalet for Sale in Seashore.,13770000
77320376,2BR Chalet for Sale in Ras Al Hekma,https://www.propertyfinder.eg/to/CR3AWQJ6GZ73BPPKQZKKGJK6MW/en,https://static.shared.propertyfinder.eg/media/images/listing/CR3AWQJ6GZ73BPPKQZKKGJK6MW/8e690298-9e6d-4939-9d33-73f4d9113fdb/1312x894.jpg,See the details of this Chalet for Sale in Seashore.,12480000
77319857,1BR Chalet for Sale in Ras Al Hekma,https://www.propertyfinder.eg/to/E761FM5RWJ5AKAZ91SB659Q778/en,https://static.shared.propertyfinder.eg/media/images/listing/E761FM5RWJ5AKAZ91SB659Q778/af516081-5c94-4f79-b204-a0b0cfd02d6b/1312x894.jpg,See the details of this Chalet for Sale in Al Masyaf.,10000000
77319479,4BR Villa for Sale in New Cairo City,https://www.propertyfinder.eg/to/E4ZGN0FT85BJK4QCND2KK49XMC/en,https://static.shared.propertyfinder.eg/media/images/listing/E4ZGN0FT85BJK4QCND2KK49XMC/a97671a2-1862-46a0-aa77-10db7b3f0744/1312x894.jpg,See the details of this Villa for Sale in El Patio Town.,1500000
77138452,2BR Apartment for Sale in New Heliopolis,https://www.propertyfinder.eg/to/7MX21Q1K061C4GSYNN4R3XN8RR/en,https://static.shared.propertyfinder.eg/media/images/listing/7MX21Q1K061C4GSYNN4R3XN8RR/f83c72ec-2f06-4686-8f8e-f6795ddaa220/1312x894.jpg,See the details of this Apartment for Sale in Sodic East.,13461000
77061910,3BR Apartment for Sale in New Heliopolis,https://www.propertyfinder.eg/to/ZRWCY1VA7PCVJ8K9NXPVJT4VSW/en,https://static.shared.propertyfinder.eg/media/images/listing/ZRWCY1VA7PCVJ8K9NXPVJT4VSW/7a27f260-539e-4658-81a6-9a3730f866f5/1312x894.jpg,See the details of this Apartment for Sale in Sodic East.,17000000
77061880,3BR Villa for Sale in New Heliopolis,https://www.propertyfinder.eg/to/H213DK7X6GVXNSFAHWDGM6ZKFM/en,https://static.shared.propertyfinder.eg/media/images/listing/H213DK7X6GVXNSFAHWDGM6ZKFM/f4334ec3-1970-42a3-a4b7-c385698ad74e/1312x894.jpg,See the details of this Villa for Sale in Sodic East.,33760000
77061815,3BR Townhouse for Sale in New Heliopolis,https://www.propertyfinder.eg/to/SXJPZVX2K8EB6FRPCS3JWQ3Y6C/en,https://static.shared.propertyfinder.eg/media/images/listing/SXJPZVX2K8EB6FRPCS3JWQ3Y6C/e2c6dee0-0ca6-4075-8f6d-b1a5014ad5af/1312x894.jpg,See the details of this Townhouse for Sale in Sodic East.,33756936
77061778,3BR Villa for Sale in New Heliopolis,https://www.propertyfinder.eg/to/ZHR2E22W816W8D77HDG70X39YW/en,https://static.shared.propertyfinder.eg/media/images/listing/ZHR2E22W816W8D77HDG70X39YW/60802f72-2ffc-409f-a23c-8174817bfb36/1312x894.jpg,See the details of this Villa for Sale in Sodic East.,44700000
77061582,2BR Apartment for Sale in New Heliopolis,https://www.propertyfinder.eg/to/XKHJ3JPPWDAGR49APEAGQR3W1R/en,https://static.shared.propertyfinder.eg/media/images/listing/XKHJ3JPPWDAGR49APEAGQR3W1R/fd1ea023-03ff-4cd9-aacf-e010eba91eee/1312x894.jpg,See the details of this Apartment for Sale in Sodic East.,17307660
77061524,3BR Apartment for Sale in New Heliopolis,https://www.propertyfinder.eg/to/RZN5Q413VYR0Y17STFKXKGHC0C/en,https://static.shared.propertyfinder.eg/media/images/listing/RZN5Q413VYR0Y17STFKXKGHC0C/09a9ebb3-42b2-487b-bd24-810c6bb06d5f/1312x894.jpg,See the details of this Apartment for Sale in Sodic East.,19254400
77061450,3BR Apartment for Sale in New Heliopolis,https://www.propertyfinder.eg/to/ZTWCY6NGH216A43D54V1YYA88W/en,https://static.shared.propertyfinder.eg/media/images/listing/ZTWCY6NGH216A43D54V1YYA88W/9c7f8465-1734-48be-98dd-cede56b66795/1312x894.jpg,See the details of this Apartment for Sale in Sodic East.,17592150
77061366,3BR Penthouse for Sale in New Heliopolis,https://www.propertyfinder.eg/to/MCCWHPXZ25BT16XJMP3AWF7V1C/en,https://static.shared.propertyfinder.eg/media/images/listing/MCCWHPXZ25BT16XJMP3AWF7V1C/c9be2a6a-cbef-44a9-ae17-d27559a56744/1312x894.jpg,See the details of this Penthouse for Sale in Sodic East.,34325830
77061335,3BR Chalet for Sale in Ras Al Hekma,https://www.propertyfinder.eg/to/VVZ744WSJM0HM3556KB87ZA1CW/en,https://static.shared.propertyfinder.eg/media/images/listing/VVZ744WSJM0HM3556KB87ZA1CW/10d11aa4-db61-4705-867a-05c1de5adcb3/1312x894.jpg,See the details of this Chalet for Sale in Ogami.,17000000
77061295,5BR Villa for Sale in Al Ain Al Sokhna,https://www.propertyfinder.eg/to/XAGWG0SEC6A8DWYPQWSC0K62R8/en,https://static.shared.propertyfinder.eg/media/images/listing/XAGWG0SEC6A8DWYPQWSC0K62R8/e3333be1-5450-4bd5-948f-24e609010876/1312x894.jpg,See the details of this Villa for Sale in IL Monte Galala.,700000
77061257,6BR Villa for Sale in Sheikh Zayed City,https://www.propertyfinder.eg/to/BFSC9AZ5J4CCF53VA61ZMEPN9W/en,https://static.shared.propertyfinder.eg/media/images/listing/BFSC9AZ5J4CCF53VA61ZMEPN9W/f6a78e04-8f5a-434b-9d5e-0e18b9860a92/1312x894.jpg,See the details of this Villa for Sale in Jirian.,2500000
77061253,3BR Chalet for Sale in Al Ain Al Sokhna,https://www.propertyfinder.eg/to/FXHQVGHMH8MFN6488CFG1GMGZG/en,https://static.shared.propertyfinder.eg/media/images/listing/FXHQVGHMH8MFN6488CFG1GMGZG/78459774-53d6-49bb-b912-ef67149d6a08/1312x894.jpg,See the details of this Chalet for Sale in La Vista 6.,1200000
77058859,3BR Villa for Sale in Ras Al Hekma,https://www.propertyfinder.eg/to/Q3DTYPV8YFGH7NC1NVMSSATXVG/en,https://static.shared.propertyfinder.eg/media/images/listing/Q3DTYPV8YFGH7NC1NVMSSATXVG/b5ae4990-d851-49af-b6ce-8396253fa580/1312x894.jpg,See the details of this Villa for Sale in Azha North.,2900000
77058676,3BR Chalet for Sale in Al Alamein,https://www.propertyfinder.eg/to/E9H9BGXFVM3TSP2XNRK1CF1P78/en,https://static.shared.propertyfinder.eg/media/images/listing/E9H9BGXFVM3TSP2XNRK1CF1P78/5a8f86b7-8dc4-4f49-86a9-b9db3178df1b/1312x894.jpg,See the details of this Chalet for Sale in Latin District.,640000
77058498,2BR Chalet for Sale in Al Alamein,https://www.propertyfinder.eg/to/EZ3ZPAS7NA6E00XT2P8BAW3S6C/en,https://static.shared.propertyfinder.eg/media/images/listing/EZ3ZPAS7NA6E00XT2P8BAW3S6C/f4d55789-f873-41c3-bcb0-9ea6fe6324c8/1312x894.jpg,See the details of this Chalet for Sale in Mazarine.,850000
77058357,3BR Chalet for Sale in Al Alamein,https://www.propertyfinder.eg/to/KX6H8TT3N7MPEZZ6Q6G2JTXRD8/en,https://static.shared.propertyfinder.eg/media/images/listing/KX6H8TT3N7MPEZZ6Q6G2JTXRD8/7654534b-2da3-41b1-a5e4-8c9b24394c1c/1312x894.jpg,See the details of this Chalet for Sale in Mazarine.,1100000
77058147,2BR Chalet for Sale in Ras Al Hekma,https://www.propertyfinder.eg/to/PYH145X05QRF2QBFT71BE1NR28/en,https://static.shared.propertyfinder.eg/media/images/listing/PYH145X05QRF2QBFT71BE1NR28/33880d98-6f52-4773-9854-f1c7edef2d33/1312x894.jpg,See the details of this Chalet for Sale in Cali Coast.,7700000
77058140,2BR Chalet for Sale in Qesm Ad Dabaah,https://www.propertyfinder.eg/to/QR8NWSYH8RWQPX4473VJ8ZS3D0/en,https://static.shared.propertyfinder.eg/media/images/listing/QR8NWSYH8RWQPX4473VJ8ZS3D0/b7bcdbbf-0ed1-4c18-a6d4-84c2ee505a3c/1312x894.jpg,See the details of this Chalet for Sale in D.O.S.E North Coast.,500000
77057975,Studio Chalet for Sale in Al Ain Al Sokhna,https://www.propertyfinder.eg/to/41FWRD31V5DTWR6NJVY853S198/en,https://static.shared.propertyfinder.eg/media/images/listing/41FWRD31V5DTWR6NJVY853S198/6d508a59-683c-44a0-b90c-5e137a7fe31a/1312x894.jpg,See the details of this Chalet for Sale in Blue Blue.,5184000
77057507,3BR Chalet for Sale in Sidi Heneish,https://www.propertyfinder.eg/to/8VCY8SETD8Y7RMYMCPG2E3Y7X0/en,https://static.shared.propertyfinder.eg/media/images/listing/8VCY8SETD8Y7RMYMCPG2E3Y7X0/3032ab2c-f734-4c11-a82d-42af8c2e2a74/1312x894.jpg,See the details of this Chalet for Sale in Beit Al Bahr.,4960000
77057401,4BR Villa for Sale in 6 October City,https://www.propertyfinder.eg/to/H8X0ZEJ73505PRRZ13FGGFSNHG/en,https://static.shared.propertyfinder.eg/media/images/listing/H8X0ZEJ73505PRRZ13FGGFSNHG/f0ad8c72-14b9-451a-89b4-917f5f11530d/1312x894.jpg,See the details of this Villa for Sale in Nyoum October.,11620000
77057193,4BR Villa for Sale in Mostakbal City - Future City,https://www.propertyfinder.eg/to/ZTVX8B5CM1156VHAJQGVQ1BAPM/en,https://static.shared.propertyfinder.eg/media/images/listing/ZTVX8B5CM1156VHAJQGVQ1BAPM/0b570c7c-4aab-42ee-9c43-3eec58edd915/1312x894.jpg,See the details of this Villa for Sale in The Butterfly.,870000
77056901,2BR Chalet for Sale in Ras Al Hekma,https://www.propertyfinder.eg/to/EENKP7QYE1Z1SQEQR80090WJ9R/en,https://static.shared.propertyfinder.eg/media/images/listing/EENKP7QYE1Z1SQEQR80090WJ9R/55768bd0-69f2-4209-b97d-09e43cf62e2e/1312x894.jpg,See the details of this Chalet for Sale in Hacienda West.,14300000
77056863,2BR Chalet for Sale in Ras Al Hekma,https://www.propertyfinder.eg/to/5FYF01XW946FA9YFJHP0TS3584/en,https://static.shared.propertyfinder.eg/media/images/listing/5FYF01XW946FA9YFJHP0TS3584/05c2f96b-6517-495c-bffd-dd4ab533a5c1/1312x894.jpg,See the details of this Chalet for Sale in Hacienda West.,14700000
77056854,Studio Chalet for Sale in Ras Al Hekma,https://www.propertyfinder.eg/to/YTHZJ5CC40HCMQ5HZA14R81HM8/en,https://static.shared.propertyfinder.eg/media/images/listing/YTHZJ5CC40HCMQ5HZA14R81HM8/593916b6-063b-428a-881c-2a40380b1adb/1312x894.jpg,See the details of this Chalet for Sale in Hacienda West.,11700000
77056830,3BR Chalet for Sale in Ras Al Hekma,https://www.propertyfinder.eg/to/74W9SDBXGRCG4966G197QQAYY0/en,https://static.shared.propertyfinder.eg/media/images/listing/74W9SDBXGRCG4966G197QQAYY0/6a7c2d9d-20c5-47a6-81e3-5cd9a5141054/1312x894.jpg,See the details of this Chalet for Sale in Hacienda West.,18400000
77056263,2BR Chalet for Sale in Ras Al Hekma,https://www.propertyfinder.eg/to/SPTM855Z8T091Y5D4Z6RF5N4J4/en,https://static.shared.propertyfinder.eg/media/images/listing/SPTM855Z8T091Y5D4Z6RF5N4J4/f03032ab-2cde-4d0c-aac1-0880b5ceff95/1312x894.jpg,See the details of this Chalet for Sale in Hacienda West.,11000000
77055601,2BR Apartment for Sale in Ras Al Hekma,https://www.propertyfinder.eg/to/6ZHZHQ0SFZ3RRXZYC7MV3CD7S4/en,https://static.shared.propertyfinder.eg/media/images/listing/6ZHZHQ0SFZ3RRXZYC7MV3CD7S4/c39105f7-f933-4318-b200-70110f8019af/1312x894.jpg,See the details of this Apartment for Sale in Hacienda West.,1550000
77055222,2BR Chalet for Sale in Al Ain Al Sokhna,https://www.propertyfinder.eg/to/RYMWKZ4F8JTM4M4J62GEZKT1NC/en,https://static.shared.propertyfinder.eg/media/images/listing/RYMWKZ4F8JTM4M4J62GEZKT1NC/7f7f0a1d-0004-4e9f-a631-0ff244f9c961/1312x894.jpg,See the details of this Chalet for Sale in Telal Al Sokhna.,4750000
77055140,2BR Chalet for Sale in Ras Al Hekma,https://www.propertyfinder.eg/to/GG75D4ZZFTQFJF8S1A5ZJT03Y4/en,https://static.shared.propertyfinder.eg/media/images/listing/GG75D4ZZFTQFJF8S1A5ZJT03Y4/1ecc2622-bbe6-4d0a-a076-a6ddebbc3f61/1312x894.jpg,See the details of this Chalet for Sale in Cali Coast.,7800000
77055008,2BR Apartment for Sale in New Cairo City,https://www.propertyfinder.eg/to/2T3EFS4VYSTD9J1VHMMBC99NBC/en,https://static.shared.propertyfinder.eg/media/images/listing/2T3EFS4VYSTD9J1VHMMBC99NBC/995f475d-bab2-4ea1-b3de-c6cba28bf5a2/1312x894.jpg,See the details of this Apartment for Sale in The Icon Residence.,3575000
77054864,1BR Chalet for Sale in Sidi Abdel Rahman,https://www.propertyfinder.eg/to/VKZMTAADDG7CVYYE5KZ3QDH4VM/en,https://static.shared.propertyfinder.eg/media/images/listing/VKZMTAADDG7CVYYE5KZ3QDH4VM/6a6d8947-fda6-4203-b18a-d52f658ff77b/1312x894.jpg,See the details of this Chalet for Sale in Hacienda Bay.,1200000
77054642,1BR Chalet for Sale in Sidi Abdel Rahman,https://www.propertyfinder.eg/to/6DRC6KR639JVVVVKKNQPVN9HHR/en,https://static.shared.propertyfinder.eg/media/images/listing/6DRC6KR639JVVVVKKNQPVN9HHR/052311b6-e793-4851-a741-91d22524e4c1/1312x894.jpg,See the details of this Chalet for Sale in Hacienda Bay.,1200000
77054489,2BR Chalet for Sale in Ras Al Hekma,https://www.propertyfinder.eg/to/W7RD62PD3869AJY0GPK1JPDMH0/en,https://static.shared.propertyfinder.eg/media/images/listing/W7RD62PD3869AJY0GPK1JPDMH0/d11be4e9-b007-44c4-8f5d-32cd50becc5e/1312x894.jpg,See the details of this Chalet for Sale in Hacienda West.,11300000
77054399,3BR Apartment for Sale in New Cairo City,https://www.propertyfinder.eg/to/YE5GEPDEH9BZ2BJJA3YQY4WG44/en,https://static.shared.propertyfinder.eg/media/images/listing/YE5GEPDEH9BZ2BJJA3YQY4WG44/40f718dd-b469-4adb-8fab-de2d18d1f2ee/1312x894.jpg,See the details of this Apartment for Sale in The Icon Residence.,4512000
77054239,3BR Apartment for Sale in 6 October City,https://www.propertyfinder.eg/to/F5TX9W9A0HZS4WE0VWZSP3YWWG/en,https://static.shared.propertyfinder.eg/media/images/listing/F5TX9W9A0HZS4WE0VWZSP3YWWG/91e6279a-5ff7-4180-a078-d835476d441e/1312x894.jpg,See the details of this Apartment for Sale in Green 5.,6300000
77053810,2BR Chalet for Sale in Al Alamein,https://www.propertyfinder.eg/to/GR8FSFNFG2E2F0JQ27MPKH6JCR/en,https://static.shared.propertyfinder.eg/media/images/listing/GR8FSFNFG2E2F0JQ27MPKH6JCR/e208217d-6617-4675-93f0-8c691241ee74/1312x894.jpg,See the details of this Chalet for Sale in Marina 5.,2200000
77053606,4BR Chalet for Sale in Ras Al Hekma,https://www.propertyfinder.eg/to/WTBMQTPEF34863AXYP4ERV6WAG/en,https://static.shared.propertyfinder.eg/media/images/listing/WTBMQTPEF34863AXYP4ERV6WAG/24178334-0359-4658-93c8-a6f6d490c285/1312x894.jpg,See the details of this Chalet for Sale in Hacienda West.,3300000
77053440,3BR Apartment for Sale in New Cairo City,https://www.propertyfinder.eg/to/5RZANVY3W96WM99D0D0Z4TV228/en,https://static.shared.propertyfinder.eg/media/images/listing/5RZANVY3W96WM99D0D0Z4TV228/49d1fa3f-3ab6-4161-8840-311e47ee8690/1312x894.jpg,See the details of this Apartment for Sale in Mivida.,23500000
77053329,3BR Chalet for Sale in Ras Al Hekma,https://www.propertyfinder.eg/to/M82S5X17MQ1CGJGYTEGRQND8XW/en,https://static.shared.propertyfinder.eg/media/images/listing/M82S5X17MQ1CGJGYTEGRQND8XW/b7f9fea9-6767-495e-9df6-ffe28e63b527/1312x894.jpg,See the details of this Chalet for Sale in Hacienda West.,2400000
77053244,3BR Chalet for Sale in Al Ain Al Sokhna,https://www.propertyfinder.eg/to/XQR43S6NY421PGN2EAXVCBHR88/en,https://static.shared.propertyfinder.eg/media/images/listing/XQR43S6NY421PGN2EAXVCBHR88/680fb489-aaad-4ea2-a03c-8b864050116b/1312x894.jpg,See the details of this Chalet for Sale in La Vista Gardens.,1650000
77053061,3BR Chalet for Sale in Ras Al Hekma,https://www.propertyfinder.eg/to/DGWAFP17TP8GC9ZZE1FKB1999R/en,https://static.shared.propertyfinder.eg/media/images/listing/DGWAFP17TP8GC9ZZE1FKB1999R/e5c73b89-21b0-40e6-82bc-75da35cbbdd6/1312x894.jpg,See the details of this Chalet for Sale in Hacienda West.,2400000
77052983,2BR Chalet for Sale in Hacienda,https://www.propertyfinder.eg/to/X62KNA9S6DY7NYZ2YRQS43JQ0R/en,https://static.shared.propertyfinder.eg/media/images/listing/X62KNA9S6DY7NYZ2YRQS43JQ0R/b988dcb9-26b3-4122-90bb-6c357d2ce50c/1312x894.jpg,See the details of this Chalet for Sale in Hacienda.,1500000
77052818,3BR Apartment for Sale in Alexandria Compounds,https://www.propertyfinder.eg/to/Y6GT03J74MN1KD9PWZ8W9DM8WW/en,https://static.shared.propertyfinder.eg/media/images/listing/Y6GT03J74MN1KD9PWZ8W9DM8WW/1e8a7063-0b95-4b21-a974-eeac785c187a/1312x894.jpg,See the details of this Apartment for Sale in Vee Sawari.,8200000
77052564,2BR Chalet for Sale in Ras Al Hekma,https://www.propertyfinder.eg/to/97C02CHAKQ64JAWZ7RNAGGMQ90/en,https://static.shared.propertyfinder.eg/media/images/listing/97C02CHAKQ64JAWZ7RNAGGMQ90/3ebcbebd-efc5-48d0-b1ac-cb7f0015dd90/1312x894.jpg,See the details of this Chalet for Sale in Ogami.,1600000
77052427,4BR Chalet for Sale in Sidi Abdel Rahman,https://www.propertyfinder.eg/to/JEEQ56Z0QRJY3DW7YSN93B1384/en,https://static.shared.propertyfinder.eg/media/images/listing/JEEQ56Z0QRJY3DW7YSN93B1384/c1238033-40d6-4c8b-a887-0bd705f7eb31/1312x894.jpg,See the details of this Chalet for Sale in Hacienda Bay.,2400000
77052320,4BR Chalet for Sale in Ras Al Hekma,https://www.propertyfinder.eg/to/F6RBEA55N91JBT3E4SEXC7FWFC/en,https://static.shared.propertyfinder.eg/media/images/listing/F6RBEA55N91JBT3E4SEXC7FWFC/27b4d5c6-0223-473d-93a1-59443343d8f3/1312x894.jpg,See the details of this Chalet for Sale in Hacienda West.,2400000
77051952,4BR Chalet for Sale in Ras Al Hekma,https://www.propertyfinder.eg/to/FYGVX8YH56XR706YA9FNJM4RVC/en,https://static.shared.propertyfinder.eg/media/images/listing/FYGVX8YH56XR706YA9FNJM4RVC/3f3ef337-e80e-4802-841e-63d18211714a/1312x894.jpg,See the details of this Chalet for Sale in Naia bay.,4000000
77051756,3BR Chalet for Sale in Al Alamein,https://www.propertyfinder.eg/to/K1YV0WR51REWS6RFGNTF2TT0Z8/en,https://static.shared.propertyfinder.eg/media/images/listing/K1YV0WR51REWS6RFGNTF2TT0Z8/f97cf93a-ce63-47a1-ae6d-69164e1e6bfe/1312x894.jpg,See the details of this Chalet for Sale in La Vista Cascada.,9730000
77051734,5BR Villa for Sale in 6 October City,https://www.propertyfinder.eg/to/CJCR00Z9CRWM5K3021YFA1HJBR/en,https://static.shared.propertyfinder.eg/media/images/listing/CJCR00Z9CRWM5K3021YFA1HJBR/25096a09-5e28-4b43-92d6-b9bcc150889e/1312x894.jpg,See the details of this Villa for Sale in O West.,28250000
77050718,2BR Chalet for Sale in Al Ain Al Sokhna,https://www.propertyfinder.eg/to/4G9SEYVXD3V8XTW93WBMZK5KPR/en,https://static.shared.propertyfinder.eg/media/images/listing/4G9SEYVXD3V8XTW93WBMZK5KPR/36a77369-4d4a-466d-a2df-a713a12fbf95/1312x894.jpg,See the details of this Chalet for Sale in Telal Al Sokhna.,500000
77050675,2BR Chalet for Sale in Ras Al Hekma,https://www.propertyfinder.eg/to/4SPEA84SVY9ARSMZKT66190TW4/en,https://static.shared.propertyfinder.eg/media/images/listing/4SPEA84SVY9ARSMZKT66190TW4/c3ed3fbd-9ff1-4741-8b33-69b4e2cd95ba/1312x894.jpg,See the details of this Chalet for Sale in Seashore.,800000
77050070,5BR Villa for Sale in Ras Al Hekma,https://www.propertyfinder.eg/to/RA66BPXXR15T3NM1NSTAAPH44M/en,https://static.shared.propertyfinder.eg/media/images/listing/RA66BPXXR15T3NM1NSTAAPH44M/97c1d7e5-529c-43a3-b7f9-e1dc28c32db9/1312x894.jpg,See the details of this Villa for Sale in June.,9800000
77050035,2BR Chalet for Sale in Ras Al Hekma,https://www.propertyfinder.eg/to/NM1TRMBVBSD0G9T50T60TJQTV4/en,https://static.shared.propertyfinder.eg/media/images/listing/NM1TRMBVBSD0G9T50T60TJQTV4/3d032d28-5bb3-492f-9f17-baf319f67cc7/1312x894.jpg,See the details of this Chalet for Sale in Ogami.,1650000
77048542,Land for Sale in New Cairo City,https://www.propertyfinder.eg/to/NZQHFWAW14F4C9N3XSYFEM93RM/en,https://static.shared.propertyfinder.eg/media/images/listing/NZQHFWAW14F4C9N3XSYFEM93RM/3765e040-9b35-41a7-b5ae-4c5a0c467ce9/1312x894.jpg,See the details of this Land for Sale in V90.,150000000
77047088,4BR Twin House for Sale in Ras Al Hekma,https://www.propertyfinder.eg/to/GDXJHE88A28XMS917DW68K5GMM/en,https://static.shared.propertyfinder.eg/media/images/listing/GDXJHE88A28XMS917DW68K5GMM/55201d7c-96bf-4db3-98be-35dab7710d3d/1312x894.jpg,See the details of this Twin House for Sale in La vista Ras El Hikma.,4960000
77046743,2BR Apartment for Sale in Sheikh Zayed City,https://www.propertyfinder.eg/to/GADS5QWHY8GDVFCV13Z032AZGR/en,https://static.shared.propertyfinder.eg/media/images/listing/GADS5QWHY8GDVFCV13Z032AZGR/b4000f77-1057-42f1-90bc-9a306b18a272/1312x894.jpg,See the details of this Apartment for Sale in The Estates.,8000000
77046742,4BR Villa for Sale in Qesm Marsa Matrouh,https://www.propertyfinder.eg/to/W64JCKS1X9YM0BS8P35TR38NAC/en,https://static.shared.propertyfinder.eg/media/images/listing/W64JCKS1X9YM0BS8P35TR38NAC/d7835225-fe35-46c0-9dc9-b9fe145eaf16/1312x894.jpg,See the details of this Villa for Sale in Silver Sands.,41556400
76787847,4BR Apartment for Sale in New Cairo City,https://www.propertyfinder.eg/to/VWPBWAJ3J1V9YSWVWSY5KRWDQ8/en,https://static.shared.propertyfinder.eg/media/images/listing/VWPBWAJ3J1V9YSWVWSY5KRWDQ8/c9df815e-4ef1-400b-ae32-94a062c622eb/1312x894.jpg,See the details of this Apartment for Sale in Swan Lake Residence.,15000000
76787509,2BR Apartment for Sale in Madinaty,https://www.propertyfinder.eg/to/GZRE2XEKA8QSYPGQNFWKNK484W/en,https://static.shared.propertyfinder.eg/media/images/listing/GZRE2XEKA8QSYPGQNFWKNK484W/6cc4fa75-1800-48d6-adb4-2b667ce68636/1312x894.jpg,See the details of this Apartment for Sale in B10.,7000000
76787445,3BR Villa for Sale in Madinaty,https://www.propertyfinder.eg/to/Q32AGARFX4RVVVDGXPKERVVC0C/en,https://static.shared.propertyfinder.eg/media/images/listing/Q32AGARFX4RVVVDGXPKERVVC0C/96eaad86-8841-4231-ade1-8c362c628ba5/1312x894.jpg,See the details of this Villa for Sale in B10.,11500000
76787440,4BR Penthouse for Sale in Madinaty,https://www.propertyfinder.eg/to/VPB7M43FN5JXDAR7BRDDJB4W9R/en,https://static.shared.propertyfinder.eg/media/images/listing/VPB7M43FN5JXDAR7BRDDJB4W9R/a278b3db-745e-437e-8791-4bbb93a60ab3/1312x894.jpg,See the details of this Penthouse for Sale in B10.,8600000
76787431,2BR Apartment for Sale in New Cairo City,https://www.propertyfinder.eg/to/QTKTPEMC4FVDWWQEF1TTCGMT9R/en,https://static.shared.propertyfinder.eg/media/images/listing/QTKTPEMC4FVDWWQEF1TTCGMT9R/1edf19b7-cc24-43cd-9258-1caa625fd015/1312x894.jpg,See the details of this Apartment for Sale in Garden Residence.,8550000
76787426,2BR Twin House for Sale in New Capital City,https://www.propertyfinder.eg/to/P3A02CAMS65FDGTY5W0TN8V9G0/en,https://static.shared.propertyfinder.eg/media/images/listing/P3A02CAMS65FDGTY5W0TN8V9G0/233b69aa-9d66-4670-a5a4-eb0ae02cfa86/1312x894.jpg,See the details of this Twin House for Sale in La Vista City.,36000000
76787424,3BR Villa for Sale in New Cairo City,https://www.propertyfinder.eg/to/P8TB4W0PGM3TNFXMVEHSVQCSN8/en,https://static.shared.propertyfinder.eg/media/images/listing/P8TB4W0PGM3TNFXMVEHSVQCSN8/d49fd84a-b732-40a4-8558-93211cb7d1c8/1312x894.jpg,See the details of this Villa for Sale in The Crest.,29000000
76786738,2BR Chalet for Sale in Al Ain Al Sokhna,https://www.propertyfinder.eg/to/RHTY5H8FVWB6TSEP3WYKJ6F8PW/en,https://static.shared.propertyfinder.eg/media/images/listing/RHTY5H8FVWB6TSEP3WYKJ6F8PW/bb455e0f-49cb-41d5-8ab5-dfd5546a12ce/1312x894.jpg,See the details of this Chalet for Sale in Telal Al Sokhna.,640580
76786224,3BR Apartment for Sale in New Capital City,https://www.propertyfinder.eg/to/TQ5TXRDYCXKPB8BSKFEKE2TWP8/en,https://static.shared.propertyfinder.eg/media/images/listing/TQ5TXRDYCXKPB8BSKFEKE2TWP8/03de6820-fbc8-44c6-9e6f-2f24f196b228/1312x894.jpg,See the details of this Apartment for Sale in De Joya.,323000
76784973,2BR Chalet for Sale in Al Ain Al Sokhna,https://www.propertyfinder.eg/to/TH6DD4HK2B269HW0M50R0E9B20/en,https://static.shared.propertyfinder.eg/media/images/listing/TH6DD4HK2B269HW0M50R0E9B20/62874e76-cc3f-47a2-8d83-fbfd699cfe37/1312x894.jpg,See the details of this Chalet for Sale in Malibu.,6500000
76784712,4BR Twin House for Sale in Ras Al Hekma,https://www.propertyfinder.eg/to/QAR2BT8B9RVAK1678ZGC97ZBDW/en,https://static.shared.propertyfinder.eg/media/images/listing/QAR2BT8B9RVAK1678ZGC97ZBDW/21eab97d-0996-4601-a15f-16f3564c51df/1312x894.jpg,See the details of this Twin House for Sale in Marseilia Beach 5.,25500000
76783977,4BR Townhouse for Sale in 6 October City,https://www.propertyfinder.eg/to/P2411D0FCKNAAP2S5EPQ5W4X2G/en,https://static.shared.propertyfinder.eg/media/images/listing/P2411D0FCKNAAP2S5EPQ5W4X2G/97f02d79-5013-4064-88b8-b3a9a7460df9/1312x894.jpg,See the details of this Townhouse for Sale in Mountain View 4.,22000000
76783875,3BR Villa for Sale in New Cairo City,https://www.propertyfinder.eg/to/XGX4X24S70AX78Y9VEACSXT31W/en,https://static.shared.propertyfinder.eg/media/images/listing/XGX4X24S70AX78Y9VEACSXT31W/858d0159-25c3-4fdc-a380-ce64042cc55a/1312x894.jpg,See the details of this Villa for Sale in City Gate.,27289000
76783760,3BR Townhouse for Sale in New Cairo City,https://www.propertyfinder.eg/to/FPPKEHZ96146CS6T77BA292EH8/en,https://static.shared.propertyfinder.eg/media/images/listing/FPPKEHZ96146CS6T77BA292EH8/32bb8679-1122-42f0-b772-87a98740826c/1312x894.jpg,See the details of this Townhouse for Sale in City Gate.,26069500
76783758,4BR Townhouse for Sale in New Cairo City,https://www.propertyfinder.eg/to/6SFTZC768E84X7Y9VHRH4BQG6W/en,https://static.shared.propertyfinder.eg/media/images/listing/6SFTZC768E84X7Y9VHRH4BQG6W/3eb25919-8ad6-4681-a4f4-cdc4702648d6/1312x894.jpg,See the details of this Townhouse for Sale in Villino.,17000000
76783747,3BR Villa for Sale in New Cairo City,https://www.propertyfinder.eg/to/0TDMJJ5FTARMZT98Q61JTAG22C/en,https://static.shared.propertyfinder.eg/media/images/listing/0TDMJJ5FTARMZT98Q61JTAG22C/cd8841ad-4acd-4a77-a4ad-4897f17b9a2d/1312x894.jpg,See the details of this Villa for Sale in City Gate.,34530000
76783697,3BR Apartment for Sale in New Cairo City,https://www.propertyfinder.eg/to/98MYKPA0024SJYDE70V4EVNVCC/en,https://static.shared.propertyfinder.eg/media/images/listing/98MYKPA0024SJYDE70V4EVNVCC/4aed60e7-5907-4232-ba22-99158b524f23/1312x894.jpg,See the details of this Apartment for Sale in City Gate.,20980000
76783685,2BR Apartment for Sale in New Cairo City,https://www.propertyfinder.eg/to/YP7Z7K31MS23KA1XMA4YS4JVMG/en,https://static.shared.propertyfinder.eg/media/images/listing/YP7Z7K31MS23KA1XMA4YS4JVMG/e32d570c-22c1-4d74-a56e-87c3d66b1f2c/1312x894.jpg,See the details of this Apartment for Sale in City Gate.,9550000
76783671,3BR Chalet for Sale in Ras Al Hekma,https://www.propertyfinder.eg/to/9PMERK9F68BMPQSWKB5TJ5Q56W/en,https://static.shared.propertyfinder.eg/media/images/listing/9PMERK9F68BMPQSWKB5TJ5Q56W/ce26caa4-0e37-4b11-9d5e-9f2cb9ed24da/1312x894.jpg,See the details of this Chalet for Sale in Hacienda West.,19025000
76783606,2BR Chalet for Sale in Ras Al Hekma,https://www.propertyfinder.eg/to/G7R68D13REG8B58NR7EQ3MAZ3W/en,https://static.shared.propertyfinder.eg/media/images/listing/G7R68D13REG8B58NR7EQ3MAZ3W/16e1f8ff-6430-4122-a69b-3c3a78db9fd6/1312x894.jpg,See the details of this Chalet for Sale in Hacienda West.,10700000
76783269,4BR Twin House for Sale in Shorouk City,https://www.propertyfinder.eg/to/TK73JRJP85A1GFHWWRJTWXM3G0/en,https://static.shared.propertyfinder.eg/media/images/listing/TK73JRJP85A1GFHWWRJTWXM3G0/51a2a6f5-6633-431c-8370-24aa3d6ad959/1312x894.jpg,See the details of this Twin House for Sale in Al Burouj Compound.,14061636
76782901,4BR Twin House for Sale in New Cairo City,https://www.propertyfinder.eg/to/3CSXPPTXRV2K5AG4DAVZWFSQ08/en,https://static.shared.propertyfinder.eg/media/images/listing/3CSXPPTXRV2K5AG4DAVZWFSQ08/7272c618-04b5-4fb7-a561-d6a6a6968777/1312x894.jpg,See the details of this Twin House for Sale in Swan Lake Residence.,40000000
76782843,4BR Townhouse for Sale in New Cairo City,https://www.propertyfinder.eg/to/NBPQZFYXPE62AA8BH904FAA1V8/en,https://static.shared.propertyfinder.eg/media/images/listing/NBPQZFYXPE62AA8BH904FAA1V8/fda04349-ef3b-41b5-8a79-48e46a8f08f4/1312x894.jpg,See the details of this Townhouse for Sale in Azzar.,14000000
76782795,2BR Chalet for Sale in Ras Al Hekma,https://www.propertyfinder.eg/to/3FKZD2MXX3177APB0MRS8NRATM/en,https://static.shared.propertyfinder.eg/media/images/listing/3FKZD2MXX3177APB0MRS8NRATM/d58986f5-adcd-4f3d-8608-925728532c1d/1312x894.jpg,See the details of this Chalet for Sale in Hacienda West.,13920000
76782786,3BR Apartment for Sale in New Cairo City,https://www.propertyfinder.eg/to/H0A9VW9V3PTWWVFG8NW41N5RVW/en,https://static.shared.propertyfinder.eg/media/images/listing/H0A9VW9V3PTWWVFG8NW41N5RVW/9246da3d-efb7-455c-862f-f980039790da/1312x894.jpg,See the details of this Apartment for Sale in Swan Lake Residence.,17409001
76782776,3BR Chalet for Sale in Ras Al Hekma,https://www.propertyfinder.eg/to/EA596W62R55MTR0002KQXPD47M/en,https://static.shared.propertyfinder.eg/media/images/listing/EA596W62R55MTR0002KQXPD47M/90d84597-0a5f-4344-8708-54850d7dbe53/1312x894.jpg,See the details of this Chalet for Sale in Hacienda West.,9900000
76782769,3BR Villa for Sale in New Cairo City,https://www.propertyfinder.eg/to/FZQSWX9HCF2RHETQ1EA81C9D38/en,https://static.shared.propertyfinder.eg/media/images/listing/FZQSWX9HCF2RHETQ1EA81C9D38/6c0b674a-2101-4b39-a804-068758b9251b/1312x894.jpg,See the details of this Villa for Sale in Swan Lake Residence.,47150000
76782676,3BR Apartment for Sale in New Cairo City,https://www.propertyfinder.eg/to/YHA59X24ZBYWZ39Y9YBTFAV1GC/en,https://static.shared.propertyfinder.eg/media/images/listing/YHA59X24ZBYWZ39Y9YBTFAV1GC/264e5162-55fd-425a-84d7-cb85371eb817/1312x894.jpg,See the details of this Apartment for Sale in City Gate.,16145530
76782621,2BR Chalet for Sale in Ras Al Hekma,https://www.propertyfinder.eg/to/YNP66C7X56TX52F6TABBJHABR0/en,https://static.shared.propertyfinder.eg/media/images/listing/YNP66C7X56TX52F6TABBJHABR0/0dcc6249-d99d-4941-aca9-8a917a2eafb2/1312x894.jpg,See the details of this Chalet for Sale in Hacienda West.,10650000
76782619,2BR Chalet for Sale in Ras Al Hekma,https://www.propertyfinder.eg/to/KQAZEHF9CD5AAYB6F1PR5HFRY0/en,https://static.shared.propertyfinder.eg/media/images/listing/KQAZEHF9CD5AAYB6F1PR5HFRY0/11eca975-57f6-4cb8-970e-eadf06b8d253/1312x894.jpg,See the details of this Chalet for Sale in Hacienda West.,12500000
76782538,3BR Chalet for Sale in Ras Al Hekma,https://www.propertyfinder.eg/to/A4TNCWH22HGGG69R8PV0DTRRZ4/en,https://static.shared.propertyfinder.eg/media/images/listing/A4TNCWH22HGGG69R8PV0DTRRZ4/c85cd7ae-5691-4cf3-a82d-d4d32601f4ca/1312x894.jpg,See the details of this Chalet for Sale in Hacienda West.,19000000
76782491,4BR Villa for Sale in Ras Al Hekma,https://www.propertyfinder.eg/to/37WDKWKHGKS5PQEE4VZWA0Z4D4/en,https://static.shared.propertyfinder.eg/media/images/listing/37WDKWKHGKS5PQEE4VZWA0Z4D4/315c185f-16fb-4af7-8265-f921e1b2b268/1312x894.jpg,See the details of this Villa for Sale in Hacienda West.,40000000
76781939,4BR Villa for Sale in New Cairo City,https://www.propertyfinder.eg/to/BDZ2B6NG3QXG9VSP0VYTZVYN3G/en,https://static.shared.propertyfinder.eg/media/images/listing/BDZ2B6NG3QXG9VSP0VYTZVYN3G/e0f4bcfe-b601-4a54-b0dc-f3a2d8df57ba/1312x894.jpg,See the details of this Villa for Sale in Saada Compound.,250000
76781655,5BR Villa for Sale in New Cairo City,https://www.propertyfinder.eg/to/7DF0ZHBYQW2FWEHQYV8FEYYE8G/en,https://static.shared.propertyfinder.eg/media/images/listing/7DF0ZHBYQW2FWEHQYV8FEYYE8G/7077c3ac-9ca3-42a1-9ab4-31b0b6115bcb/1312x894.jpg,See the details of this Villa for Sale in Garden Residence.,39500000
76781588,4BR Penthouse for Sale in New Cairo City,https://www.propertyfinder.eg/to/EF5ZE1H6YY4A7D5ABF7YCJ0388/en,https://static.shared.propertyfinder.eg/media/images/listing/EF5ZE1H6YY4A7D5ABF7YCJ0388/124e00de-1a4e-4eb5-ba4d-80f4343fcd2b/1312x894.jpg,See the details of this Penthouse for Sale in Swan Lake Residence.,47500000
76781586,4BR Penthouse for Sale in New Cairo City,https://www.propertyfinder.eg/to/D8Z7S98XQYBH189EM52XPY9WM0/en,https://static.shared.propertyfinder.eg/media/images/listing/D8Z7S98XQYBH189EM52XPY9WM0/83177f2f-b27b-4842-a73f-f8a742e9add7/1312x894.jpg,See the details of this Penthouse for Sale in Swan Lake Residence.,23600000
76781584,2BR Chalet for Sale in Ras Al Hekma,https://www.propertyfinder.eg/to/JEAC2Y3XDBT52GTV3CT95D0VAC/en,https://static.shared.propertyfinder.eg/media/images/listing/JEAC2Y3XDBT52GTV3CT95D0VAC/1bd7bfb0-99fd-4e1b-a267-8b90f07e4483/1312x894.jpg,See the details of this Chalet for Sale in Hacienda West.,12372000
76781502,3BR Apartment for Sale in Mostakbal City - Future City,https://www.propertyfinder.eg/to/K19V5X90FAVWM0PSNQ74YNGBN0/en,https://static.shared.propertyfinder.eg/media/images/listing/K19V5X90FAVWM0PSNQ74YNGBN0/ca3db4d0-9ead-43a6-9974-0e055ee9b7db/1312x894.jpg,See the details of this Apartment for Sale in HAP Town.,4550000
76781432,4BR Villa for Sale in Mokattam,https://www.propertyfinder.eg/to/METPCE686AF9AP3Z879K6KPPPG/en,https://static.shared.propertyfinder.eg/media/images/listing/METPCE686AF9AP3Z879K6KPPPG/3d0d689a-fc29-43de-bf30-bd477246ae31/1312x894.jpg,See the details of this Villa for Sale in Hilltop Golf Villas.,35500000
76781422,5BR Villa for Sale in Mokattam,https://www.propertyfinder.eg/to/43GB3WH8F6JK7B11DHBE7369B8/en,https://static.shared.propertyfinder.eg/media/images/listing/43GB3WH8F6JK7B11DHBE7369B8/59522a26-79ec-4149-8ab3-992078b7b28e/1312x894.jpg,See the details of this Villa for Sale in Golf Side.,53090000
76781399,6BR Villa for Sale in Mokattam,https://www.propertyfinder.eg/to/4NGRAEDC9CCA839XKFDFW5QAWM/en,https://static.shared.propertyfinder.eg/media/images/listing/4NGRAEDC9CCA839XKFDFW5QAWM/423f06cc-cd5e-4a31-812e-5abde7c6e116/1312x894.jpg,See the details of this Villa for Sale in Reyna.,180100000
76781398,2BR Apartment for Sale in Mokattam,https://www.propertyfinder.eg/to/9842KW00TQYKZS16GN8SKPS4DM/en,https://static.shared.propertyfinder.eg/media/images/listing/9842KW00TQYKZS16GN8SKPS4DM/4421db15-40dd-44ae-a9b9-d549208bf736/1312x894.jpg,See the details of this Apartment for Sale in The Fourteen Golf Residences.,16100000
76781363,2BR Chalet for Sale in Hurghada,https://www.propertyfinder.eg/to/WJWBEPTAGJ356F8KNHCCS65MQ0/en,https://static.shared.propertyfinder.eg/media/images/listing/WJWBEPTAGJ356F8KNHCCS65MQ0/e2aea5f0-b466-49ad-82c2-c2c6e9a37d46/1312x894.jpg,See the details of this Chalet for Sale in Blanca Gardens.,14000000
76781362,2BR Penthouse for Sale in Hurghada,https://www.propertyfinder.eg/to/AG4N6RF2KJCKB0FZ0N3N7PZD30/en,https://static.shared.propertyfinder.eg/media/images/listing/AG4N6RF2KJCKB0FZ0N3N7PZD30/81e417ac-7799-42a5-bb53-46f9d5da2542/1312x894.jpg,See the details of this Penthouse for Sale in Blanca Gardens.,18200000
76781359,3BR Villa for Sale in Hurghada,https://www.propertyfinder.eg/to/V0Z9HKWB0SK2E5PFPVF830Y638/en,https://static.shared.propertyfinder.eg/media/images/listing/V0Z9HKWB0SK2E5PFPVF830Y638/72e0d8ca-b261-43b7-8fcc-6518a7e143d4/1312x894.jpg,See the details of this Villa for Sale in Bay West.,32920000
76781257,2BR Apartment for Sale in Mostakbal City - Future City,https://www.propertyfinder.eg/to/V4A3K5H2SZY5WAX6WD3HP77ZZ0/en,https://static.shared.propertyfinder.eg/media/images/listing/V4A3K5H2SZY5WAX6WD3HP77ZZ0/9576140c-695f-40b9-a187-b40f471a9388/1312x894.jpg,See the details of this Apartment for Sale in HAP Town.,6404000
76781256,3BR Apartment for Sale in Mostakbal City - Future City,https://www.propertyfinder.eg/to/54B1074EMR7WV2KHEZYYVTQC2G/en,https://static.shared.propertyfinder.eg/media/images/listing/54B1074EMR7WV2KHEZYYVTQC2G/16d9f3fe-e8a3-441f-ad8a-18bb1e2b8198/1312x894.jpg,See the details of this Apartment for Sale in HAP Town.,6700150
76781253,4BR Villa for Sale in Mokattam,https://www.propertyfinder.eg/to/BYQPD6VDBNE907SMR5PPK5S6MM/en,https://static.shared.propertyfinder.eg/media/images/listing/BYQPD6VDBNE907SMR5PPK5S6MM/72b034dd-12bf-4506-9eca-6594dfa0d00c/1312x894.jpg,See the details of this Villa for Sale in Celesta Hills.,55550000
76781243,3BR Villa for Sale in Mokattam,https://www.propertyfinder.eg/to/6MWYMJ4N3JTZZTESPTWX850DY0/en,https://static.shared.propertyfinder.eg/media/images/listing/6MWYMJ4N3JTZZTESPTWX850DY0/6756651a-94ef-43be-8238-a3deb60c96a7/1312x894.jpg,See the details of this Villa for Sale in Celesta Hills.,50050000
76781235,2BR Chalet for Sale in Hurghada,https://www.propertyfinder.eg/to/DBGX1JRAM207TNF988BKR6355R/en,https://static.shared.propertyfinder.eg/media/images/listing/DBGX1JRAM207TNF988BKR6355R/26e787bb-e558-499f-bf59-3b21c3fa8041/1312x894.jpg,See the details of this Chalet for Sale in Mesca.,28188000
76781104,3BR Penthouse for Sale in New Cairo City,https://www.propertyfinder.eg/to/9G013K9TC4P6D7CNDFW8M8DE3C/en,https://static.shared.propertyfinder.eg/media/images/listing/9G013K9TC4P6D7CNDFW8M8DE3C/1bed5990-995e-430f-a614-a309abc5460d/1312x894.jpg,See the details of this Penthouse for Sale in Mountain View Hyde Park.,14000000
76781043,2BR Apartment for Sale in Mostakbal City - Future City,https://www.propertyfinder.eg/to/BZ45BK8SNV7ZEW5K0MFHQ7ETNM/en,https://static.shared.propertyfinder.eg/media/images/listing/BZ45BK8SNV7ZEW5K0MFHQ7ETNM/d755bc0e-0d13-4ae5-95f7-c12ca591a8fc/1312x894.jpg,See the details of this Apartment for Sale in HAP Town.,5200000
76781039,3BR Duplex for Sale in Hurghada,https://www.propertyfinder.eg/to/JPP5F5613NG8BAXX7HCGQ0X5AC/en,https://static.shared.propertyfinder.eg/media/images/listing/JPP5F5613NG8BAXX7HCGQ0X5AC/a5ea0aae-0894-433c-b0dd-269401b059d0/1312x894.jpg,See the details of this Duplex for Sale in ARC of Soma.,35500000
76780826,3BR Twin House for Sale in New Cairo City,https://www.propertyfinder.eg/to/2ZPF0TMJ40FX3WG9HVRX6DKGC8/en,https://static.shared.propertyfinder.eg/media/images/listing/2ZPF0TMJ40FX3WG9HVRX6DKGC8/601fadf3-8a9a-434c-8a94-0871a57ebaab/1312x894.jpg,See the details of this Twin House for Sale in Swan Lake Residence.,44460000
76780254,2BR Penthouse for Sale in Sidi Abdel Rahman,https://www.propertyfinder.eg/to/CHP38F7499YQJ0A0B4M33R1NXC/en,https://static.shared.propertyfinder.eg/media/images/listing/CHP38F7499YQJ0A0B4M33R1NXC/18be00e2-5e67-4490-b265-d1c68955e0dc/1312x894.jpg,See the details of this Penthouse for Sale in Amwaj.,8500000
76780218,3BR Chalet for Sale in Al Ain Al Sokhna,https://www.propertyfinder.eg/to/PJY952WWK7D2SE6BJAKJA1T05M/en,https://static.shared.propertyfinder.eg/media/images/listing/PJY952WWK7D2SE6BJAKJA1T05M/f5942928-1249-421d-b6b6-211378241f19/1312x894.jpg,See the details of this Chalet for Sale in Telal Al Sokhna.,300000
76780089,4BR Twin House for Sale in Qesm Marsa Matrouh,https://www.propertyfinder.eg/to/GSDF2M0V5V0AJ32XXXNYK9V7DR/en,https://static.shared.propertyfinder.eg/media/images/listing/GSDF2M0V5V0AJ32XXXNYK9V7DR/253627b7-8417-4166-b294-347d588b1930/1312x894.jpg,See the details of this Twin House for Sale in Silver Sands.,36565000
76780079,3BR Penthouse for Sale in New Cairo City,https://www.propertyfinder.eg/to/ZWEKWWNTPG84XVQGAGH577YCNW/en,https://static.shared.propertyfinder.eg/media/images/listing/ZWEKWWNTPG84XVQGAGH577YCNW/124db0e4-cac2-4ab7-8fff-fcd0457216c3/1312x894.jpg,See the details of this Penthouse for Sale in Villette.,20250000
76780040,4BR Villa for Sale in New Cairo City,https://www.propertyfinder.eg/to/CHWVXEFRG5E59C2DGVTGHHZJPM/en,https://static.shared.propertyfinder.eg/media/images/listing/CHWVXEFRG5E59C2DGVTGHHZJPM/25c4ee69-c77c-4594-8aa9-099be952199c/1312x894.jpg,See the details of this Villa for Sale in Swan Lake Residence.,52500000
76780025,3BR iVilla for Sale in 6 October City,https://www.propertyfinder.eg/to/0HTABVWZMZ3Z0FPDATVQPGGFK0/en,https://static.shared.propertyfinder.eg/media/images/listing/0HTABVWZMZ3Z0FPDATVQPGGFK0/e0cfdf73-06fc-4ed6-b10a-308f9d7a954d/1312x894.jpg,See the details of this iVilla for Sale in Mountain View Chill Out Park.,15000000
76779975,4BR Townhouse for Sale in Shorouk City,https://www.propertyfinder.eg/to/NAWQQFJFMMM79BASZGGTYC4AF8/en,https://static.shared.propertyfinder.eg/media/images/listing/NAWQQFJFMMM79BASZGGTYC4AF8/b59aa339-7cb8-4143-9092-8b51cc52de89/1312x894.jpg,See the details of this Townhouse for Sale in Parkside El Shorouk.,16500000
76779951,3BR Apartment for Sale in New Cairo City,https://www.propertyfinder.eg/to/A7AF7NBQK6QFERSTDCQ18EM7SC/en,https://static.shared.propertyfinder.eg/media/images/listing/A7AF7NBQK6QFERSTDCQ18EM7SC/4bc5aeab-2fe4-47e2-a639-72b395a75f95/1312x894.jpg,See the details of this Apartment for Sale in La Mirada Compound.,10500000
76779920,4BR Villa for Sale in Mostakbal City - Future City,https://www.propertyfinder.eg/to/X0WQNY8B102WQK6DZJDTB7FP88/en,https://static.shared.propertyfinder.eg/media/images/listing/X0WQNY8B102WQK6DZJDTB7FP88/069fd2c5-e7be-4083-8c90-016ef6e37a8b/1312x894.jpg,See the details of this Villa for Sale in HAP Town.,34000000
76779907,Office for Sale in New Cairo City,https://www.propertyfinder.eg/to/QTCRE27KR0YPWCXZ6S4ZFPPBFG/en,https://static.shared.propertyfinder.eg/media/images/listing/QTCRE27KR0YPWCXZ6S4ZFPPBFG/047aaad8-020c-4bec-87bf-fa458b5654ff/1312x894.jpg,See the details of this Office for Sale in Hyde Park Business District Mall.,8000000
76776140,3BR Chalet for Sale in Ras Al Hekma,https://www.propertyfinder.eg/to/PAKAWXDAJQZ869J4XR9FKJ14X4/en,https://static.shared.propertyfinder.eg/media/images/listing/PAKAWXDAJQZ869J4XR9FKJ14X4/f51b2d04-1474-4955-abfe-c8709a9912ac/1312x894.jpg,See the details of this Chalet for Sale in Ogami.,1400000
76776018,3BR Apartment for Sale in New Cairo City,https://www.propertyfinder.eg/to/AG3SVNAHT4XTV2NN7NT6BD6ZHM/en,https://static.shared.propertyfinder.eg/media/images/listing/AG3SVNAHT4XTV2NN7NT6BD6ZHM/00e9037a-45ce-497c-a137-1fbfb43bc54e/1312x894.jpg,See the details of this Apartment for Sale in The brooks.,800000
76775971,1BR Chalet for Sale in Al Ain Al Sokhna,https://www.propertyfinder.eg/to/8VGH66MTBBTBC5TDRFHDWQZNAW/en,https://static.shared.propertyfinder.eg/media/images/listing/8VGH66MTBBTBC5TDRFHDWQZNAW/d2abfc35-56be-4677-81c8-ca832984bfa1/1312x894.jpg,See the details of this Chalet for Sale in Telal Al Sokhna.,550000
76775965,3BR Townhouse for Sale in New Cairo City,https://www.propertyfinder.eg/to/19GDR7DEE6S1E31GH950KKYYJ0/en,https://static.shared.propertyfinder.eg/media/images/listing/19GDR7DEE6S1E31GH950KKYYJ0/ac2bdf13-bd41-4ec1-b314-b56a91e740b9/1312x894.jpg,See the details of this Townhouse for Sale in Taj City.,7915000
76775829,3BR Apartment for Sale in Sheikh Zayed City,https://www.propertyfinder.eg/to/F1MGBJH2KVKZTJTEHSVENVTSH4/en,https://static.shared.propertyfinder.eg/media/images/listing/F1MGBJH2KVKZTJTEHSVENVTSH4/1eeba61d-ac28-4659-9b30-7e32b39e9d42/1312x894.jpg,See the details of this Apartment for Sale in MarVille New Zayed.,15000000
76775823,2BR Chalet for Sale in Ras Al Hekma,https://www.propertyfinder.eg/to/0AKASWG7GP84HDN4D7ZD3H6010/en,https://static.shared.propertyfinder.eg/media/images/listing/0AKASWG7GP84HDN4D7ZD3H6010/84b0ba5c-4a1b-4bd2-a8bc-c1fa83f2c2e3/1312x894.jpg,See the details of this Chalet for Sale in Youd.,6000000
76775808,3BR Apartment for Sale in Mostakbal City - Future City,https://www.propertyfinder.eg/to/9Q0W46B5H8XQRS7KFCH2VZ91J8/en,https://static.shared.propertyfinder.eg/media/images/listing/9Q0W46B5H8XQRS7KFCH2VZ91J8/b69eac8d-095c-4d40-bb8a-c5f872f782c6/1312x894.jpg,See the details of this Apartment for Sale in Elan Sarai.,4440000
76775805,4BR Villa for Sale in Sheikh Zayed City,https://www.propertyfinder.eg/to/8QWQRWKG89358T0VVW32ZZ42ER/en,https://static.shared.propertyfinder.eg/media/images/listing/8QWQRWKG89358T0VVW32ZZ42ER/68a7e77c-3914-42a4-ab08-f5c23977bb97/1312x894.jpg,See the details of this Villa for Sale in Solana.,22300000
76775770,2BR Chalet for Sale in Ras Al Hekma,https://www.propertyfinder.eg/to/E82NR9B6H5HPDHRTSQX6EGX790/en,https://static.shared.propertyfinder.eg/media/images/listing/E82NR9B6H5HPDHRTSQX6EGX790/e4c905e2-32be-4dbe-a103-3a136f437fa7/1312x894.jpg,See the details of this Chalet for Sale in Direction White.,12760000
76742243,4BR Villa for Sale in Ras Al Hekma,https://www.propertyfinder.eg/to/VE5NE6A5EAM3QGET5NYG4DNCQW/en,https://static.shared.propertyfinder.eg/media/images/listing/VE5NE6A5EAM3QGET5NYG4DNCQW/db6e932b-1751-4beb-b8ba-126dc64adbfb/1312x894.jpg,See the details of this Villa for Sale in Koun.,13947573
76722974,4BR Townhouse for Sale in New Cairo City,https://www.propertyfinder.eg/to/RS3R9ABSN4TPYNYGYSKVNPF6TC/en,https://static.shared.propertyfinder.eg/media/images/listing/RS3R9ABSN4TPYNYGYSKVNPF6TC/0b9d8ea7-b887-4c96-a0fc-f1adf575c9bb/1312x894.jpg,See the details of this Townhouse for Sale in El Patio Town.,30013414
76519441,Retail Space for Sale in New Cairo City,https://www.propertyfinder.eg/to/Q0C3ZSK8HN60YRPYWJJMKEKY38/en,https://static.shared.propertyfinder.eg/media/images/listing/Q0C3ZSK8HN60YRPYWJJMKEKY38/d138e853-e5e6-4696-a7a6-f2bddb416eef/1312x894.jpg,See the details of this Retail Space for Sale in The Waterway View.,102000000
76519019,6BR Villa for Sale in New Cairo City,https://www.propertyfinder.eg/to/CA06YV64ZXQMBHZ6PGPTXAHJPG/en,https://static.shared.propertyfinder.eg/media/images/listing/CA06YV64ZXQMBHZ6PGPTXAHJPG/808d523f-5d2e-4347-ab82-561c6dba222e/1312x894.jpg,See the details of this Villa for Sale in Swan Lake Residence.,55000000
76518516,5BR Twin House for Sale in Qesm Ad Dabaah,https://www.propertyfinder.eg/to/1EJW0HMVERM5CZF3AMXSCKA7XR/en,https://static.shared.propertyfinder.eg/media/images/listing/1EJW0HMVERM5CZF3AMXSCKA7XR/cfe50d28-4f26-4bd3-bba0-9bbf7c97d0e7/1312x894.jpg,See the details of this Twin House for Sale in Swan Lake North Coast.,29995000
76517887,3BR Apartment for Sale in New Cairo City,https://www.propertyfinder.eg/to/4WRD0S7MNM2BVF2SRXVDW2X6M4/en,https://static.shared.propertyfinder.eg/media/images/listing/4WRD0S7MNM2BVF2SRXVDW2X6M4/13afe538-ae0d-4253-bc74-1ee00287f174/1312x894.jpg,See the details of this Apartment for Sale in Zed East.,8000000
76517840,4BR Villa for Sale in New Capital City,https://www.propertyfinder.eg/to/C1PZ1M2NEHSZXCG02Q3XTHT75R/en,https://static.shared.propertyfinder.eg/media/images/listing/C1PZ1M2NEHSZXCG02Q3XTHT75R/21c516ee-26eb-4c3a-99fb-686a47868b6d/1312x894.jpg,See the details of this Villa for Sale in La Vista City.,33000000
76517784,3BR Apartment for Sale in 6 October City,https://www.propertyfinder.eg/to/WGXKZ1X54BSK6HPA99FXS30VC0/en,https://static.shared.propertyfinder.eg/media/images/listing/WGXKZ1X54BSK6HPA99FXS30VC0/b1f4ae24-6829-4841-a909-0208de20da34/1312x894.jpg,See the details of this Apartment for Sale in O West.,10200000
76517782,4BR Twin House for Sale in New Cairo City,https://www.propertyfinder.eg/to/CT5FHNXPKEZA7E3MRT889R266W/en,https://static.shared.propertyfinder.eg/media/images/listing/CT5FHNXPKEZA7E3MRT889R266W/09573630-d745-4bc3-8d32-3762de3c6d0c/1312x894.jpg,See the details of this Twin House for Sale in Cairo Festival City.,28000000
76517734,3BR iVilla for Sale in New Cairo City,https://www.propertyfinder.eg/to/JQZ75DN7YAJ76G8XC7P9PA7G5W/en,https://static.shared.propertyfinder.eg/media/images/listing/JQZ75DN7YAJ76G8XC7P9PA7G5W/793e4d22-797e-4c10-8009-3a587c2396b8/1312x894.jpg,See the details of this iVilla for Sale in Mountain View iCity.,13000000
76517294,3BR Apartment for Sale in New Cairo City,https://www.propertyfinder.eg/to/G57PAD0458YFSRFER8TDG7MN9G/en,https://static.shared.propertyfinder.eg/media/images/listing/G57PAD0458YFSRFER8TDG7MN9G/73d53cf6-cdfd-47a6-822d-6aeb72a97b4e/1312x894.jpg,See the details of this Apartment for Sale in City Gate.,15900000
76517229,3BR Twin House for Sale in New Cairo City,https://www.propertyfinder.eg/to/0FJ84BAAWGZ5V2E7BNH8KFNHRM/en,https://static.shared.propertyfinder.eg/media/images/listing/0FJ84BAAWGZ5V2E7BNH8KFNHRM/f946857b-5752-4cb7-a93f-f93da14e6968/1312x894.jpg,See the details of this Twin House for Sale in Mivida.,36000000
76517139,Office for Sale in New Cairo City,https://www.propertyfinder.eg/to/ZTHNK420GJAN1F65MR5HA7TSM8/en,https://static.shared.propertyfinder.eg/media/images/listing/ZTHNK420GJAN1F65MR5HA7TSM8/04454ed4-3a91-4fd8-8cc1-94e3e0af377e/1312x894.jpg,See the details of this Office for Sale in American University Housing District.,22400000
76517115,4BR Twin House for Sale in New Cairo City,https://www.propertyfinder.eg/to/4HYJS00D3HR5XJDB5GFQ0P3A20/en,https://static.shared.propertyfinder.eg/media/images/listing/4HYJS00D3HR5XJDB5GFQ0P3A20/9dfa92f0-2c40-49d0-9468-863e22ca6826/1312x894.jpg,See the details of this Twin House for Sale in Mivida.,35000000
76517011,3BR Twin House for Sale in New Cairo City,https://www.propertyfinder.eg/to/M33X4JNZZC1FSA8G3KPPVNVBCW/en,https://static.shared.propertyfinder.eg/media/images/listing/M33X4JNZZC1FSA8G3KPPVNVBCW/9f918ac0-ba01-4d4f-b5a4-66f8b97e5ac4/1312x894.jpg,See the details of this Twin House for Sale in Mivida.,44000000
76516806,4BR Villa for Sale in New Cairo City,https://www.propertyfinder.eg/to/CFGX0CJACRE80M2XK48S19NDD0/en,https://static.shared.propertyfinder.eg/media/images/listing/CFGX0CJACRE80M2XK48S19NDD0/8c4f2701-cf4d-439b-8677-51366a9e9c9e/1312x894.jpg,See the details of this Villa for Sale in Mivida.,57750000
76516724,3BR Villa for Sale in Hurghada,https://www.propertyfinder.eg/to/4XV5ZGK2JDDCA7RK5J8PQNXMWM/en,https://static.shared.propertyfinder.eg/media/images/listing/4XV5ZGK2JDDCA7RK5J8PQNXMWM/4287a5a8-0518-4b49-b454-f9ff444e4460/1312x894.jpg,See the details of this Villa for Sale in Mesca.,22700000
76516681,4BR Villa for Sale in Hurghada,https://www.propertyfinder.eg/to/1PX5EBEE4GPNGD5NDJVS114FDG/en,https://static.shared.propertyfinder.eg/media/images/listing/1PX5EBEE4GPNGD5NDJVS114FDG/e346289f-875b-41bf-b76c-44ea544cbd5d/1312x894.jpg,See the details of this Villa for Sale in Mangroovy Residence.,17200000
76516617,5BR Villa for Sale in New Cairo City,https://www.propertyfinder.eg/to/S4QX2H17BQ0EN1ER2GEQE745QG/en,https://static.shared.propertyfinder.eg/media/images/listing/S4QX2H17BQ0EN1ER2GEQE745QG/cc5c89d5-cf93-430d-9a38-89046f8b4afa/1312x894.jpg,See the details of this Villa for Sale in Mivida.,102000000
76516569,3BR Chalet for Sale in Ras Al Hekma,https://www.propertyfinder.eg/to/MHB2XHTAPG8A5AQXCAYA59PBSC/en,https://static.shared.propertyfinder.eg/media/images/listing/MHB2XHTAPG8A5AQXCAYA59PBSC/06f8fca7-6f6b-4fc3-849e-1c20010b86bf/1312x894.jpg,See the details of this Chalet for Sale in Cali Coast.,10270000
76516488,4BR Villa for Sale in New Cairo City,https://www.propertyfinder.eg/to/Z8JAT0A27HW9DV5G5WS6F6RQ14/en,https://static.shared.propertyfinder.eg/media/images/listing/Z8JAT0A27HW9DV5G5WS6F6RQ14/0f0c7146-6557-48bd-915f-6a1c44729d4f/1312x894.jpg,See the details of this Villa for Sale in Mivida.,52000000
76516305,2BR Chalet for Sale in Ras Al Hekma,https://www.propertyfinder.eg/to/8630AFHHAYYRDPS463JSJ7FM6R/en,https://static.shared.propertyfinder.eg/media/images/listing/8630AFHHAYYRDPS463JSJ7FM6R/23dbe202-949b-4f97-a209-3914e8598b28/1312x894.jpg,See the details of this Chalet for Sale in The Med.,12500000
76516297,2BR Chalet for Sale in Qesm Marsa Matrouh,https://www.propertyfinder.eg/to/1512D0RW0HV2MVX61ZZMQKF0E0/en,https://static.shared.propertyfinder.eg/media/images/listing/1512D0RW0HV2MVX61ZZMQKF0E0/1a1faea5-2182-4047-90c6-8b36a25faa7a/1312x894.jpg,See the details of this Chalet for Sale in Marsa Baghush.,12000000
76516006,3BR Twin House for Sale in New Cairo City,https://www.propertyfinder.eg/to/JH7Z5BSK3SAS1G1FPBQHQVTVB4/en,https://static.shared.propertyfinder.eg/media/images/listing/JH7Z5BSK3SAS1G1FPBQHQVTVB4/350fb8ea-42b4-49a8-b615-9a5017754539/1312x894.jpg,See the details of this Twin House for Sale in Mivida.,46500000
76515979,2BR Chalet for Sale in Ras Al Hekma,https://www.propertyfinder.eg/to/3R8H5DPCCFX0YQD7NE30S0RQS0/en,https://static.shared.propertyfinder.eg/media/images/listing/3R8H5DPCCFX0YQD7NE30S0RQS0/93c0d1b5-315e-4cc3-a419-a7b9ba18f322/1312x894.jpg,See the details of this Chalet for Sale in Koun.,7350000
76515723,4BR Villa for Sale in New Cairo City,https://www.propertyfinder.eg/to/0AN4DVTJ3R3J6RQJ7A30QYHGK4/en,https://static.shared.propertyfinder.eg/media/images/listing/0AN4DVTJ3R3J6RQJ7A30QYHGK4/e4b8977d-264c-4686-8bd6-a62d510630ae/1312x894.jpg,See the details of this Villa for Sale in Mivida.,71750000
76515502,2BR Chalet for Sale in Ras Al Hekma,https://www.propertyfinder.eg/to/T3VHADZCY332JZJ2AQPEFPV7T8/en,https://static.shared.propertyfinder.eg/media/images/listing/T3VHADZCY332JZJ2AQPEFPV7T8/bf794d64-d856-45a9-a0a3-7b9ae359caa5/1312x894.jpg,See the details of this Chalet for Sale in Modon Abu Dhabi.,20000000
76515405,2BR Chalet for Sale in Sidi Abdel Rahman,https://www.propertyfinder.eg/to/72CXEYZESRM79P7MXV4DE48YDG/en,https://static.shared.propertyfinder.eg/media/images/listing/72CXEYZESRM79P7MXV4DE48YDG/a258d79c-6f60-4d3c-bf80-7f0c3e7d374c/1312x894.jpg,See the details of this Chalet for Sale in Marassi.,18900000
76515239,2BR Chalet for Sale in Ras Al Hekma,https://www.propertyfinder.eg/to/N0JARB8QK31PQACW2ZYPT0JW3W/en,https://static.shared.propertyfinder.eg/media/images/listing/N0JARB8QK31PQACW2ZYPT0JW3W/bbf54ad4-09d2-416e-8455-18fc5b6f68dd/1312x894.jpg,See the details of this Chalet for Sale in Mar Bay.,12276000
76515178,2BR Apartment for Sale in New Cairo City,https://www.propertyfinder.eg/to/YA9S1BQNPRD73BK845JNPACFMM/en,https://static.shared.propertyfinder.eg/media/images/listing/YA9S1BQNPRD73BK845JNPACFMM/325d96e0-4af8-4adb-b911-510ae91796dd/1312x894.jpg,See the details of this Apartment for Sale in Mivida.,15200000
76514909,2BR Apartment for Sale in Sheikh Zayed City,https://www.propertyfinder.eg/to/5M8J9TTRE6MH1JWDGDY9Q8JXJC/en,https://static.shared.propertyfinder.eg/media/images/listing/5M8J9TTRE6MH1JWDGDY9Q8JXJC/b7e4a383-3cd3-4aed-b93e-92b50b431f91/1312x894.jpg,See the details of this Apartment for Sale in AlKarma Kay.,7624460
76514424,4BR Penthouse for Sale in New Cairo City,https://www.propertyfinder.eg/to/YGQSX5F86Q97EC29XRMGZ4GZ90/en,https://static.shared.propertyfinder.eg/media/images/listing/YGQSX5F86Q97EC29XRMGZ4GZ90/b977cd47-33a7-4cff-a2ae-4c0e92b050dc/1312x894.jpg,See the details of this Penthouse for Sale in The Icon Residence.,7600000
76514257,2BR Apartment for Sale in New Cairo City,https://www.propertyfinder.eg/to/DSB1A7S5MGMQACXXFWHHA1HQM8/en,https://static.shared.propertyfinder.eg/media/images/listing/DSB1A7S5MGMQACXXFWHHA1HQM8/ce85595c-f1c3-40ee-a8b7-1bf5327340d9/1312x894.jpg,See the details of this Apartment for Sale in The brooks.,2200000
76514133,4BR Villa for Sale in New Cairo City,https://www.propertyfinder.eg/to/4WMQCH96JAN8STVBVT28H0X8ZW/en,https://static.shared.propertyfinder.eg/media/images/listing/4WMQCH96JAN8STVBVT28H0X8ZW/a4829d54-edd5-4c08-97d1-32eab8692442/1312x894.jpg,See the details of this Villa for Sale in Mivida.,47000000
76514131,2BR Chalet for Sale in Al Alamein,https://www.propertyfinder.eg/to/188MD5XY3F8BTBS6KBB9FCAH64/en,https://static.shared.propertyfinder.eg/media/images/listing/188MD5XY3F8BTBS6KBB9FCAH64/b3f00076-48ca-43a9-9a3d-a1c515ff175b/1312x894.jpg,See the details of this Chalet for Sale in Marina 5.,6700000
76514114,3BR Apartment for Sale in New Cairo City,https://www.propertyfinder.eg/to/QJ6JB4HQ4GG0NGVGP7Z8Y2ZGS0/en,https://static.shared.propertyfinder.eg/media/images/listing/QJ6JB4HQ4GG0NGVGP7Z8Y2ZGS0/4b495d0c-c69f-498d-8aad-d8f37a4a266f/1312x894.jpg,See the details of this Apartment for Sale in El Patio Oro.,10000000
76514062,2BR Chalet for Sale in Sidi Abdel Rahman,https://www.propertyfinder.eg/to/0BNF3CCEZBK2G5N99CNY1W7CW4/en,https://static.shared.propertyfinder.eg/media/images/listing/0BNF3CCEZBK2G5N99CNY1W7CW4/4febcb13-561a-46f3-890b-60fc42f42744/1312x894.jpg,See the details of this Chalet for Sale in Zoya.,13431525
76513958,4BR Villa for Sale in New Cairo City,https://www.propertyfinder.eg/to/9R4ZSWN3QQJX86H5XPGJZ4XES0/en,https://static.shared.propertyfinder.eg/media/images/listing/9R4ZSWN3QQJX86H5XPGJZ4XES0/443a8d48-437d-49bc-ae49-6e8a97fa6e4a/1312x894.jpg,See the details of this Villa for Sale in Mivida.,50000000
76513926,3BR Chalet for Sale in Ras Al Hekma,https://www.propertyfinder.eg/to/W7GYHTR1CSSSWPKG4NG62EQVE0/en,https://static.shared.propertyfinder.eg/media/images/listing/W7GYHTR1CSSSWPKG4NG62EQVE0/0fe7eb65-0801-4c89-8072-8e2730027898/1312x894.jpg,See the details of this Chalet for Sale in Mountain View.,13500000
76513910,3BR Apartment for Sale in New Cairo City,https://www.propertyfinder.eg/to/6J12TB95DYRVQXXFN1N8MW6KQM/en,https://static.shared.propertyfinder.eg/media/images/listing/6J12TB95DYRVQXXFN1N8MW6KQM/d5497bf7-e35b-4be8-9f5e-68d569cc84b6/1312x894.jpg,See the details of this Apartment for Sale in El Patio Oro.,11000000
76513689,4BR Villa for Sale in Qesm Marsa Matrouh,https://www.propertyfinder.eg/to/B0S11KACHQG3TZZBAB6X8KNT8C/en,https://static.shared.propertyfinder.eg/media/images/listing/B0S11KACHQG3TZZBAB6X8KNT8C/d860302c-7735-489f-a4ed-98595d78f769/1312x894.jpg,See the details of this Villa for Sale in Almaza Bay.,53000000
76513679,2BR Chalet for Sale in Ras Al Hekma,https://www.propertyfinder.eg/to/YWTCB0WRMDYS6503VNGE54VQF0/en,https://static.shared.propertyfinder.eg/media/images/listing/YWTCB0WRMDYS6503VNGE54VQF0/e07c6df3-2b63-44e2-9369-af7f2e886c52/1312x894.jpg,See the details of this Chalet for Sale in Ramla.,16800000
76513674,3BR Apartment for Sale in New Cairo City,https://www.propertyfinder.eg/to/BFJSJF9DRH21QJ1YPGZN4VE52R/en,https://static.shared.propertyfinder.eg/media/images/listing/BFJSJF9DRH21QJ1YPGZN4VE52R/0b8c2c4b-2d95-4747-98ea-4c457a9b6e2a/1312x894.jpg,See the details of this Apartment for Sale in The brooks.,3750000
76513641,3BR Townhouse for Sale in New Heliopolis,https://www.propertyfinder.eg/to/3GPSDJ9KMYQV6SA7NZN3R29MQ0/en,https://static.shared.propertyfinder.eg/media/images/listing/3GPSDJ9KMYQV6SA7NZN3R29MQ0/5f568552-7206-49dc-a0bd-c04156c0e6a4/1312x894.jpg,See the details of this Townhouse for Sale in Talala.,9900000
76513441,3BR Apartment for Sale in New Cairo City,https://www.propertyfinder.eg/to/V4RJE3XYWMEQKC7DEH3ZCH5F6W/en,https://static.shared.propertyfinder.eg/media/images/listing/V4RJE3XYWMEQKC7DEH3ZCH5F6W/1195db46-7855-4155-ba2a-ec51c6cedab3/1312x894.jpg,See the details of this Apartment for Sale in District 5.,13620000
76513307,3BR Apartment for Sale in Shorouk City,https://www.propertyfinder.eg/to/9TQYRR5BJQQ0402HJBCSGFYT70/en,https://static.shared.propertyfinder.eg/media/images/listing/9TQYRR5BJQQ0402HJBCSGFYT70/27d4cbaa-05aa-4b9e-9893-85b2d02ae96b/1312x894.jpg,See the details of this Apartment for Sale in Patio Casa.,8000000
76513224,7BR Villa for Sale in New Cairo City,https://www.propertyfinder.eg/to/8VX7MSF1CY3X8CR5REFXNTVCT4/en,https://static.shared.propertyfinder.eg/media/images/listing/8VX7MSF1CY3X8CR5REFXNTVCT4/6df1966d-359a-4b49-b685-faea7ae7a528/1312x894.jpg,See the details of this Villa for Sale in Garden Residence.,35000000
76513169,3BR Apartment for Sale in New Cairo City,https://www.propertyfinder.eg/to/Q5GZPJMPTHYMD3BS6R2TYX3H24/en,https://static.shared.propertyfinder.eg/media/images/listing/Q5GZPJMPTHYMD3BS6R2TYX3H24/803ca615-c01b-4bdd-acfd-a1e472cf45d4/1312x894.jpg,See the details of this Apartment for Sale in The Icon Residence.,7345000
76513101,4BR Duplex for Sale in Mostakbal City - Future City,https://www.propertyfinder.eg/to/YXQJB144ZA8TE1EDD3S29269Z0/en,https://static.shared.propertyfinder.eg/media/images/listing/YXQJB144ZA8TE1EDD3S29269Z0/8a7c7238-72c8-4988-a855-549bd9ff8036/1312x894.jpg,See the details of this Duplex for Sale in HAP Town.,14500000
76513059,3BR iVilla for Sale in New Cairo City,https://www.propertyfinder.eg/to/C6X3NEVXPJZ46KBBB81WZ9QQBC/en,https://static.shared.propertyfinder.eg/media/images/listing/C6X3NEVXPJZ46KBBB81WZ9QQBC/18eabeb3-5e8e-4cb8-b7cc-d3b66f5c048a/1312x894.jpg,See the details of this iVilla for Sale in Mountain View Hyde Park.,15000000
76513053,2BR Chalet for Sale in Sidi Abdel Rahman,https://www.propertyfinder.eg/to/F4TZSVQMFAEYX19AZ9M8BHJBEG/en,https://static.shared.propertyfinder.eg/media/images/listing/F4TZSVQMFAEYX19AZ9M8BHJBEG/2a2d25db-8d41-491f-871f-db5598ba1354/1312x894.jpg,See the details of this Chalet for Sale in Marassi.,18900000
76513000,3BR Apartment for Sale in New Cairo City,https://www.propertyfinder.eg/to/PXVEBSBDG36R0C7K6S78YYNNP0/en,https://static.shared.propertyfinder.eg/media/images/listing/PXVEBSBDG36R0C7K6S78YYNNP0/5b1e02bc-2b1d-4dc2-9db2-dbd42d058ce9/1312x894.jpg,See the details of this Apartment for Sale in Villette.,21000000
76512870,1BR Chalet for Sale in Sidi Abdel Rahman,https://www.propertyfinder.eg/to/61BZRWZP8RWYNSVYXY7VFYVXMR/en,https://static.shared.propertyfinder.eg/media/images/listing/61BZRWZP8RWYNSVYXY7VFYVXMR/dc417868-2358-4e8f-9775-eeadb02bfdbb/1312x894.jpg,See the details of this Chalet for Sale in Marassi.,11385000
76512846,3BR Twin House for Sale in New Cairo City,https://www.propertyfinder.eg/to/0H8AC10S2F3MF4ACC7WJKHGDNM/en,https://static.shared.propertyfinder.eg/media/images/listing/0H8AC10S2F3MF4ACC7WJKHGDNM/a5b4548c-d3f0-462c-941d-12bc2c89876d/1312x894.jpg,See the details of this Twin House for Sale in Swan Lake Residence.,45000000
76512703,2BR Chalet for Sale in Sidi Abdel Rahman,https://www.propertyfinder.eg/to/X1SKM0R78GSEW3FDGFP3NFY8BG/en,https://static.shared.propertyfinder.eg/media/images/listing/X1SKM0R78GSEW3FDGFP3NFY8BG/ce5f8a0c-1b82-45e1-b37b-0ed929d47c89/1312x894.jpg,See the details of this Chalet for Sale in Q North.,5000000
76512676,3BR Villa for Sale in Mokattam,https://www.propertyfinder.eg/to/6YZS1T8WY01QBEE0A4D4R3870C/en,https://static.shared.propertyfinder.eg/media/images/listing/6YZS1T8WY01QBEE0A4D4R3870C/6528d9b9-baec-49c0-9591-bd581e7bdd7b/1312x894.jpg,See the details of this Villa for Sale in Levana.,45030000
76512640,Studio Apartment for Sale in Mostakbal City - Future City,https://www.propertyfinder.eg/to/T1Y7E1N45M27MXG8PB9EN1MYXG/en,https://static.shared.propertyfinder.eg/media/images/listing/T1Y7E1N45M27MXG8PB9EN1MYXG/57d54638-93b3-49fe-834f-e12e26babb69/1312x894.jpg,See the details of this Apartment for Sale in Esse Residence.,3100000
76512587,3BR Apartment for Sale in Mostakbal City - Future City,https://www.propertyfinder.eg/to/7YYM5WJBNX9WVXJRR6AZXTEVQG/en,https://static.shared.propertyfinder.eg/media/images/listing/7YYM5WJBNX9WVXJRR6AZXTEVQG/7ca07d24-f6b4-4bad-b06b-9c24218367de/1312x894.jpg,See the details of this Apartment for Sale in Elm Tree Park.,9000000
76512155,3BR Apartment for Sale in 6 October City,https://www.propertyfinder.eg/to/EP4H9Q1ZKY768JXB6VX339K2D8/en,https://static.shared.propertyfinder.eg/media/images/listing/EP4H9Q1ZKY768JXB6VX339K2D8/1b0c796e-c67d-42c2-9d92-e40956d7e285/1312x894.jpg,See the details of this Apartment for Sale in Pyramids Heights.,5500000
76512129,5BR Twin House for Sale in New Cairo City,https://www.propertyfinder.eg/to/T8GDKW1ESTTM9BX867NYY99XDR/en,https://static.shared.propertyfinder.eg/media/images/listing/T8GDKW1ESTTM9BX867NYY99XDR/55f8d7c6-d94a-4a49-9f6f-1710dbf0caef/1312x894.jpg,See the details of this Twin House for Sale in City Gate.,14000000
76512088,2BR Chalet for Sale in Sidi Abdel Rahman,https://www.propertyfinder.eg/to/1JDAHNCQ838ZM4P7CR6EQB7E3C/en,https://static.shared.propertyfinder.eg/media/images/listing/1JDAHNCQ838ZM4P7CR6EQB7E3C/54cd7acd-900a-4ed7-8f09-27a43726d308/1312x894.jpg,See the details of this Chalet for Sale in Q North.,8600000
76512057,3BR Villa for Sale in Hurghada,https://www.propertyfinder.eg/to/6VG4F84GDZW7FB849SA9V403AM/en,https://static.shared.propertyfinder.eg/media/images/listing/6VG4F84GDZW7FB849SA9V403AM/2a723e13-980f-44a5-9b0e-f7dabb3eac10/1312x894.jpg,See the details of this Villa for Sale in Mesca.,18000000
76511983,3BR Chalet for Sale in Ras Al Hekma,https://www.propertyfinder.eg/to/R5AMZTE4CS8WWHC35RRW9ZM870/en,https://static.shared.propertyfinder.eg/media/images/listing/R5AMZTE4CS8WWHC35RRW9ZM870/6cbcee8c-b9d6-4746-8299-1509c9c432aa/1312x894.jpg,See the details of this Chalet for Sale in Koun.,3250000
76511845,4BR Villa for Sale in 6 October City,https://www.propertyfinder.eg/to/RPNMBEKS5EFPDF0XBVAGRVFG9W/en,https://static.shared.propertyfinder.eg/media/images/listing/RPNMBEKS5EFPDF0XBVAGRVFG9W/c6b0f2c1-5d82-4277-8d2e-8e784b4ffe6f/1312x894.jpg,See the details of this Villa for Sale in O West.,50000000
76511822,3BR Villa for Sale in Ras Al Hekma,https://www.propertyfinder.eg/to/8XRS09J5BWHAX9ZVR74G44FY4R/en,https://static.shared.propertyfinder.eg/media/images/listing/8XRS09J5BWHAX9ZVR74G44FY4R/3144aff1-b964-46f1-a991-d7567dc4a14b/1312x894.jpg,See the details of this Villa for Sale in The Med.,1250000
76511749,2BR Chalet for Sale in Ras Al Hekma,https://www.propertyfinder.eg/to/AS5GKFG3F2V1CYG1HGN0FR7928/en,https://static.shared.propertyfinder.eg/media/images/listing/AS5GKFG3F2V1CYG1HGN0FR7928/233cb7fe-b4c4-4634-9d1e-21de6ffe341a/1312x894.jpg,See the details of this Chalet for Sale in Modon Abu Dhabi.,16000000
76511243,3BR Townhouse for Sale in 6 October City,https://www.propertyfinder.eg/to/3ASMPWFSSRCZGZ17BB5RYMD8AW/en,https://static.shared.propertyfinder.eg/media/images/listing/3ASMPWFSSRCZGZ17BB5RYMD8AW/b415b934-b7d7-403c-ad80-4e517fc136be/1312x894.jpg,See the details of this Townhouse for Sale in O West.,23750000
76511096,3BR Chalet for Sale in Al Ain Al Sokhna,https://www.propertyfinder.eg/to/K3E941M352KQ2RC6E2CG3YWNQW/en,https://static.shared.propertyfinder.eg/media/images/listing/K3E941M352KQ2RC6E2CG3YWNQW/fbda9f7e-6161-4138-a46a-c7ad528cf2ef/1312x894.jpg,See the details of this Chalet for Sale in Telal Al Sokhna.,7500000
76511063,3BR Chalet for Sale in Ras Al Hekma,https://www.propertyfinder.eg/to/XJQRA5WAP5EMHQ8H2TJVE8MDNG/en,https://static.shared.propertyfinder.eg/media/images/listing/XJQRA5WAP5EMHQ8H2TJVE8MDNG/e498fac2-9697-4b4e-8438-ccfa3a0cc6fd/1312x894.jpg,See the details of this Chalet for Sale in June.,16186665
76511052,2BR Apartment for Sale in New Heliopolis,https://www.propertyfinder.eg/to/ZGYW1XJC8G1TTK8T7BE616BCFM/en,https://static.shared.propertyfinder.eg/media/images/listing/ZGYW1XJC8G1TTK8T7BE616BCFM/0aafdf9b-2152-4b66-8fe9-6cf1fe6cd8a0/1312x894.jpg,See the details of this Apartment for Sale in Sodic East.,8656200
76511006,Studio Chalet for Sale in Al Alamein,https://www.propertyfinder.eg/to/B5S8KF7Z55G0FHQXMM0MXPEFNC/en,https://static.shared.propertyfinder.eg/media/images/listing/B5S8KF7Z55G0FHQXMM0MXPEFNC/bc22da21-cb2a-4f50-ae0c-1722f199145b/1312x894.jpg,See the details of this Chalet for Sale in Marina 5.,10500000
76510994,4BR Townhouse for Sale in Mostakbal City - Future City,https://www.propertyfinder.eg/to/N4QYK661ZSZNKBP2XWW1DRKK5W/en,https://static.shared.propertyfinder.eg/media/images/listing/N4QYK661ZSZNKBP2XWW1DRKK5W/f6eb1948-73e8-4655-b4ba-3bf1e38a14df/1312x894.jpg,See the details of this Townhouse for Sale in The Butterfly.,10893000
76510828,3BR Apartment for Sale in New Heliopolis,https://www.propertyfinder.eg/to/0VCPABFC3XTBBJQ2HT3X2G04ZG/en,https://static.shared.propertyfinder.eg/media/images/listing/0VCPABFC3XTBBJQ2HT3X2G04ZG/b7a56f5c-b54d-4bbe-a546-9ce706714ca1/1312x894.jpg,See the details of this Apartment for Sale in Sodic East.,10423000
76510823,5BR Villa for Sale in Sidi Abdel Rahman,https://www.propertyfinder.eg/to/W5DCHQ28GVY536Q2MTC1REPSP4/en,https://static.shared.propertyfinder.eg/media/images/listing/W5DCHQ28GVY536Q2MTC1REPSP4/7f59e2e0-d9dd-4bec-8f89-e348e7acfb92/1312x894.jpg,See the details of this Villa for Sale in Seashell.,54000000
76510807,3BR Apartment for Sale in New Cairo City,https://www.propertyfinder.eg/to/R94BECTPB1P9BNHXXQ6M46DBSG/en,https://static.shared.propertyfinder.eg/media/images/listing/R94BECTPB1P9BNHXXQ6M46DBSG/cab1bf37-befb-4414-9460-3b88e2acc6a1/1312x894.jpg,See the details of this Apartment for Sale in Lake View Residence.,18500000
76510767,2BR Chalet for Sale in Qesm Marsa Matrouh,https://www.propertyfinder.eg/to/F4F5RDK97V854271X0MAQKD8PM/en,https://static.shared.propertyfinder.eg/media/images/listing/F4F5RDK97V854271X0MAQKD8PM/d6aaf267-cd0f-4a1c-9ae8-467a35622ed6/1312x894.jpg,See the details of this Chalet for Sale in Almaza Bay.,15000000
76510715,2BR Chalet for Sale in Ras Al Hekma,https://www.propertyfinder.eg/to/7BKHJM03NQNYXRPWJW5S7A9400/en,https://static.shared.propertyfinder.eg/media/images/listing/7BKHJM03NQNYXRPWJW5S7A9400/4c12cc53-21f0-4432-af94-0173c326b85d/1312x894.jpg,See the details of this Chalet for Sale in Modon Abu Dhabi.,18000000
76510714,2BR Chalet for Sale in Ras Al Hekma,https://www.propertyfinder.eg/to/ENNKCDXE7JZDAXC7KJYWKRGB64/en,https://static.shared.propertyfinder.eg/media/images/listing/ENNKCDXE7JZDAXC7KJYWKRGB64/20b511d0-e4ce-4702-95c3-3a8e396be78f/1312x894.jpg,See the details of this Chalet for Sale in Ceaser.,15000000
76510702,2BR Chalet for Sale in Ras Al Hekma,https://www.propertyfinder.eg/to/VRPESWE5AAVM04RZ4GGBF404DR/en,https://static.shared.propertyfinder.eg/media/images/listing/VRPESWE5AAVM04RZ4GGBF404DR/acc41cc4-3c7e-4507-a689-f5ff09414364/1312x894.jpg,See the details of this Chalet for Sale in Ceaser.,13000000
76510696,2BR Chalet for Sale in Ras Al Hekma,https://www.propertyfinder.eg/to/QRK6YA5CTAPVA7HWHF4N7H24NW/en,https://static.shared.propertyfinder.eg/media/images/listing/QRK6YA5CTAPVA7HWHF4N7H24NW/55f945ca-d125-4cdc-8d2d-9a9bf2847f53/1312x894.jpg,See the details of this Chalet for Sale in Modon Abu Dhabi.,23000000
76510683,2BR Chalet for Sale in Qesm Marsa Matrouh,https://www.propertyfinder.eg/to/ETP5R80Z6E5X8TY4F67NW06FDW/en,https://static.shared.propertyfinder.eg/media/images/listing/ETP5R80Z6E5X8TY4F67NW06FDW/41456744-5162-4135-955f-e5cffadb0bea/1312x894.jpg,See the details of this Chalet for Sale in Almaza Bay.,13000000
76510635,2BR Apartment for Sale in New Cairo City,https://www.propertyfinder.eg/to/EJRHCMZ3TSDJZB4CZTH62A4SRM/en,https://static.shared.propertyfinder.eg/media/images/listing/EJRHCMZ3TSDJZB4CZTH62A4SRM/bea77ff4-cae6-4452-ac60-be4124c5b7ff/1312x894.jpg,See the details of this Apartment for Sale in Palm Hills New Cairo.,9086000
76510603,3BR Apartment for Sale in New Cairo City,https://www.propertyfinder.eg/to/RWWRD6V97KA76BAKKGQ67E25M8/en,https://static.shared.propertyfinder.eg/media/images/listing/RWWRD6V97KA76BAKKGQ67E25M8/91e6adb4-f88f-4746-9e3a-892bf46b8b2c/1312x894.jpg,See the details of this Apartment for Sale in Palm Hills New Cairo.,13260000
76510546,3BR Apartment for Sale in New Cairo City,https://www.propertyfinder.eg/to/FTATXF7SB6E92078KKBAXGG828/en,https://static.shared.propertyfinder.eg/media/images/listing/FTATXF7SB6E92078KKBAXGG828/e66a88c2-1e26-40bd-ae35-16f5cc6a13ab/1312x894.jpg,See the details of this Apartment for Sale in Villette.,18500000
76510537,Studio Chalet for Sale in Al Alamein,https://www.propertyfinder.eg/to/3AHARCSFJ0HHK2DCTTFWSB1098/en,https://static.shared.propertyfinder.eg/media/images/listing/3AHARCSFJ0HHK2DCTTFWSB1098/2e08f42a-11fe-4093-a441-5ca590fd382e/1312x894.jpg,See the details of this Chalet for Sale in Marina 5.,10000000
76510484,Whole Building for Sale in 6 October City,https://www.propertyfinder.eg/to/Z0EPTC8WW0M2064Z8DMT7G9S8C/en,https://static.shared.propertyfinder.eg/media/images/listing/Z0EPTC8WW0M2064Z8DMT7G9S8C/d7744c9e-6048-4e94-9445-c76818149528/1312x894.jpg,See the details of this Whole Building for Sale in West Mark.,155000000
76510478,4BR Villa for Sale in New Cairo City,https://www.propertyfinder.eg/to/66KG01GWADC3XXEEW8TH1NGSYW/en,https://static.shared.propertyfinder.eg/media/images/listing/66KG01GWADC3XXEEW8TH1NGSYW/f6c18b3d-8a12-4911-9086-2a33e5247590/1312x894.jpg,See the details of this Villa for Sale in City Gate.,36000000
76510447,4BR Villa for Sale in New Cairo City,https://www.propertyfinder.eg/to/E9RDB4JVJ7QQFRV86R6XTQ720R/en,https://static.shared.propertyfinder.eg/media/images/listing/E9RDB4JVJ7QQFRV86R6XTQ720R/4cac926a-3d84-4b85-a7d8-6e9a162f8b98/1312x894.jpg,See the details of this Villa for Sale in City Gate.,32000000
76510416,3BR Penthouse for Sale in New Cairo City,https://www.propertyfinder.eg/to/ETD17FG7MT1PMCPJH6TZNK1FBR/en,https://static.shared.propertyfinder.eg/media/images/listing/ETD17FG7MT1PMCPJH6TZNK1FBR/6d0a9cb1-e61d-49b7-83dc-e45042a0ca29/1312x894.jpg,See the details of this Penthouse for Sale in Villette.,23000000
76510415,3BR Penthouse for Sale in New Cairo City,https://www.propertyfinder.eg/to/75BVBRN4J0XCDB66Z13JPGWJTW/en,https://static.shared.propertyfinder.eg/media/images/listing/75BVBRN4J0XCDB66Z13JPGWJTW/427ab021-045d-4507-aabf-2e36c01e2e62/1312x894.jpg,See the details of this Penthouse for Sale in Villette.,17500000
76510340,6BR Villa for Sale in Sidi Abdel Rahman,https://www.propertyfinder.eg/to/RK3AW5HQWGPNW02FR7W5F3H56C/en,https://static.shared.propertyfinder.eg/media/images/listing/RK3AW5HQWGPNW02FR7W5F3H56C/19f40ed5-ac3a-4de5-9eab-c8c2079ceb65/1312x894.jpg,See the details of this Villa for Sale in Marassi.,70000000
76510314,3BR Townhouse for Sale in New Heliopolis,https://www.propertyfinder.eg/to/ZT72QJZAWMBHPHNRJN5ZPSKQ5M/en,https://static.shared.propertyfinder.eg/media/images/listing/ZT72QJZAWMBHPHNRJN5ZPSKQ5M/334930cd-711c-41bb-914a-a992d474b0c1/1312x894.jpg,See the details of this Townhouse for Sale in Sodic East.,30300000
76510306,5BR Twin House for Sale in Sidi Abdel Rahman,https://www.propertyfinder.eg/to/ZQ4Q381N1G7YK7K6FEB8WH2Y0M/en,https://static.shared.propertyfinder.eg/media/images/listing/ZQ4Q381N1G7YK7K6FEB8WH2Y0M/2f939eca-afee-438c-a615-37ee115425fd/1312x894.jpg,See the details of this Twin House for Sale in Marassi.,40000000
76510212,4BR Villa for Sale in Sidi Abdel Rahman,https://www.propertyfinder.eg/to/VVNDVQ2VR36J8ECQ5Z7EGYEDV4/en,https://static.shared.propertyfinder.eg/media/images/listing/VVNDVQ2VR36J8ECQ5Z7EGYEDV4/a7c835e4-543d-48ac-a78e-636e3e49ff9f/1312x894.jpg,See the details of this Villa for Sale in Playa Resort.,15730000
76510210,4BR Villa for Sale in New Heliopolis,https://www.propertyfinder.eg/to/7G33C77MGC9TWFYK8S6J2XG4G8/en,https://static.shared.propertyfinder.eg/media/images/listing/7G33C77MGC9TWFYK8S6J2XG4G8/1e63b149-144f-4731-8f92-daa2ac576470/1312x894.jpg,See the details of this Villa for Sale in Talala.,10000000
76510206,3BR Chalet for Sale in Ras Al Hekma,https://www.propertyfinder.eg/to/B20GBYE2ZBQ4QNJW3SCG1JKT18/en,https://static.shared.propertyfinder.eg/media/images/listing/B20GBYE2ZBQ4QNJW3SCG1JKT18/7ca71f2d-a971-446b-b69e-b3def6b32c18/1312x894.jpg,See the details of this Chalet for Sale in Modon Abu Dhabi.,21000000
76510166,5BR Twin House for Sale in Ras Al Hekma,https://www.propertyfinder.eg/to/2W3PF45D96XDXBMY7PETK2M6H0/en,https://static.shared.propertyfinder.eg/media/images/listing/2W3PF45D96XDXBMY7PETK2M6H0/fab73e75-764b-462b-aa42-a4ceeae856dc/1312x894.jpg,See the details of this Twin House for Sale in Ramla.,42634811
76510157,5BR Villa for Sale in Mostakbal City - Future City,https://www.propertyfinder.eg/to/CVK5C3TCETVZEHF0NATATXH03W/en,https://static.shared.propertyfinder.eg/media/images/listing/CVK5C3TCETVZEHF0NATATXH03W/f27879e9-d970-4fb9-8d3a-3efade9fa45a/1312x894.jpg,See the details of this Villa for Sale in Elan Sarai.,11000000
76510155,3BR Villa for Sale in New Cairo City,https://www.propertyfinder.eg/to/FJGA9ZFZQ6EJTR1NQ6KBHNPNQ4/en,https://static.shared.propertyfinder.eg/media/images/listing/FJGA9ZFZQ6EJTR1NQ6KBHNPNQ4/8a09dcf5-1bf3-4938-9ef9-a20b5c6a9d86/1312x894.jpg,See the details of this Villa for Sale in Mountain View iCity.,10250000
76510154,Office for Sale in New Cairo City,https://www.propertyfinder.eg/to/RQ56M8K32ZZ38KPSZQPYY14KJ8/en,https://static.shared.propertyfinder.eg/media/images/listing/RQ56M8K32ZZ38KPSZQPYY14KJ8/8e9d1ac4-fd56-41fa-8ec3-9c5d7a2ea9b0/1312x894.jpg,See the details of this Office for Sale in Golden Gate.,10000000
76510124,2BR Chalet for Sale in Al Ain Al Sokhna,https://www.propertyfinder.eg/to/TN37BNVG1PTH78ABEQTZ90S788/en,https://static.shared.propertyfinder.eg/media/images/listing/TN37BNVG1PTH78ABEQTZ90S788/c76c4eab-9df5-4991-9e63-7ef2913f771f/1312x894.jpg,See the details of this Chalet for Sale in Aroma Residence.,6200000
76510094,4BR Apartment for Sale in Sheikh Zayed City,https://www.propertyfinder.eg/to/Q39ZSJQNCJH4QVMBBFXYE4FJJW/en,https://static.shared.propertyfinder.eg/media/images/listing/Q39ZSJQNCJH4QVMBBFXYE4FJJW/029db608-b49f-4b56-b876-951f4600f896/1312x894.jpg,See the details of this Apartment for Sale in Park Side Residence.,6000000
76509689,4BR Villa for Sale in New Cairo City,https://www.propertyfinder.eg/to/PB1XHVMW3H58KQ2787EMRA98WC/en,https://static.shared.propertyfinder.eg/media/images/listing/PB1XHVMW3H58KQ2787EMRA98WC/c5991e9e-ea62-456f-90d5-dda3035916fe/1312x894.jpg,See the details of this Villa for Sale in Mivida.,53000000
76509541,2BR Apartment for Sale in New Cairo City,https://www.propertyfinder.eg/to/X8NF92YBGEWNRH711M2WQYWSMC/en,https://static.shared.propertyfinder.eg/media/images/listing/X8NF92YBGEWNRH711M2WQYWSMC/7dd8cb2e-16f8-4f57-98b2-46a6cade565c/1312x894.jpg,See the details of this Apartment for Sale in Palm Hills New Cairo.,7500000
76509412,3BR Duplex for Sale in 6 October City,https://www.propertyfinder.eg/to/W87QK6G6AQJK5M0XXN5HHS64ZC/en,https://static.shared.propertyfinder.eg/media/images/listing/W87QK6G6AQJK5M0XXN5HHS64ZC/d46c0802-4e4e-4712-a62e-13530bd4c097/1312x894.jpg,See the details of this Duplex for Sale in New Giza.,27000000
76508969,2BR Chalet for Sale in Al Alamein,https://www.propertyfinder.eg/to/EW7JDNM46T2J797BR4WZMXYQ20/en,https://static.shared.propertyfinder.eg/media/images/listing/EW7JDNM46T2J797BR4WZMXYQ20/aef08fbf-0c62-41c6-b71a-cdb3273058a2/1312x894.jpg,See the details of this Chalet for Sale in Marina 5.,1282000
76508777,2BR Apartment for Sale in New Cairo City,https://www.propertyfinder.eg/to/58XPQ8GM4X9P5Y4HVXCPJ2KP6W/en,https://static.shared.propertyfinder.eg/media/images/listing/58XPQ8GM4X9P5Y4HVXCPJ2KP6W/b2813218-86ba-4ebe-8468-035135a3897d/1312x894.jpg,See the details of this Apartment for Sale in Galleria Moon Valley.,8300000
76508658,4BR Villa for Sale in 6 October City,https://www.propertyfinder.eg/to/BCME0A2J4RJSS9XWT6ARMC4PZR/en,https://static.shared.propertyfinder.eg/media/images/listing/BCME0A2J4RJSS9XWT6ARMC4PZR/e9475fe4-b42a-4d72-ba1e-cd218654af2a/1312x894.jpg,See the details of this Villa for Sale in Keeva.,4000000
76508637,4BR Penthouse for Sale in New Cairo City,https://www.propertyfinder.eg/to/95Z31CFZ10EGBN2N73YFEJA630/en,https://static.shared.propertyfinder.eg/media/images/listing/95Z31CFZ10EGBN2N73YFEJA630/f6cd8db6-ae41-4709-9936-e507578f23de/1312x894.jpg,See the details of this Penthouse for Sale in City Gate.,21231650
76508494,2BR Chalet for Sale in Ras Al Hekma,https://www.propertyfinder.eg/to/13V41Z5ABKYEF0ZMQ87KRETFP0/en,https://static.shared.propertyfinder.eg/media/images/listing/13V41Z5ABKYEF0ZMQ87KRETFP0/6524ded1-2f08-43cb-87fd-bea2dd59a035/1312x894.jpg,See the details of this Chalet for Sale in Mar Bay.,11000000
76508416,4BR Villa for Sale in 6 October City,https://www.propertyfinder.eg/to/DZKVDSGRRFSVSQE4FH6JGCR0F8/en,https://static.shared.propertyfinder.eg/media/images/listing/DZKVDSGRRFSVSQE4FH6JGCR0F8/28b10027-67d7-4b01-b8ef-4b59c6dcad3c/1312x894.jpg,See the details of this Villa for Sale in Swan Lake West.,6626000
76508318,4BR Twin House for Sale in Sheikh Zayed City,https://www.propertyfinder.eg/to/3AJRYV9P4Y13T3GAB77VJZNS4G/en,https://static.shared.propertyfinder.eg/media/images/listing/3AJRYV9P4Y13T3GAB77VJZNS4G/4654078b-31cf-43e1-83e1-ff1812409f6c/1312x894.jpg,See the details of this Twin House for Sale in Etapa.,8165000
76508236,3BR Chalet for Sale in Sidi Abdel Rahman,https://www.propertyfinder.eg/to/822ZMJRZWNR8HA0MFY8Q391NPC/en,https://static.shared.propertyfinder.eg/media/images/listing/822ZMJRZWNR8HA0MFY8Q391NPC/5032f590-edc4-46c5-a347-3f2468fa3906/1312x894.jpg,See the details of this Chalet for Sale in Marassi.,67000000
76508142,Office for Sale in Sheikh Zayed City,https://www.propertyfinder.eg/to/2H3F73B6MWFKD4612VM1ZQ9K58/en,https://static.shared.propertyfinder.eg/media/images/listing/2H3F73B6MWFKD4612VM1ZQ9K58/c1b600db-a2b1-411b-9105-7d5df77a86ef/1312x894.jpg,See the details of this Office for Sale in Arkan Palm 205.,78350000
76507787,3BR Apartment for Sale in New Cairo City,https://www.propertyfinder.eg/to/4XJ4DM6JY1BRHWC00HHF55P20R/en,https://static.shared.propertyfinder.eg/media/images/listing/4XJ4DM6JY1BRHWC00HHF55P20R/d532f3b9-9deb-4874-a7c8-c2802a2e2f1a/1312x894.jpg,See the details of this Apartment for Sale in Stone Residence.,6300000
76507759,4BR Villa for Sale in New Cairo City,https://www.propertyfinder.eg/to/XYXNS75G1KWHHTXW1PPVBE4SCC/en,https://static.shared.propertyfinder.eg/media/images/listing/XYXNS75G1KWHHTXW1PPVBE4SCC/2022e1da-30ea-48c5-b4c6-b8d9a8e8dcfb/1312x894.jpg,See the details of this Villa for Sale in City Gate.,35000000
76507684,3BR iVilla for Sale in 6 October City,https://www.propertyfinder.eg/to/NMPESQP36VDZ29KNWR40VE5DBC/en,https://static.shared.propertyfinder.eg/media/images/listing/NMPESQP36VDZ29KNWR40VE5DBC/d211b9c5-8567-4697-8380-baf065c15a58/1312x894.jpg,See the details of this iVilla for Sale in Mountain View iCity October.,13412000
76507596,4BR Villa for Sale in New Cairo City,https://www.propertyfinder.eg/to/Q7HYP697HG6E832TJFM36XEC4R/en,https://static.shared.propertyfinder.eg/media/images/listing/Q7HYP697HG6E832TJFM36XEC4R/026b077a-dd30-4694-b5a8-5a8b0fc7c7c3/1312x894.jpg,See the details of this Villa for Sale in City Gate.,35000000
76507438,5BR Villa for Sale in Sheikh Zayed City,https://www.propertyfinder.eg/to/X3EYQ90RV2XJ90ZJNP6BMCZMR8/en,https://static.shared.propertyfinder.eg/media/images/listing/X3EYQ90RV2XJ90ZJNP6BMCZMR8/b867f7c9-8545-4931-8cd7-42e3898f0c96/1312x894.jpg,See the details of this Villa for Sale in Patio Al Zahraa.,9000000
76507405,4BR Villa for Sale in Hay Sharq,https://www.propertyfinder.eg/to/T01AX2DPW7SKCYZYW6TV0MAXK0/en,https://static.shared.propertyfinder.eg/media/images/listing/T01AX2DPW7SKCYZYW6TV0MAXK0/757d03bd-0dac-4448-a864-3ab35ed8d9f1/1312x894.jpg,See the details of this Villa for Sale in Sky line.,14000000
76507140,3BR Apartment for Sale in New Cairo City,https://www.propertyfinder.eg/to/7JPETR9GQXMPVJ4QAKQN3AA7WW/en,https://static.shared.propertyfinder.eg/media/images/listing/7JPETR9GQXMPVJ4QAKQN3AA7WW/14400ccf-9a80-4db7-b7f2-1e1a31f0cc5e/1312x894.jpg,See the details of this Apartment for Sale in Nagib Al Rehani St..,11700000
76506846,3BR Apartment for Sale in Mostakbal City - Future City,https://www.propertyfinder.eg/to/93Q3J8Q0EPA3X3W7W3D2G05710/en,https://static.shared.propertyfinder.eg/media/images/listing/93Q3J8Q0EPA3X3W7W3D2G05710/aeca483b-0377-47f4-a69e-e07e690f0980/1312x894.jpg,See the details of this Apartment for Sale in The Butterfly.,3870000
76506784,2BR Apartment for Sale in New Cairo City,https://www.propertyfinder.eg/to/4YGGGWV91G1DD068HA245FV0RW/en,https://static.shared.propertyfinder.eg/media/images/listing/4YGGGWV91G1DD068HA245FV0RW/1ff0324d-97ec-491e-a7a7-ceceac879635/1312x894.jpg,See the details of this Apartment for Sale in Stone Residence.,7250000
76506547,2BR Chalet for Sale in Sidi Abdel Rahman,https://www.propertyfinder.eg/to/JJ2YJJQ7H1MRKPBY0FD2GBMMER/en,https://static.shared.propertyfinder.eg/media/images/listing/JJ2YJJQ7H1MRKPBY0FD2GBMMER/f723d5da-fa7e-453d-8231-3b4228c6a5ba/1312x894.jpg,See the details of this Chalet for Sale in Agora.,1970000
76506530,5BR Apartment for Sale in Heliopolis - Masr El Gedida,https://www.propertyfinder.eg/to/N8HZMNY8C2P169WK2AQ9CQNWH0/en,https://static.shared.propertyfinder.eg/media/images/listing/N8HZMNY8C2P169WK2AQ9CQNWH0/cf1c8e0d-84fd-440c-86d3-4d6187e25f61/1312x894.jpg,See the details of this Apartment for Sale in Al Orouba St..,11750000
76506495,1BR Apartment for Sale in New Cairo City,https://www.propertyfinder.eg/to/DQWXYAZC1EHG98E071Y158H8Q0/en,https://static.shared.propertyfinder.eg/media/images/listing/DQWXYAZC1EHG98E071Y158H8Q0/ca6c1e4b-fc63-45f4-bcd8-4ea745a814a9/1312x894.jpg,See the details of this Apartment for Sale in Om Kalthoum St..,4300000
76506287,4BR Apartment for Sale in Madinaty,https://www.propertyfinder.eg/to/CDQS650N2F9VQ7WYFN1VS5S8S4/en,https://static.shared.propertyfinder.eg/media/images/listing/CDQS650N2F9VQ7WYFN1VS5S8S4/1e8bc450-6488-4b0e-9aea-409783672451/1312x894.jpg,See the details of this Apartment for Sale in Privado.,16900000
76506251,3BR Apartment for Sale in New Heliopolis,https://www.propertyfinder.eg/to/8MGTV3C4SY3H5GJWZAKGST6YYC/en,https://static.shared.propertyfinder.eg/media/images/listing/8MGTV3C4SY3H5GJWZAKGST6YYC/c74f7f74-ad46-4488-b4b7-06c4e8f69640/1312x894.jpg,See the details of this Apartment for Sale in Sodic East.,10420000
76506215,4BR Twin House for Sale in 6 October City,https://www.propertyfinder.eg/to/CSVQ535HE7EFS81ZMYGDYGW20R/en,https://static.shared.propertyfinder.eg/media/images/listing/CSVQ535HE7EFS81ZMYGDYGW20R/8d7a21ac-49c0-4238-8d2a-3199170c209b/1312x894.jpg,See the details of this Twin House for Sale in The Crown.,7000000
76506205,2BR Apartment for Sale in New Heliopolis,https://www.propertyfinder.eg/to/8D7C7DDBFDX594N1S690A83EAG/en,https://static.shared.propertyfinder.eg/media/images/listing/8D7C7DDBFDX594N1S690A83EAG/58f47257-0879-4119-bc0a-be90e26156f8/1312x894.jpg,See the details of this Apartment for Sale in Sodic East.,8656000
76506107,3BR Chalet for Sale in Al Ain Al Sokhna,https://www.propertyfinder.eg/to/JZARXTFT1AWP9C5SD01ZQ1ZYDW/en,https://static.shared.propertyfinder.eg/media/images/listing/JZARXTFT1AWP9C5SD01ZQ1ZYDW/c5d1b7f5-3bd3-49ff-b4dd-d01191ebc7de/1312x894.jpg,See the details of this Chalet for Sale in La Vista Gardens.,1550000
76506081,4BR Villa for Sale in New Cairo City,https://www.propertyfinder.eg/to/DH913JPHCS2G22GMXRCS2XER8R/en,https://static.shared.propertyfinder.eg/media/images/listing/DH913JPHCS2G22GMXRCS2XER8R/8d21b706-ab5c-4313-8707-58d4f12188d7/1312x894.jpg,See the details of this Villa for Sale in City Gate.,35000000
76506021,3BR Apartment for Sale in New Cairo City,https://www.propertyfinder.eg/to/RZ93WF45739AWTR20T7PC74W48/en,https://static.shared.propertyfinder.eg/media/images/listing/RZ93WF45739AWTR20T7PC74W48/87ed689b-c953-4714-a71a-a64240d70e60/1312x894.jpg,See the details of this Apartment for Sale in El Patio Oro.,15500000
76505934,Office for Sale in New Cairo City,https://www.propertyfinder.eg/to/Y5P2WZDV48JFQMB7VAD3BH71F8/en,https://static.shared.propertyfinder.eg/media/images/listing/Y5P2WZDV48JFQMB7VAD3BH71F8/2a951a22-6b1a-4f7f-96b2-5ae9f622787b/1312x894.jpg,See the details of this Office for Sale in Zed East.,9990000
76505770,3BR Apartment for Sale in Alexandria Compounds,https://www.propertyfinder.eg/to/GW0BVT6JFFP3NXFQ4V0JXT7FB0/en,https://static.shared.propertyfinder.eg/media/images/listing/GW0BVT6JFFP3NXFQ4V0JXT7FB0/545c615c-1827-44aa-862a-cdec414e4052/1312x894.jpg,See the details of this Apartment for Sale in Vee Sawari.,8500000
76505479,3BR Chalet for Sale in Qesm Marsa Matrouh,https://www.propertyfinder.eg/to/QTXDCD4NYVTVZS5TJG1WJ1ZR5M/en,https://static.shared.propertyfinder.eg/media/images/listing/QTXDCD4NYVTVZS5TJG1WJ1ZR5M/774d63b4-78e5-4f02-b070-da66fc456616/1312x894.jpg,See the details of this Chalet for Sale in Fouka Bay.,11000000
76505402,6BR Villa for Sale in Hay Sharq,https://www.propertyfinder.eg/to/AFNCEWVB6XBPNP7NDMXA8RRRDM/en,https://static.shared.propertyfinder.eg/media/images/listing/AFNCEWVB6XBPNP7NDMXA8RRRDM/2cba1c8c-ddc9-40d2-8c95-457608d74af5/1312x894.jpg,See the details of this Villa for Sale in Vee Muruj.,34500000
76505389,3BR Townhouse for Sale in Ras Al Hekma,https://www.propertyfinder.eg/to/768HFA0YJZV6XEKG491EQFGQE4/en,https://static.shared.propertyfinder.eg/media/images/listing/768HFA0YJZV6XEKG491EQFGQE4/a70db9d1-b0d3-4273-8f81-b01bbf0be87a/1312x894.jpg,See the details of this Townhouse for Sale in June.,21000000
76505355,2BR Apartment for Sale in New Cairo City,https://www.propertyfinder.eg/to/HR1QMTX400BFCWFSEF9Q1CDYSM/en,https://static.shared.propertyfinder.eg/media/images/listing/HR1QMTX400BFCWFSEF9Q1CDYSM/b15e1895-3232-4052-9562-99524e0d49c6/1312x894.jpg,See the details of this Apartment for Sale in Palm Hills New Cairo.,6700000
76505027,5BR Villa for Sale in Al Ain Al Sokhna,https://www.propertyfinder.eg/to/XC6JE2TBYBMERF4T4SP0XQCVGW/en,https://static.shared.propertyfinder.eg/media/images/listing/XC6JE2TBYBMERF4T4SP0XQCVGW/493fda44-aa8d-4e02-ae5e-cb406ea80294/1312x894.jpg,See the details of this Villa for Sale in IL Monte Galala.,1350000
76504937,3BR Apartment for Sale in Shorouk City,https://www.propertyfinder.eg/to/HNJJR73XCKPDMZD5SZTM3T4YP4/en,https://static.shared.propertyfinder.eg/media/images/listing/HNJJR73XCKPDMZD5SZTM3T4YP4/9dda1961-10a6-48a3-8b54-b382c2c5722b/1312x894.jpg,See the details of this Apartment for Sale in Palencia Al Shorouk.,5400000
76504869,3BR Chalet for Sale in Ras Al Hekma,https://www.propertyfinder.eg/to/QV98FGDV70JHSWP7BV0PHKQEG0/en,https://static.shared.propertyfinder.eg/media/images/listing/QV98FGDV70JHSWP7BV0PHKQEG0/fe2f1ea3-ec9b-4388-b9a1-abe50faa4a80/1312x894.jpg,See the details of this Chalet for Sale in June.,13500000
76504661,3BR Villa for Sale in Qesm Marsa Matrouh,https://www.propertyfinder.eg/to/6SQ44ZWP49TT3QJ6YZ9NQK2TZR/en,https://static.shared.propertyfinder.eg/media/images/listing/6SQ44ZWP49TT3QJ6YZ9NQK2TZR/a3fe5757-4fda-43f3-bb76-8b09b08f61e2/1312x894.jpg,See the details of this Villa for Sale in Silver Sands.,34000000
76504423,3BR Apartment for Sale in Sheikh Zayed City,https://www.propertyfinder.eg/to/0VRAFMSSFSYJ0GCHN25CD8PX7M/en,https://static.shared.propertyfinder.eg/media/images/listing/0VRAFMSSFSYJ0GCHN25CD8PX7M/7803250c-3e3f-4930-9d09-f062ec09e19f/1312x894.jpg,See the details of this Apartment for Sale in Village West.,12500000
76504342,3BR Apartment for Sale in New Cairo City,https://www.propertyfinder.eg/to/0M07XQFKVEXP4652W2QFSZVHN8/en,https://static.shared.propertyfinder.eg/media/images/listing/0M07XQFKVEXP4652W2QFSZVHN8/de67aecd-7870-48fb-877a-1cca73bbfc98/1312x894.jpg,See the details of this Apartment for Sale in El Patio Oro.,8400000
76503900,2BR Chalet for Sale in Ras Al Hekma,https://www.propertyfinder.eg/to/7SCFWKF3XSDC92YA0995MTN8QG/en,https://static.shared.propertyfinder.eg/media/images/listing/7SCFWKF3XSDC92YA0995MTN8QG/97b32bd3-a61c-47b8-927a-1648e5fa44d8/1312x894.jpg,See the details of this Chalet for Sale in Seashore.,3975000
76503862,3BR Villa for Sale in Mokattam,https://www.propertyfinder.eg/to/2GQVYD86S751VKWVR6626ZH7HM/en,https://static.shared.propertyfinder.eg/media/images/listing/2GQVYD86S751VKWVR6626ZH7HM/f4ec118c-bf7c-4a04-a096-b4c67cf219b7/1312x894.jpg,See the details of this Villa for Sale in Celesta Hills.,68900000
76503798,1BR Apartment for Sale in Mokattam,https://www.propertyfinder.eg/to/TH4622VSKFQN8S4MEMPPARSVFG/en,https://static.shared.propertyfinder.eg/media/images/listing/TH4622VSKFQN8S4MEMPPARSVFG/da86946f-d6c4-48ea-b10e-3f0dc98c568f/1312x894.jpg,See the details of this Apartment for Sale in The Sierras.,10500000
76503620,3BR Duplex for Sale in Sidi Abdel Rahman,https://www.propertyfinder.eg/to/MD83KXZDYV4HDMT89DYGRMDV78/en,https://static.shared.propertyfinder.eg/media/images/listing/MD83KXZDYV4HDMT89DYGRMDV78/77d8688f-e0fe-425c-971c-927794941a36/1312x894.jpg,See the details of this Duplex for Sale in Amwaj.,13750000
76503244,3BR Villa for Sale in Sheikh Zayed City,https://www.propertyfinder.eg/to/02N9X1658SWTX9GQYZX8XKAB30/en,https://static.shared.propertyfinder.eg/media/images/listing/02N9X1658SWTX9GQYZX8XKAB30/547347d0-3e01-4b8a-a402-fa8d49a78961/1312x894.jpg,See the details of this Villa for Sale in Belle Vie.,23000000
76503208,5BR Twin House for Sale in New Cairo City,https://www.propertyfinder.eg/to/QF8N1VEM1SEWF2A9JM6NX760SM/en,https://static.shared.propertyfinder.eg/media/images/listing/QF8N1VEM1SEWF2A9JM6NX760SM/8bee4049-d767-4a14-989d-317caab1ef74/1312x894.jpg,See the details of this Twin House for Sale in The Lakeview Boutique Villas.,40000000
76503068,3BR Villa for Sale in Sheikh Zayed City,https://www.propertyfinder.eg/to/51HZP7TSSAAQ1Y29TTNC3R1NGM/en,https://static.shared.propertyfinder.eg/media/images/listing/51HZP7TSSAAQ1Y29TTNC3R1NGM/20054bf0-a562-4fa8-a0f4-c2bda1ca69dd/1312x894.jpg,See the details of this Villa for Sale in Belle Vie.,37000000
76502940,3BR Apartment for Sale in New Cairo City,https://www.propertyfinder.eg/to/T57HSJ5514J77K7R7N3PD5VT10/en,https://static.shared.propertyfinder.eg/media/images/listing/T57HSJ5514J77K7R7N3PD5VT10/3a7d2720-a547-4e39-ba56-41694feaed0d/1312x894.jpg,See the details of this Apartment for Sale in The Waterway View.,13800000
76502917,3BR Apartment for Sale in Ring Road,https://www.propertyfinder.eg/to/SFVKQWGCG8KD9YCPTNM796HJXW/en,https://static.shared.propertyfinder.eg/media/images/listing/SFVKQWGCG8KD9YCPTNM796HJXW/9033902f-93ce-4ab8-a23f-42c79126a522/1312x894.jpg,See the details of this Apartment for Sale in Tag Sultan.,9500000
76502631,Office for Sale in New Cairo City,https://www.propertyfinder.eg/to/2X9BFYZ5SVD838335KJ92GDM88/en,https://static.shared.propertyfinder.eg/media/images/listing/2X9BFYZ5SVD838335KJ92GDM88/d98b3eb5-4cad-41bb-9550-a96be4335dee/1312x894.jpg,See the details of this Office for Sale in Mivida.,15625000
76502581,4BR Villa for Sale in New Heliopolis,https://www.propertyfinder.eg/to/THQCQR8598WS6TTVQ728H26C34/en,https://static.shared.propertyfinder.eg/media/images/listing/THQCQR8598WS6TTVQ728H26C34/c9246590-0742-4a97-bfd0-2a31011770ee/1312x894.jpg,See the details of this Villa for Sale in Sodic East.,34500000
76502164,Clinic for Sale in New Cairo City,https://www.propertyfinder.eg/to/G4BWJ5P830ETA7GHFEJ3CXZ9X8/en,https://static.shared.propertyfinder.eg/media/images/listing/G4BWJ5P830ETA7GHFEJ3CXZ9X8/5ce21e5e-1919-4ec0-8eb3-1cd419c1d40e/1312x894.jpg,See the details of this Clinic for Sale in Mivida.,28675000
76502149,3BR Apartment for Sale in New Cairo City,https://www.propertyfinder.eg/to/QE5SPHVWEFX6AZ7STEBN3ZRJ6C/en,https://static.shared.propertyfinder.eg/media/images/listing/QE5SPHVWEFX6AZ7STEBN3ZRJ6C/8afbac93-9451-453d-90e5-ee4f0fbcb855/1312x894.jpg,See the details of this Apartment for Sale in Villette.,17950000
76501592,Office for Sale in New Cairo City,https://www.propertyfinder.eg/to/769M6V3KAAGRT8QY62R6YM1P4C/en,https://static.shared.propertyfinder.eg/media/images/listing/769M6V3KAAGRT8QY62R6YM1P4C/26d7250b-d03b-4b69-9cd8-2c89a64f7748/1312x894.jpg,See the details of this Office for Sale in One Ninety Mall.,33000000
76500719,3BR Penthouse for Sale in Sidi Abdel Rahman,https://www.propertyfinder.eg/to/GZBK3163ZJNED4E4NV8G512BPR/en,https://static.shared.propertyfinder.eg/media/images/listing/GZBK3163ZJNED4E4NV8G512BPR/5b72643a-ecb1-42c0-b911-780b04fba751/1312x894.jpg,See the details of this Penthouse for Sale in Plage.,12500000
76500590,3BR Chalet for Sale in Qesm Marsa Matrouh,https://www.propertyfinder.eg/to/9V4189JSMJMX0MDJ8D548QBSV4/en,https://static.shared.propertyfinder.eg/media/images/listing/9V4189JSMJMX0MDJ8D548QBSV4/145f6fe6-fbbe-4522-a6c8-b771239953b2/1312x894.jpg,See the details of this Chalet for Sale in Marsa Baghush.,15782870
76500375,3BR Apartment for Sale in New Cairo City,https://www.propertyfinder.eg/to/P4T0A4F6PAS0H18JG6785J8444/en,https://static.shared.propertyfinder.eg/media/images/listing/P4T0A4F6PAS0H18JG6785J8444/bfb82e2f-2c7c-4b82-8ad7-d77972d80d63/1312x894.jpg,See the details of this Apartment for Sale in Ivoire East.,12000000
76500319,3BR Villa for Sale in New Cairo City,https://www.propertyfinder.eg/to/95K1BQARXGE334W2R1C3RBY92C/en,https://static.shared.propertyfinder.eg/media/images/listing/95K1BQARXGE334W2R1C3RBY92C/6cdad315-2100-46a9-af54-904e38f3177d/1312x894.jpg,See the details of this Villa for Sale in City Gate.,34000000
76500102,5BR Townhouse for Sale in Shorouk City,https://www.propertyfinder.eg/to/CYMN4C1KSHYYNGQNPCVQR84BNC/en,https://static.shared.propertyfinder.eg/media/images/listing/CYMN4C1KSHYYNGQNPCVQR84BNC/54ba8623-925f-4150-a112-b13714ce6afb/1312x894.jpg,See the details of this Townhouse for Sale in Maadi View.,11500000
76499134,2BR Apartment for Sale in New Cairo City,https://www.propertyfinder.eg/to/JESF9VW10GR8KS3Q876ENR7DYW/en,https://static.shared.propertyfinder.eg/media/images/listing/JESF9VW10GR8KS3Q876ENR7DYW/01ed0107-f580-4bdb-b3cf-7324f410710f/1312x894.jpg,See the details of this Apartment for Sale in Stone Residence.,2000000
76243327,2BR Chalet for Sale in Al Ain Al Sokhna,https://www.propertyfinder.eg/to/0B87XYT2T442S60QH6HK187NEW/en,https://static.shared.propertyfinder.eg/media/images/listing/0B87XYT2T442S60QH6HK187NEW/58b425be-6b2c-4076-861c-300b43e1033a/1312x894.jpg,See the details of this Chalet for Sale in Telal Al Sokhna.,1100000
76243195,1BR Chalet for Sale in Qesm Marsa Matrouh,https://www.propertyfinder.eg/to/6Z4R5047R0MM9XBCXA1BG1GP3G/en,https://static.shared.propertyfinder.eg/media/images/listing/6Z4R5047R0MM9XBCXA1BG1GP3G/791e8eae-851c-40d3-b3ca-98179ae99bb9/1312x894.jpg,See the details of this Chalet for Sale in Silver Sands.,8000000
76242827,3BR Villa for Sale in New Cairo City,https://www.propertyfinder.eg/to/1KNVZ9BXWH0VF3F7AZB218YS1G/en,https://static.shared.propertyfinder.eg/media/images/listing/1KNVZ9BXWH0VF3F7AZB218YS1G/4e2de96c-a3c3-4f74-a1db-7ad2b60d59e8/1312x894.jpg,See the details of this Villa for Sale in City Gate.,20000000
76242826,3BR Villa for Sale in New Cairo City,https://www.propertyfinder.eg/to/GNNZTGZGAVSZCX9MPWZYPMEAA4/en,https://static.shared.propertyfinder.eg/media/images/listing/GNNZTGZGAVSZCX9MPWZYPMEAA4/4cd1f61f-de48-4119-b153-3fa59c5a3ce4/1312x894.jpg,See the details of this Villa for Sale in City Gate.,36213000
76242823,3BR Villa for Sale in New Cairo City,https://www.propertyfinder.eg/to/59C18DR3A7K28VCV9BK99B7JQW/en,https://static.shared.propertyfinder.eg/media/images/listing/59C18DR3A7K28VCV9BK99B7JQW/4dfb0628-b6ae-42f5-a7f1-7e6ebbab45af/1312x894.jpg,See the details of this Villa for Sale in City Gate.,32850000
76242530,3BR Apartment for Sale in New Cairo City,https://www.propertyfinder.eg/to/5C1DC9SPCHPRCWWHFZBMA1RHSR/en,https://static.shared.propertyfinder.eg/media/images/listing/5C1DC9SPCHPRCWWHFZBMA1RHSR/a01d7c4e-179c-4ad7-b5df-2bea06e30697/1312x894.jpg,See the details of this Apartment for Sale in Mountain View 1.1.,6800000
76242232,4BR Twin House for Sale in New Cairo City,https://www.propertyfinder.eg/to/1SCG20QXY7V6BXEQJZV3N4B8Z0/en,https://static.shared.propertyfinder.eg/media/images/listing/1SCG20QXY7V6BXEQJZV3N4B8Z0/4e69799a-ea86-4eeb-8ed0-4ee510b92cca/1312x894.jpg,See the details of this Twin House for Sale in El Patio Oro.,27300000
76241950,Office for Sale in New Cairo City,https://www.propertyfinder.eg/to/N3YT843DBKW4B4M95X73DYDHVG/en,https://static.shared.propertyfinder.eg/media/images/listing/N3YT843DBKW4B4M95X73DYDHVG/d7647a45-135f-48ad-ab74-f869a598bda4/1312x894.jpg,See the details of this Office for Sale in Mivida.,15500000
76241487,1BR Chalet for Sale in Sidi Abdel Rahman,https://www.propertyfinder.eg/to/S553GP3S43YVS3CEQ5WPD0HXCC/en,https://static.shared.propertyfinder.eg/media/images/listing/S553GP3S43YVS3CEQ5WPD0HXCC/4eb78a40-d627-44c5-b762-2afbc8c2ac60/1312x894.jpg,See the details of this Chalet for Sale in Marassi.,12000000
76241451,4BR Townhouse for Sale in New Cairo City,https://www.propertyfinder.eg/to/XERKDZ2G6Y7AZENNA48TB43P28/en,https://static.shared.propertyfinder.eg/media/images/listing/XERKDZ2G6Y7AZENNA48TB43P28/404dbac0-c3af-4e62-aac2-ac854cd14908/1312x894.jpg,See the details of this Townhouse for Sale in City Gate.,18800000
76241388,3BR Apartment for Sale in New Cairo City,https://www.propertyfinder.eg/to/TRSSZZVY4QBCVH2EGDKHXSGS8W/en,https://static.shared.propertyfinder.eg/media/images/listing/TRSSZZVY4QBCVH2EGDKHXSGS8W/3b3102b0-75f9-4824-b7db-e8a3bc875a2b/1312x894.jpg,See the details of this Apartment for Sale in The Waterway View.,14000000
76241356,3BR Apartment for Sale in New Cairo City,https://www.propertyfinder.eg/to/8J73K35RVGNWNS4KG8R09WDJ88/en,https://static.shared.propertyfinder.eg/media/images/listing/8J73K35RVGNWNS4KG8R09WDJ88/e6b88217-7380-47cf-986f-34080373d0d6/1312x894.jpg,See the details of this Apartment for Sale in The Waterway View.,13850000
76241202,2BR Apartment for Sale in New Cairo City,https://www.propertyfinder.eg/to/GPW4MJN868S6HDQRV9CBJT5CK8/en,https://static.shared.propertyfinder.eg/media/images/listing/GPW4MJN868S6HDQRV9CBJT5CK8/20a3dc12-c486-4da4-873f-19568d6e4b95/1312x894.jpg,See the details of this Apartment for Sale in The Waterway View.,9500000
76241109,3BR Villa for Sale in Sheikh Zayed City,https://www.propertyfinder.eg/to/0S59QPS8F1S8JFKK59HSS8CP90/en,https://static.shared.propertyfinder.eg/media/images/listing/0S59QPS8F1S8JFKK59HSS8CP90/f2eae263-818d-46e6-b14e-0e51ebe22246/1312x894.jpg,See the details of this Villa for Sale in Belle Vie.,32800000
76240962,2BR Penthouse for Sale in 6 October City,https://www.propertyfinder.eg/to/7EGJ9B97KP0MKBCFF337CZ48RC/en,https://static.shared.propertyfinder.eg/media/images/listing/7EGJ9B97KP0MKBCFF337CZ48RC/cefc2040-9a83-4c9f-bc51-2bb84d97e10f/1312x894.jpg,See the details of this Penthouse for Sale in O West.,10580000
76240914,4BR Villa for Sale in Sheikh Zayed City,https://www.propertyfinder.eg/to/4ACBDNB0VWSS007NVVSE7MEDJM/en,https://static.shared.propertyfinder.eg/media/images/listing/4ACBDNB0VWSS007NVVSE7MEDJM/7f2ef1bb-d72b-4c69-a69e-91b825a7978c/1312x894.jpg,See the details of this Villa for Sale in Lugar.,26000000
76240805,3BR Chalet for Sale in Ras Al Hekma,https://www.propertyfinder.eg/to/RPHY6PRVC8Z7C3JP177XQ4S194/en,https://static.shared.propertyfinder.eg/media/images/listing/RPHY6PRVC8Z7C3JP177XQ4S194/4a2f8179-e824-43a2-acd9-b02783aca0e8/1312x894.jpg,See the details of this Chalet for Sale in Ramla.,20000000
76240718,3BR Twin House for Sale in Al Ain Al Sokhna,https://www.propertyfinder.eg/to/578QABY9AVGXC4Q3C5CA9NWPKW/en,https://static.shared.propertyfinder.eg/media/images/listing/578QABY9AVGXC4Q3C5CA9NWPKW/c4b6348b-5bfb-4649-8865-a91ed15db284/1312x894.jpg,See the details of this Twin House for Sale in Azha.,15630000
76240515,3BR Townhouse for Sale in Sheikh Zayed City,https://www.propertyfinder.eg/to/EJ9ACZBZN69GMSZJ1QKRY3B9P0/en,https://static.shared.propertyfinder.eg/media/images/listing/EJ9ACZBZN69GMSZJ1QKRY3B9P0/fbc50ca7-6f22-4900-bb17-4849004086b9/1312x894.jpg,See the details of this Townhouse for Sale in Belle Vie.,22842972
76240469,Clinic for Sale in New Cairo City,https://www.propertyfinder.eg/to/TJX2AB1ZE1R222KS7Q7GJAZEFW/en,https://static.shared.propertyfinder.eg/media/images/listing/TJX2AB1ZE1R222KS7Q7GJAZEFW/7df4487a-36c1-4f29-bc73-56a9c721ff03/1312x894.jpg,See the details of this Clinic for Sale in ELEGANTRY.,6200000
76240378,3BR Townhouse for Sale in Sheikh Zayed City,https://www.propertyfinder.eg/to/KF6WTV773ZT08G15SXGYM5VBQC/en,https://static.shared.propertyfinder.eg/media/images/listing/KF6WTV773ZT08G15SXGYM5VBQC/cc972935-0d65-4a7d-a193-9fcdf7cd31c9/1312x894.jpg,See the details of this Townhouse for Sale in Belle Vie.,26143722
76240372,1BR Chalet for Sale in Al Alamein,https://www.propertyfinder.eg/to/HY444EFRG5CEV6K105HK1CTJSC/en,https://static.shared.propertyfinder.eg/media/images/listing/HY444EFRG5CEV6K105HK1CTJSC/c8d2e68a-3b49-46f4-961e-757018f2d7a0/1312x894.jpg,See the details of this Chalet for Sale in Marina 5.,12000000
76240335,Office for Sale in 6 October City,https://www.propertyfinder.eg/to/VYZNJF97R0C79VB9BC7M5SR2WG/en,https://static.shared.propertyfinder.eg/media/images/listing/VYZNJF97R0C79VB9BC7M5SR2WG/2910ac0d-bbda-4d48-80ae-28459b883060/1312x894.jpg,See the details of this Office for Sale in West Mark.,6750000
76240263,Office for Sale in New Cairo City,https://www.propertyfinder.eg/to/YD2EX6CBWPWDZ07C685GCWQM0W/en,https://static.shared.propertyfinder.eg/media/images/listing/YD2EX6CBWPWDZ07C685GCWQM0W/79c4b74e-54b9-4c42-b26c-a3c4f35470a1/1312x894.jpg,See the details of this Office for Sale in Golden Gate.,21850000
76240014,3BR Twin House for Sale in Hurghada,https://www.propertyfinder.eg/to/B1M63X17YECA10BX27W4RE35NG/en,https://static.shared.propertyfinder.eg/media/images/listing/B1M63X17YECA10BX27W4RE35NG/f256820a-a424-4c46-9410-1eadd720da7d/1312x894.jpg,See the details of this Twin House for Sale in Makadi Heights.,9500000
76239971,2BR Apartment for Sale in Qesm Marsa Matrouh,https://www.propertyfinder.eg/to/6J13KD51XAT1GNB08K7JZP8AKW/en,https://static.shared.propertyfinder.eg/media/images/listing/6J13KD51XAT1GNB08K7JZP8AKW/01119b35-ce4f-4ae6-a52f-ba4e6117a905/1312x894.jpg,See the details of this Apartment for Sale in Fouka Bay.,1150000
76239966,2BR Apartment for Sale in New Cairo City,https://www.propertyfinder.eg/to/VQB8XGWSJHRFFH5BW3R3TXAS1W/en,https://static.shared.propertyfinder.eg/media/images/listing/VQB8XGWSJHRFFH5BW3R3TXAS1W/d54baba4-68ce-4d63-809a-04ecceb2a12f/1312x894.jpg,See the details of this Apartment for Sale in Park Corner.,10216303
76239913,3BR Villa for Sale in Al Ain Al Sokhna,https://www.propertyfinder.eg/to/61T2KM3M38CD18YQCRX03JQWXG/en,https://static.shared.propertyfinder.eg/media/images/listing/61T2KM3M38CD18YQCRX03JQWXG/98955f36-88ac-4fd8-8edd-53174b5ed379/1312x894.jpg,See the details of this Villa for Sale in Azha.,28500000
76239906,Whole Building for Sale in 6 October City,https://www.propertyfinder.eg/to/6HGMV8BJ3ZHFT6C8ANGVW14PN8/en,https://static.shared.propertyfinder.eg/media/images/listing/6HGMV8BJ3ZHFT6C8ANGVW14PN8/323b5d9e-6d44-4b66-a5b7-8256798beffe/1312x894.jpg,See the details of this Whole Building for Sale in October Plaza.,100000000
76239902,Office for Sale in New Cairo City,https://www.propertyfinder.eg/to/QJSY1S3MTSF6F96TJAW5P2DMX4/en,https://static.shared.propertyfinder.eg/media/images/listing/QJSY1S3MTSF6F96TJAW5P2DMX4/25e80579-3ac1-41d3-b48e-89aa6e23a1f4/1312x894.jpg,See the details of this Office for Sale in New Cairo Centre.,10938400
76239888,Retail Space for Sale in New Cairo City,https://www.propertyfinder.eg/to/Y0HRYWQHCXM9WMRQDZG1G8CA18/en,https://static.shared.propertyfinder.eg/media/images/listing/Y0HRYWQHCXM9WMRQDZG1G8CA18/a8affe0e-b15e-4960-9a8e-cf094c74ca99/1312x894.jpg,See the details of this Retail Space for Sale in One Ninety Mall.,42550000
76239871,2BR Apartment for Sale in New Cairo City,https://www.propertyfinder.eg/to/D5XTN1KG3DTYTZZCG06P1BCM7R/en,https://static.shared.propertyfinder.eg/media/images/listing/D5XTN1KG3DTYTZZCG06P1BCM7R/d83802c5-4d8c-4215-8213-0cc4def8d18d/1312x894.jpg,See the details of this Apartment for Sale in Park Corner.,13130370
76239789,5BR Villa for Sale in Al Alamein,https://www.propertyfinder.eg/to/1AQZRW45QP3FG2CXAEZS3QHYSR/en,https://static.shared.propertyfinder.eg/media/images/listing/1AQZRW45QP3FG2CXAEZS3QHYSR/0f2b1f31-3169-4da2-b198-7659ab8f1726/1312x894.jpg,See the details of this Villa for Sale in Marina 7.,6527992
76239571,Shop for Sale in 6 October City,https://www.propertyfinder.eg/to/FE54FQW1CVZQ408TG819W8D9ZC/en,https://static.shared.propertyfinder.eg/media/images/listing/FE54FQW1CVZQ408TG819W8D9ZC/0044e4f7-5e27-47bd-8cc6-01c63ca2626c/1312x894.jpg,See the details of this Shop for Sale in West Mark.,38380000
76239435,5BR Villa for Sale in New Cairo City,https://www.propertyfinder.eg/to/9MZ90V133P7Q3QJHR3EEDVMDVG/en,https://static.shared.propertyfinder.eg/media/images/listing/9MZ90V133P7Q3QJHR3EEDVMDVG/df5e8543-14aa-42e2-a801-f7428032f16b/1312x894.jpg,See the details of this Villa for Sale in Swan Lake Residence.,63500000
76239256,2BR Chalet for Sale in Al Ain Al Sokhna,https://www.propertyfinder.eg/to/MR1HP2CANS85C7FMJDCX6V77KC/en,https://static.shared.propertyfinder.eg/media/images/listing/MR1HP2CANS85C7FMJDCX6V77KC/3f2d2411-f990-46e4-bb5a-565fe8e06a64/1312x894.jpg,See the details of this Chalet for Sale in Blue Blue.,6440000
76239077,Shop for Sale in 6 October City,https://www.propertyfinder.eg/to/0F7V5WT5Z2FCKT771FPT5FQ8P8/en,https://static.shared.propertyfinder.eg/media/images/listing/0F7V5WT5Z2FCKT771FPT5FQ8P8/18008456-ee3e-448c-a282-ab6c878704c0/1312x894.jpg,See the details of this Shop for Sale in West Mark.,22910000
76238805,2BR Chalet for Sale in Al Alamein,https://www.propertyfinder.eg/to/44DPC6K6NHN4HV65TFE7QTDAHM/en,https://static.shared.propertyfinder.eg/media/images/listing/44DPC6K6NHN4HV65TFE7QTDAHM/4db2b203-e1e2-4633-a1d5-4150ea2fdde1/1312x894.jpg,See the details of this Chalet for Sale in Downtown Marina.,4000000
76238571,3BR Apartment for Sale in Sheikh Zayed City,https://www.propertyfinder.eg/to/Y1X0F4GY8F8TJG65GC7QKRZPWM/en,https://static.shared.propertyfinder.eg/media/images/listing/Y1X0F4GY8F8TJG65GC7QKRZPWM/b6bfcfab-2396-4e16-9d8f-a7ce7dea2440/1312x894.jpg,See the details of this Apartment for Sale in Lugar.,7800000
76238398,Office for Sale in New Cairo City,https://www.propertyfinder.eg/to/47VPX48NSGTZ01BSE8YPY2YK0G/en,https://static.shared.propertyfinder.eg/media/images/listing/47VPX48NSGTZ01BSE8YPY2YK0G/da14fb52-2118-4984-8377-c091699264ac/1312x894.jpg,See the details of this Office for Sale in Eastown.,42750000
76238353,Office for Sale in New Cairo City,https://www.propertyfinder.eg/to/7TMSWWB963H61N39NHWEYQCWF8/en,https://static.shared.propertyfinder.eg/media/images/listing/7TMSWWB963H61N39NHWEYQCWF8/e1a3d4b7-ff89-4a83-863c-176c257811d1/1312x894.jpg,See the details of this Office for Sale in City Gate.,90000000
76238271,3BR Apartment for Sale in New Capital City,https://www.propertyfinder.eg/to/405JYYMA4VBSNCMRW7QT7KNQQG/en,https://static.shared.propertyfinder.eg/media/images/listing/405JYYMA4VBSNCMRW7QT7KNQQG/8bf700c7-94ba-4314-9dbd-ab0dd8cf9e05/1312x894.jpg,See the details of this Apartment for Sale in Al Maqsad.,450000
76238266,3BR Apartment for Sale in New Cairo City,https://www.propertyfinder.eg/to/SXV32Z1RAY6YSQC4YEG6FMDHQ8/en,https://static.shared.propertyfinder.eg/media/images/listing/SXV32Z1RAY6YSQC4YEG6FMDHQ8/d668543c-f5c8-4b96-a117-7eae2d885e91/1312x894.jpg,See the details of this Apartment for Sale in Mountain View Hyde Park.,11500000
76238215,2BR Chalet for Sale in Ras Al Hekma,https://www.propertyfinder.eg/to/RS9QP40VMGKV5FZZPRA1DCA5YC/en,https://static.shared.propertyfinder.eg/media/images/listing/RS9QP40VMGKV5FZZPRA1DCA5YC/782ca931-725f-49ec-b007-8ce124bcb5d9/1312x894.jpg,See the details of this Chalet for Sale in Ramla.,2456000
76238120,3BR Apartment for Sale in New Cairo City,https://www.propertyfinder.eg/to/11C4PM8DJEBNRX2TVGKHB4FQC0/en,https://static.shared.propertyfinder.eg/media/images/listing/11C4PM8DJEBNRX2TVGKHB4FQC0/6c7431f2-4308-4783-a717-53e8e86559f6/1312x894.jpg,See the details of this Apartment for Sale in Mountain View 1.1.,8000000
76238112,2BR Apartment for Sale in New Cairo City,https://www.propertyfinder.eg/to/990SWNM0AVVEDRHJA8ACBVF2N4/en,https://static.shared.propertyfinder.eg/media/images/listing/990SWNM0AVVEDRHJA8ACBVF2N4/efee1ab0-f8a5-4ea2-9b43-fddadadfd4fd/1312x894.jpg,See the details of this Apartment for Sale in The Icon Residence.,3360000
76237720,3BR iVilla for Sale in New Cairo City,https://www.propertyfinder.eg/to/86045QDB3WJ6GEZ9JSQQ30XA2C/en,https://static.shared.propertyfinder.eg/media/images/listing/86045QDB3WJ6GEZ9JSQQ30XA2C/dfb1cff3-bdd9-4005-a8bb-edb99b943da7/1312x894.jpg,See the details of this iVilla for Sale in Mountain View 1.1.,13500000
76237360,3BR Chalet for Sale in Al Ain Al Sokhna,https://www.propertyfinder.eg/to/4KRVBJ9PJ2WNGBVYC5VYW4C69R/en,https://static.shared.propertyfinder.eg/media/images/listing/4KRVBJ9PJ2WNGBVYC5VYW4C69R/5a0ea3e7-25db-42a1-8e01-24ef2983184c/1312x894.jpg,See the details of this Chalet for Sale in Telal Al Sokhna.,4500000
76236966,3BR Townhouse for Sale in New Cairo City,https://www.propertyfinder.eg/to/4G2P735C3HSW53B2FK3165DR3G/en,https://static.shared.propertyfinder.eg/media/images/listing/4G2P735C3HSW53B2FK3165DR3G/03511843-9b7f-4974-9d3a-e06e65af9bb3/1312x894.jpg,See the details of this Townhouse for Sale in District 5.,23500000
76236766,3BR Duplex for Sale in New Cairo City,https://www.propertyfinder.eg/to/8EJVJND2MVZPKXVABJXZDQVKF4/en,https://static.shared.propertyfinder.eg/media/images/listing/8EJVJND2MVZPKXVABJXZDQVKF4/4d1d77c5-981c-4ecf-904d-4380880e76e6/1312x894.jpg,See the details of this Duplex for Sale in Garden Residence.,14300000
76236481,3BR Apartment for Sale in Sheikh Zayed City,https://www.propertyfinder.eg/to/BRY8JYXA5D2FGY9WBQA6PP0TDG/en,https://static.shared.propertyfinder.eg/media/images/listing/BRY8JYXA5D2FGY9WBQA6PP0TDG/b2e4e83a-fb97-46e7-bc4b-3ab730121577/1312x894.jpg,See the details of this Apartment for Sale in The Hillage.,11220000
76236464,1BR Apartment for Sale in Sheikh Zayed City,https://www.propertyfinder.eg/to/NS71NEYBVNTPM86K39WNA9NDCG/en,https://static.shared.propertyfinder.eg/media/images/listing/NS71NEYBVNTPM86K39WNA9NDCG/e794b687-9dc9-402e-a873-dcea065dded9/1312x894.jpg,See the details of this Apartment for Sale in The Estates.,8000000
76236456,2BR Chalet for Sale in Sidi Heneish,https://www.propertyfinder.eg/to/RHD2XDYSVDEB695AZQ9W6Z6ZVM/en,https://static.shared.propertyfinder.eg/media/images/listing/RHD2XDYSVDEB695AZQ9W6Z6ZVM/21bec2da-57ca-448f-9456-09c28748cf16/1312x894.jpg,See the details of this Chalet for Sale in Beit Al Bahr.,12000000
76236455,2BR Chalet for Sale in Ras Al Hekma,https://www.propertyfinder.eg/to/T8VGZD3PTE4W1M8WJSPQGPRYS0/en,https://static.shared.propertyfinder.eg/media/images/listing/T8VGZD3PTE4W1M8WJSPQGPRYS0/5bd30dbf-9698-4978-8615-26ff1130170c/1312x894.jpg,See the details of this Chalet for Sale in Ramla.,12000000
76236454,2BR Chalet for Sale in Qesm Marsa Matrouh,https://www.propertyfinder.eg/to/TPBYBVQQFHHRK1V991YCT54QCW/en,https://static.shared.propertyfinder.eg/media/images/listing/TPBYBVQQFHHRK1V991YCT54QCW/e5c63335-dec7-4587-9b89-1d9cbe229bdb/1312x894.jpg,See the details of this Chalet for Sale in Silver Sands.,12000000
76236448,2BR Chalet for Sale in Qesm Ad Dabaah,https://www.propertyfinder.eg/to/HB5ERSNJ5F3TW21F69YY9YV7EC/en,https://static.shared.propertyfinder.eg/media/images/listing/HB5ERSNJ5F3TW21F69YY9YV7EC/fe653d45-1283-407d-b985-d1bf26554fe3/1312x894.jpg,See the details of this Chalet for Sale in Ramla Lakeside.,12000000
76236436,2BR Chalet for Sale in Qesm Ad Dabaah,https://www.propertyfinder.eg/to/K0RS35AKQ06SMJMMFG7J2QVVPG/en,https://static.shared.propertyfinder.eg/media/images/listing/K0RS35AKQ06SMJMMFG7J2QVVPG/a3a212f8-6b75-45fa-ad5c-2401a83cab6d/1312x894.jpg,See the details of this Chalet for Sale in Hacienda Waters.,11000000
76236430,2BR Chalet for Sale in Sidi Abdel Rahman,https://www.propertyfinder.eg/to/SN3EYAFCN2FHP1PVMM2GW4PV1R/en,https://static.shared.propertyfinder.eg/media/images/listing/SN3EYAFCN2FHP1PVMM2GW4PV1R/7e35db24-0535-4523-b83c-dc0fd4262987/1312x894.jpg,See the details of this Chalet for Sale in Hacienda Bay.,11000000
76236425,2BR Chalet for Sale in Ras Al Hekma,https://www.propertyfinder.eg/to/HH0AZBCAFMWS7VAE8AZAV5WJKG/en,https://static.shared.propertyfinder.eg/media/images/listing/HH0AZBCAFMWS7VAE8AZAV5WJKG/6306d6ce-50aa-4aa0-aa48-57f41ece840a/1312x894.jpg,See the details of this Chalet for Sale in Modon Abu Dhabi.,12000000
76236407,3BR Apartment for Sale in Mostakbal City - Future City,https://www.propertyfinder.eg/to/132WCT9HTG9E1F7SHAZHPFKEE8/en,https://static.shared.propertyfinder.eg/media/images/listing/132WCT9HTG9E1F7SHAZHPFKEE8/168db948-181d-4b36-a500-8cf9d6254233/1312x894.jpg,See the details of this Apartment for Sale in HAP Town.,6600000
76236225,2BR Chalet for Sale in Al Alamein,https://www.propertyfinder.eg/to/4AMHBM7PYAYKX65T7T13VF864R/en,https://static.shared.propertyfinder.eg/media/images/listing/4AMHBM7PYAYKX65T7T13VF864R/2e5c84c5-c8d0-48d9-81fc-b093d5a08d46/1312x894.jpg,See the details of this Chalet for Sale in Marina 5.,2360000
76236197,3BR Chalet for Sale in Ras Al Hekma,https://www.propertyfinder.eg/to/3903ERMWJWP8X36K5S6MYYAXX4/en,https://static.shared.propertyfinder.eg/media/images/listing/3903ERMWJWP8X36K5S6MYYAXX4/99b79a3d-cd4b-42d6-a1fb-c6e88183ae74/1312x894.jpg,See the details of this Chalet for Sale in June.,4965920
76236040,5BR Villa for Sale in Sheikh Zayed City,https://www.propertyfinder.eg/to/R2TWPVZMFD16C1Z8GM137T53ZM/en,https://static.shared.propertyfinder.eg/media/images/listing/R2TWPVZMFD16C1Z8GM137T53ZM/02287b01-f774-4385-866f-192983642b39/1312x894.jpg,See the details of this Villa for Sale in The Estates.,41555760
76236005,3BR Apartment for Sale in Sheikh Zayed City,https://www.propertyfinder.eg/to/Z2AAG68V9EJFMZVBVZZPTX20CG/en,https://static.shared.propertyfinder.eg/media/images/listing/Z2AAG68V9EJFMZVBVZZPTX20CG/443ba7c9-1cb4-4f88-9dae-cacd0e953c61/1312x894.jpg,See the details of this Apartment for Sale in Belle Vie.,14000000
76235994,3BR Apartment for Sale in New Capital City,https://www.propertyfinder.eg/to/CMEPX3C0PBMCN95AC99W3JN87M/en,https://static.shared.propertyfinder.eg/media/images/listing/CMEPX3C0PBMCN95AC99W3JN87M/16139cea-7d06-4899-90e5-5b1bad9bdf7b/1312x894.jpg,See the details of this Apartment for Sale in La Verde Casette.,7800000
76235960,3BR Apartment for Sale in New Cairo City,https://www.propertyfinder.eg/to/FZCDETQPQZ71FDHWMZCEBF72X4/en,https://static.shared.propertyfinder.eg/media/images/listing/FZCDETQPQZ71FDHWMZCEBF72X4/94864a92-5a90-45ec-ba5f-639bbacd2364/1312x894.jpg,See the details of this Apartment for Sale in The Address East.,6850000
76235815,2BR Apartment for Sale in New Cairo City,https://www.propertyfinder.eg/to/320VH2GV1DWNZG9CAT6WWY8QVW/en,https://static.shared.propertyfinder.eg/media/images/listing/320VH2GV1DWNZG9CAT6WWY8QVW/bc46bb59-823f-434b-bae1-f328e44fb5ad/1312x894.jpg,See the details of this Apartment for Sale in El Patio Oro.,7200000
76235732,3BR Apartment for Sale in 6 October City,https://www.propertyfinder.eg/to/KKBZFTB32G7C6W06C2MQXRYC44/en,https://static.shared.propertyfinder.eg/media/images/listing/KKBZFTB32G7C6W06C2MQXRYC44/80448cbf-7a4c-4511-a872-c4bb469d977f/1312x894.jpg,See the details of this Apartment for Sale in The Crown.,5500000
76235589,2BR Apartment for Sale in Sheikh Zayed City,https://www.propertyfinder.eg/to/SSZRAHWYWR2CXQ1D319DG8EZ14/en,https://static.shared.propertyfinder.eg/media/images/listing/SSZRAHWYWR2CXQ1D319DG8EZ14/bd475042-bed7-4adb-801b-7da98d08ece9/1312x894.jpg,See the details of this Apartment for Sale in Aura.,7250000
76235492,1BR Apartment for Sale in New Cairo City,https://www.propertyfinder.eg/to/ZAT40K34BR983C4TJZRF4630ZW/en,https://static.shared.propertyfinder.eg/media/images/listing/ZAT40K34BR983C4TJZRF4630ZW/6a68283e-b877-4cea-8aa1-fb6c013f2ee6/1312x894.jpg,See the details of this Apartment for Sale in Shalya Taj City.,5600000
76235491,4BR Apartment for Sale in New Cairo City,https://www.propertyfinder.eg/to/D4F4M3FKE6J9JYGXS9P2A9J4X0/en,https://static.shared.propertyfinder.eg/media/images/listing/D4F4M3FKE6J9JYGXS9P2A9J4X0/68f867c2-786c-4aac-ad7a-2309eb7f544b/1312x894.jpg,See the details of this Apartment for Sale in Stone Residence.,7600000
76235400,3BR Apartment for Sale in New Cairo City,https://www.propertyfinder.eg/to/E10EQSVHAFJJYPE6MWQETNC6HR/en,https://static.shared.propertyfinder.eg/media/images/listing/E10EQSVHAFJJYPE6MWQETNC6HR/4ebfac73-7795-4257-bd40-95e086600b0b/1312x894.jpg,See the details of this Apartment for Sale in Mountain View iCity.,7473774
76235360,2BR Apartment for Sale in New Cairo City,https://www.propertyfinder.eg/to/AYS3AJN3Q2QZXY0SK8JAT0GX4W/en,https://static.shared.propertyfinder.eg/media/images/listing/AYS3AJN3Q2QZXY0SK8JAT0GX4W/64628393-a4a2-49a7-bcf8-6cf2136bc117/1312x894.jpg,See the details of this Apartment for Sale in Palm Hills New Cairo.,9903000
76235170,4BR Townhouse for Sale in New Heliopolis,https://www.propertyfinder.eg/to/2W38TJ8ZP2J81A8B6PKJM8F5SG/en,https://static.shared.propertyfinder.eg/media/images/listing/2W38TJ8ZP2J81A8B6PKJM8F5SG/d9f7b10c-71fb-4664-8891-370b588c5316/1312x894.jpg,See the details of this Townhouse for Sale in Sodic East.,14500000
76235059,3BR Apartment for Sale in 6 October City,https://www.propertyfinder.eg/to/XRMCJWCV6YKK53BERDZFSW994W/en,https://static.shared.propertyfinder.eg/media/images/listing/XRMCJWCV6YKK53BERDZFSW994W/1fa5aafb-525d-4ce7-a90e-b91fbf68740c/1312x894.jpg,See the details of this Apartment for Sale in O West.,11500000
76235006,2BR Hotel Apartment for Sale in Qesm Marsa Matrouh,https://www.propertyfinder.eg/to/GFHS0WQ3NDFKYMC8M8Q6BEZEZW/en,https://static.shared.propertyfinder.eg/media/images/listing/GFHS0WQ3NDFKYMC8M8Q6BEZEZW/1e148f6c-b5b7-4684-87ca-0fdd2af6ec86/1312x894.jpg,See the details of this Hotel Apartment for Sale in Fouka Bay.,4458550
76235001,1BR Apartment for Sale in New Cairo City,https://www.propertyfinder.eg/to/36ZT0PDPRHNZ2KR54HQGDH3V0W/en,https://static.shared.propertyfinder.eg/media/images/listing/36ZT0PDPRHNZ2KR54HQGDH3V0W/f2192acd-d801-4f8d-bb70-78aed6f19cb5/1312x894.jpg,See the details of this Apartment for Sale in Taj City.,3700000
76234905,2BR Apartment for Sale in Mostakbal City - Future City,https://www.propertyfinder.eg/to/93EY496PBFV7CZPB0NDC6MNY6C/en,https://static.shared.propertyfinder.eg/media/images/listing/93EY496PBFV7CZPB0NDC6MNY6C/f4542196-6c50-40f8-ba04-82fbec00eb44/1312x894.jpg,See the details of this Apartment for Sale in HAP Town.,5300000
76234863,2BR Apartment for Sale in New Cairo City,https://www.propertyfinder.eg/to/SVPRX23CSSWZJ0JF352RTTJQQ8/en,https://static.shared.propertyfinder.eg/media/images/listing/SVPRX23CSSWZJ0JF352RTTJQQ8/be3da084-c362-4cfa-8f5f-d63a9e7b5859/1312x894.jpg,See the details of this Apartment for Sale in Taj City.,5370000
76234797,3BR Duplex for Sale in New Cairo City,https://www.propertyfinder.eg/to/C5QV5ZXM3K30S2XV33KHQK7YKW/en,https://static.shared.propertyfinder.eg/media/images/listing/C5QV5ZXM3K30S2XV33KHQK7YKW/a75193c3-0c4e-431c-b03a-33a9a8a9ec7c/1312x894.jpg,See the details of this Duplex for Sale in Palm Hills Village Avenue.,20550000
76234736,2BR Apartment for Sale in New Cairo City,https://www.propertyfinder.eg/to/T0NJ1ZTBE4AYT2CBQKMD5QJYTC/en,https://static.shared.propertyfinder.eg/media/images/listing/T0NJ1ZTBE4AYT2CBQKMD5QJYTC/b8851f50-d267-41f0-95bd-0ba08945930f/1312x894.jpg,See the details of this Apartment for Sale in Taj City.,5900000
76234685,3BR Apartment for Sale in New Cairo City,https://www.propertyfinder.eg/to/Q8HR1DMDAMJWTR10RCV1DG4K58/en,https://static.shared.propertyfinder.eg/media/images/listing/Q8HR1DMDAMJWTR10RCV1DG4K58/a55d98b8-baa1-4104-8225-aae57eeb4916/1312x894.jpg,See the details of this Apartment for Sale in Mountain View 1.1.,7750000
76234655,5BR Villa for Sale in Sheikh Zayed City,https://www.propertyfinder.eg/to/3J3TDMKT7QHDDN3KMA5G8MAA30/en,https://static.shared.propertyfinder.eg/media/images/listing/3J3TDMKT7QHDDN3KMA5G8MAA30/a130e8ae-adaa-40c9-a64a-ee0e349bc547/1312x894.jpg,See the details of this Villa for Sale in Isola Villas.,9900000
76234183,3BR Apartment for Sale in Mokattam,https://www.propertyfinder.eg/to/H7CHY69GTA0S6DPEN4XCJV7JKC/en,https://static.shared.propertyfinder.eg/media/images/listing/H7CHY69GTA0S6DPEN4XCJV7JKC/da298db0-9896-403e-a650-fff7482d463c/1312x894.jpg,See the details of this Apartment for Sale in The Fourteen Golf Residences.,21000000
76234173,2BR Apartment for Sale in Mostakbal City - Future City,https://www.propertyfinder.eg/to/DHES5PG0SGJVNW2EDRCWPMC2MC/en,https://static.shared.propertyfinder.eg/media/images/listing/DHES5PG0SGJVNW2EDRCWPMC2MC/e596f937-92eb-46b0-bdbb-b68b55fd43a4/1312x894.jpg,See the details of this Apartment for Sale in S2.,3300000
76234134,2BR Apartment for Sale in El Nozha,https://www.propertyfinder.eg/to/BEY154K70TWVPQNQ9PC1VT5KB0/en,https://static.shared.propertyfinder.eg/media/images/listing/BEY154K70TWVPQNQ9PC1VT5KB0/359e91b3-f30b-4898-bccb-3823dd3ac1ec/1312x894.jpg,See the details of this Apartment for Sale in Masaken Sheraton.,3307000
76234012,3BR Apartment for Sale in Mokattam,https://www.propertyfinder.eg/to/H2HYA731S0E2GAJA6BXA956DRR/en,https://static.shared.propertyfinder.eg/media/images/listing/H2HYA731S0E2GAJA6BXA956DRR/7b25b4be-a2e4-4fbf-aff8-06ad77d95c87/1312x894.jpg,See the details of this Apartment for Sale in The Fourteen Golf Residences.,21511000
76234003,3BR Apartment for Sale in New Heliopolis,https://www.propertyfinder.eg/to/74HTFWYZ1RW8JNMN3QHW743DKR/en,https://static.shared.propertyfinder.eg/media/images/listing/74HTFWYZ1RW8JNMN3QHW743DKR/f961c528-8bdb-4629-846c-60ded7661354/1312x894.jpg,See the details of this Apartment for Sale in Sodic East.,8000000
76233921,3BR Villa for Sale in New Capital City,https://www.propertyfinder.eg/to/BPWCKHWJ0JQGMFK6WBHQ7TSBGW/en,https://static.shared.propertyfinder.eg/media/images/listing/BPWCKHWJ0JQGMFK6WBHQ7TSBGW/5af0f498-e490-4c5b-9ccd-6f5969d99e15/1312x894.jpg,See the details of this Villa for Sale in La Vista City.,29858088
76233918,2BR Apartment for Sale in Sheikh Zayed City,https://www.propertyfinder.eg/to/2C7E37E4TBHFXZXCC9SPQXW7A4/en,https://static.shared.propertyfinder.eg/media/images/listing/2C7E37E4TBHFXZXCC9SPQXW7A4/c19f1fde-1f11-49fa-9801-f7c7c05a4604/1312x894.jpg,See the details of this Apartment for Sale in MarVille New Zayed.,11000000
76233910,3BR Townhouse for Sale in Ras Al Hekma,https://www.propertyfinder.eg/to/PRADHRV0ZHJ25QEK7D2QMC5FR8/en,https://static.shared.propertyfinder.eg/media/images/listing/PRADHRV0ZHJ25QEK7D2QMC5FR8/90a75104-377f-4848-9a97-79cbe1d2398b/1312x894.jpg,See the details of this Townhouse for Sale in Safia.,21000000
76233890,3BR Apartment for Sale in New Cairo City,https://www.propertyfinder.eg/to/8N1F7QDMHSHJQ4H04ZPYHB6XE4/en,https://static.shared.propertyfinder.eg/media/images/listing/8N1F7QDMHSHJQ4H04ZPYHB6XE4/a10ff9fa-0dae-42f7-a0aa-33e8479dd3b6/1312x894.jpg,See the details of this Apartment for Sale in The Icon Residence.,7000000
76233889,3BR Apartment for Sale in Sheikh Zayed City,https://www.propertyfinder.eg/to/5NQE221RW9E3EDKHWFAMBHPM5G/en,https://static.shared.propertyfinder.eg/media/images/listing/5NQE221RW9E3EDKHWFAMBHPM5G/4fd3d89e-7f00-49f6-adbb-dcf403cb4b44/1312x894.jpg,See the details of this Apartment for Sale in Six West.,9000000
76233871,3BR Chalet for Sale in Ras Al Hekma,https://www.propertyfinder.eg/to/JCT2F3GJEV5XG2SHS3AC5GVH5R/en,https://static.shared.propertyfinder.eg/media/images/listing/JCT2F3GJEV5XG2SHS3AC5GVH5R/29bc6393-28e7-4cee-9058-2392ad97195d/1312x894.jpg,See the details of this Chalet for Sale in Azha North.,27503000
76233833,3BR iVilla for Sale in New Cairo City,https://www.propertyfinder.eg/to/RVCR78X9KYPA1HQ5MM8K1P10XR/en,https://static.shared.propertyfinder.eg/media/images/listing/RVCR78X9KYPA1HQ5MM8K1P10XR/5c1b1724-e890-41f1-9cf9-e839f13db5cd/1312x894.jpg,See the details of this iVilla for Sale in Mountain View Hyde Park.,17900000
76233754,3BR Apartment for Sale in New Cairo City,https://www.propertyfinder.eg/to/NHRP87N2H3TEVJYH6TEZSW5P6M/en,https://static.shared.propertyfinder.eg/media/images/listing/NHRP87N2H3TEVJYH6TEZSW5P6M/45fd79e1-9c7a-4250-8309-15ec9fc60b42/1312x894.jpg,See the details of this Apartment for Sale in The Icon Residence.,7058000
76233743,4BR Townhouse for Sale in Sheikh Zayed City,https://www.propertyfinder.eg/to/HRJDYFBCHRF2A1V8ANQTKF0FE8/en,https://static.shared.propertyfinder.eg/media/images/listing/HRJDYFBCHRF2A1V8ANQTKF0FE8/7c156958-7025-4a26-9f78-12e85e9a8436/1312x894.jpg,See the details of this Townhouse for Sale in Patio Al Zahraa.,6950000
76233732,4BR Townhouse for Sale in Sheikh Zayed City,https://www.propertyfinder.eg/to/DPQ35JY601026N1X7888X7WVKC/en,https://static.shared.propertyfinder.eg/media/images/listing/DPQ35JY601026N1X7888X7WVKC/6cf3d76a-604e-44e8-9885-e040a8f113fe/1312x894.jpg,See the details of this Townhouse for Sale in Belle Vie.,19500000
76233710,4BR Townhouse for Sale in 6 October City,https://www.propertyfinder.eg/to/GEN19JZ2ST8682E832JC06SSAG/en,https://static.shared.propertyfinder.eg/media/images/listing/GEN19JZ2ST8682E832JC06SSAG/54a649d6-135c-4b0f-b57d-5eadad377c5d/1312x894.jpg,See the details of this Townhouse for Sale in Mountain View 4.,6000000
76233664,3BR Villa for Sale in Sheikh Zayed City,https://www.propertyfinder.eg/to/9JR16WGTP468YZ0M538YE3272M/en,https://static.shared.propertyfinder.eg/media/images/listing/9JR16WGTP468YZ0M538YE3272M/92bff2a2-0b35-4955-86b8-8215619d6969/1312x894.jpg,See the details of this Villa for Sale in Eden.,18733000
76233647,3BR Chalet for Sale in Al Ain Al Sokhna,https://www.propertyfinder.eg/to/X4FNS1BVGPH9T4AWWBPVT53CW4/en,https://static.shared.propertyfinder.eg/media/images/listing/X4FNS1BVGPH9T4AWWBPVT53CW4/9a34a462-85f8-4965-a54f-7a18c9fc6b48/1312x894.jpg,See the details of this Chalet for Sale in La Vista Gardens.,1550000
76233638,5BR Villa for Sale in Mostakbal City - Future City,https://www.propertyfinder.eg/to/X8RJN4JS7XHEM355VRC4T9VQSR/en,https://static.shared.propertyfinder.eg/media/images/listing/X8RJN4JS7XHEM355VRC4T9VQSR/e5dd54fb-3661-4d4b-97e5-d937e53d2e68/1312x894.jpg,See the details of this Villa for Sale in Esse Residence.,11700000
76233629,3BR Villa for Sale in Sheikh Zayed City,https://www.propertyfinder.eg/to/GZHS07ZZPDK2HRX8HDB7Q8CZ8G/en,https://static.shared.propertyfinder.eg/media/images/listing/GZHS07ZZPDK2HRX8HDB7Q8CZ8G/508ef9eb-95e1-425c-add0-5150d0cb964b/1312x894.jpg,See the details of this Villa for Sale in Belle Vie.,35502903
76233562,3BR Apartment for Sale in Mokattam,https://www.propertyfinder.eg/to/PZ99PA97TNSBVPCKA3BC9YZGDM/en,https://static.shared.propertyfinder.eg/media/images/listing/PZ99PA97TNSBVPCKA3BC9YZGDM/548a95b6-5cde-491b-b048-419fd69e70be/1312x894.jpg,See the details of this Apartment for Sale in The Fourteen Golf Residences.,26250000
76233530,2BR Apartment for Sale in New Cairo City,https://www.propertyfinder.eg/to/CGE4PTKHRWJ7R7W6M63AZ5HPMR/en,https://static.shared.propertyfinder.eg/media/images/listing/CGE4PTKHRWJ7R7W6M63AZ5HPMR/0ea63be9-5942-4ce1-a3b6-869a39bc04d9/1312x894.jpg,See the details of this Apartment for Sale in 90 Avenue.,13350000
76233522,4BR Twin House for Sale in Sheikh Zayed City,https://www.propertyfinder.eg/to/W56HWD0PNN6HRD9FT6AWV3PAJR/en,https://static.shared.propertyfinder.eg/media/images/listing/W56HWD0PNN6HRD9FT6AWV3PAJR/89ee22a1-e65a-4b3a-8e16-e70839675385/1312x894.jpg,See the details of this Twin House for Sale in The Estates.,25000000
76233484,2BR Apartment for Sale in Mokattam,https://www.propertyfinder.eg/to/AKGK322HGNE6458Z3K932QP5JG/en,https://static.shared.propertyfinder.eg/media/images/listing/AKGK322HGNE6458Z3K932QP5JG/592ddc60-3a75-45d4-b95f-1c186994a4b4/1312x894.jpg,See the details of this Apartment for Sale in Aurora.,16400000
76233295,3BR Chalet for Sale in Ras Al Hekma,https://www.propertyfinder.eg/to/XYCGYJA2CC4KBZAGX1H94DQYBW/en,https://static.shared.propertyfinder.eg/media/images/listing/XYCGYJA2CC4KBZAGX1H94DQYBW/2695f722-5845-4494-b12e-5021d62e721f/1312x894.jpg,See the details of this Chalet for Sale in Direction White.,16000000
76233264,2BR Apartment for Sale in Shorouk City,https://www.propertyfinder.eg/to/WFWX3JGAD11CFJ6WK00Y42R7XW/en,https://static.shared.propertyfinder.eg/media/images/listing/WFWX3JGAD11CFJ6WK00Y42R7XW/33275ad3-d574-47a8-bded-44506035f39e/1312x894.jpg,See the details of this Apartment for Sale in Aljar.,6600000
76233122,2BR Apartment for Sale in New Cairo City,https://www.propertyfinder.eg/to/58PSX1V1KH5AFNC24T1X6YKTH4/en,https://static.shared.propertyfinder.eg/media/images/listing/58PSX1V1KH5AFNC24T1X6YKTH4/79fea9d4-f869-4e31-9e7b-5d6f1f540811/1312x894.jpg,See the details of this Apartment for Sale in Palm Hills New Cairo.,16642000
76233070,3BR Duplex for Sale in New Cairo City,https://www.propertyfinder.eg/to/DR4SQEQ487PAP78YVMTY53SC6G/en,https://static.shared.propertyfinder.eg/media/images/listing/DR4SQEQ487PAP78YVMTY53SC6G/f4a7aaff-f7ba-40db-bcb5-04d190688dad/1312x894.jpg,See the details of this Duplex for Sale in TRIO.,12000000
76233063,3BR Townhouse for Sale in Sidi Abdel Rahman,https://www.propertyfinder.eg/to/VYQ0WPGBVNXYZFPHWCNXQRQ7QM/en,https://static.shared.propertyfinder.eg/media/images/listing/VYQ0WPGBVNXYZFPHWCNXQRQ7QM/c8a53786-7976-4512-a828-4cd0ba5a0e68/1312x894.jpg,See the details of this Townhouse for Sale in Playa Resort.,22500000
76232794,3BR Townhouse for Sale in New Cairo City,https://www.propertyfinder.eg/to/C611F7NHHRY6Q7KN5H1WSSN75W/en,https://static.shared.propertyfinder.eg/media/images/listing/C611F7NHHRY6Q7KN5H1WSSN75W/eee8d8f6-2336-452d-820c-0722ceb9169b/1312x894.jpg,See the details of this Townhouse for Sale in City Gate.,23000000
76232680,3BR Apartment for Sale in New Cairo City,https://www.propertyfinder.eg/to/RKKAXZYMGAN70PBAA5M1HEMF1R/en,https://static.shared.propertyfinder.eg/media/images/listing/RKKAXZYMGAN70PBAA5M1HEMF1R/da38172b-e678-4e4b-b77e-f198ebecb921/1312x894.jpg,See the details of this Apartment for Sale in Palm Hills New Cairo.,23733000
76232478,3BR Villa for Sale in Sheikh Zayed City,https://www.propertyfinder.eg/to/Y6JNKN8ZVKF3EXJH5CR5V9H62M/en,https://static.shared.propertyfinder.eg/media/images/listing/Y6JNKN8ZVKF3EXJH5CR5V9H62M/c80f473c-c26c-478d-b98a-f798850dcc83/1312x894.jpg,See the details of this Villa for Sale in Belle Vie.,28000000
76232475,4BR Townhouse for Sale in New Cairo City,https://www.propertyfinder.eg/to/5PDSCP5TFQVD390DZNW0808QDW/en,https://static.shared.propertyfinder.eg/media/images/listing/5PDSCP5TFQVD390DZNW0808QDW/337b251e-4f8a-4dda-aa85-0f166d2489cc/1312x894.jpg,See the details of this Townhouse for Sale in Gardenville.,15240000
76232432,1BR Cabin for Sale in Sidi Abdel Rahman,https://www.propertyfinder.eg/to/RFHAE2HG2ZESDQZA8PFZ3TD8JC/en,https://static.shared.propertyfinder.eg/media/images/listing/RFHAE2HG2ZESDQZA8PFZ3TD8JC/6699c6fa-4fa8-4d15-909f-ce78c62c52b9/1312x894.jpg,See the details of this Cabin for Sale in Hacienda White.,10000000
76232364,3BR Apartment for Sale in New Cairo City,https://www.propertyfinder.eg/to/36ER2P1XXKBHPKS4AYH0PCGXD8/en,https://static.shared.propertyfinder.eg/media/images/listing/36ER2P1XXKBHPKS4AYH0PCGXD8/3c1c9688-f5b0-4e82-84dd-72e4f44fc11d/1312x894.jpg,See the details of this Apartment for Sale in Palm Hills New Cairo.,27770000
76232204,4BR Penthouse for Sale in Sidi Abdel Rahman,https://www.propertyfinder.eg/to/7TZ8QSM3EZ484PY8NVBG3ZK1TM/en,https://static.shared.propertyfinder.eg/media/images/listing/7TZ8QSM3EZ484PY8NVBG3ZK1TM/74f69e43-f8ae-4c4a-9dc7-ee6d8ed05581/1312x894.jpg,See the details of this Penthouse for Sale in Hacienda White.,35000000
76231979,3BR Twin House for Sale in New Cairo City,https://www.propertyfinder.eg/to/VKWKKT6VKS91J22220T47XJM9W/en,https://static.shared.propertyfinder.eg/media/images/listing/VKWKKT6VKS91J22220T47XJM9W/aa3819ba-6d83-4912-b8e8-b6eaddb480fa/1312x894.jpg,See the details of this Twin House for Sale in City Gate.,34516800
76231805,5BR Townhouse for Sale in Mostakbal City - Future City,https://www.propertyfinder.eg/to/JKDNCZH04BMB307RDV83GYX0F0/en,https://static.shared.propertyfinder.eg/media/images/listing/JKDNCZH04BMB307RDV83GYX0F0/67b785a8-3c05-42e6-98c9-a611a54679b3/1312x894.jpg,See the details of this Townhouse for Sale in Rosail City.,13500000
76231784,4BR Villa for Sale in Ras Al Hekma,https://www.propertyfinder.eg/to/MKQVBBVC1XP7KPVYQ8HAAYCGV4/en,https://static.shared.propertyfinder.eg/media/images/listing/MKQVBBVC1XP7KPVYQ8HAAYCGV4/72dbee26-3e38-43a4-bb9d-7f5ee0c13f1b/1312x894.jpg,See the details of this Villa for Sale in Ramla.,36890000
76231769,2BR Apartment for Sale in New Cairo City,https://www.propertyfinder.eg/to/BWHM2H9QGWGV1G3SKA3D4VT2J8/en,https://static.shared.propertyfinder.eg/media/images/listing/BWHM2H9QGWGV1G3SKA3D4VT2J8/4bf8e41b-2d7b-4259-bd80-cad6697e95d9/1312x894.jpg,See the details of this Apartment for Sale in Galleria Moon Valley.,8250000
76231286,2BR Apartment for Sale in 6 October City,https://www.propertyfinder.eg/to/ZZ721Y02ZHD8QS2FB0GWAB5ZRC/en,https://static.shared.propertyfinder.eg/media/images/listing/ZZ721Y02ZHD8QS2FB0GWAB5ZRC/adf805ad-383f-48ec-a691-4cb4457fdab5/1312x894.jpg,See the details of this Apartment for Sale in October Plaza.,9430000
76231201,3BR Apartment for Sale in New Cairo City,https://www.propertyfinder.eg/to/GRBGT20RHGTG97TG8ZFK6YFBNM/en,https://static.shared.propertyfinder.eg/media/images/listing/GRBGT20RHGTG97TG8ZFK6YFBNM/83ae5898-c41c-414a-a033-f1fd5407a3fe/1312x894.jpg,See the details of this Apartment for Sale in The Icon Residence.,5353000
76231137,4BR Apartment for Sale in Hay Sharq,https://www.propertyfinder.eg/to/0P6PH2HZ1R79VK0VF8MXYM66CR/en,https://static.shared.propertyfinder.eg/media/images/listing/0P6PH2HZ1R79VK0VF8MXYM66CR/6a2e04d4-2cb0-46c8-b953-a4424edce7e7/1312x894.jpg,See the details of this Apartment for Sale in Vee Muruj.,12065000
76231069,3BR Villa for Sale in 6 October City,https://www.propertyfinder.eg/to/STA8CZKHF72157524A1B4SGBZ0/en,https://static.shared.propertyfinder.eg/media/images/listing/STA8CZKHF72157524A1B4SGBZ0/6f96845f-1267-4307-bcb0-3575a5bd74f7/1312x894.jpg,See the details of this Villa for Sale in O West.,20500000
76230814,Office for Sale in New Cairo City,https://www.propertyfinder.eg/to/B433A6WMY45EPZDD3Z7HH03EN4/en,https://static.shared.propertyfinder.eg/media/images/listing/B433A6WMY45EPZDD3Z7HH03EN4/ca2cd74d-fc0d-47b7-88d9-9db33c07d94d/1312x894.jpg,See the details of this Office for Sale in Cairo Festival City.,41349000
76230698,4BR Villa for Sale in 6 October City,https://www.propertyfinder.eg/to/CEHRHND3PG9H2SZ1CFQTC39T2G/en,https://static.shared.propertyfinder.eg/media/images/listing/CEHRHND3PG9H2SZ1CFQTC39T2G/8f73c216-c4fa-4e53-8561-3e29a7524906/1312x894.jpg,See the details of this Villa for Sale in O West.,25000000
76230697,2BR Apartment for Sale in New Cairo City,https://www.propertyfinder.eg/to/3J94SJMZXMRTFQ6N9HT5CMQT80/en,https://static.shared.propertyfinder.eg/media/images/listing/3J94SJMZXMRTFQ6N9HT5CMQT80/b6c56259-af92-48f0-abe3-2c087b1ba32c/1312x894.jpg,See the details of this Apartment for Sale in Mountain View iCity.,7700000
76230561,1BR Chalet for Sale in Al Ain Al Sokhna,https://www.propertyfinder.eg/to/4AEZDS2F36HGF224Z6C40VPSH8/en,https://static.shared.propertyfinder.eg/media/images/listing/4AEZDS2F36HGF224Z6C40VPSH8/5b859fd1-4eb3-49e9-8b8b-0f16b5a4f794/1312x894.jpg,See the details of this Chalet for Sale in Malibu.,3600000
76230101,3BR iVilla for Sale in New Cairo City,https://www.propertyfinder.eg/to/5Z4W6KF0ZEXY6N724SF99DNA2G/en,https://static.shared.propertyfinder.eg/media/images/listing/5Z4W6KF0ZEXY6N724SF99DNA2G/b62bb370-6d54-4bbf-a515-4bde71feb204/1312x894.jpg,See the details of this iVilla for Sale in Mountain View Hyde Park.,18000000
76230080,3BR Apartment for Sale in New Cairo City,https://www.propertyfinder.eg/to/RYTF7NSM96FB97NS7T8G816SRC/en,https://static.shared.propertyfinder.eg/media/images/listing/RYTF7NSM96FB97NS7T8G816SRC/31c6fcea-ba2a-4e1c-b440-31baf1fb7a6c/1312x894.jpg,See the details of this Apartment for Sale in Cairo Festival City.,22345000
76230052,3BR Apartment for Sale in New Cairo City,https://www.propertyfinder.eg/to/YXAKEFVXXD7B0Q3JWK5AZM9Q8R/en,https://static.shared.propertyfinder.eg/media/images/listing/YXAKEFVXXD7B0Q3JWK5AZM9Q8R/f9c6a15c-d51f-4e9f-8b03-7dc18712f3ab/1312x894.jpg,See the details of this Apartment for Sale in 90 Avenue.,15500000
76230047,3BR Apartment for Sale in New Cairo City,https://www.propertyfinder.eg/to/4B72W285JFPGEJBT96CE5MFP3G/en,https://static.shared.propertyfinder.eg/media/images/listing/4B72W285JFPGEJBT96CE5MFP3G/f47a2922-6e1a-4ece-9644-cb50e6baee01/1312x894.jpg,See the details of this Apartment for Sale in Moon Residences.,12685000
76229902,2BR Apartment for Sale in Sheikh Zayed City,https://www.propertyfinder.eg/to/H68754GWVS48YB6NPPKZZHEM18/en,https://static.shared.propertyfinder.eg/media/images/listing/H68754GWVS48YB6NPPKZZHEM18/2c6288fa-bc07-424d-8587-730b4f779a08/1312x894.jpg,See the details of this Apartment for Sale in Belle Vie.,13800000
76229726,8BR Villa for Sale in Hay Sharq,https://www.propertyfinder.eg/to/QGG8CKMD4K7NQ3CCMN83B4YNF0/en,https://static.shared.propertyfinder.eg/media/images/listing/QGG8CKMD4K7NQ3CCMN83B4YNF0/ba55f19b-18a1-49b9-9bd7-c438d4ef7112/1312x894.jpg,See the details of this Villa for Sale in Callista Muruj Villas.,25500000
76229631,3BR Apartment for Sale in New Cairo City,https://www.propertyfinder.eg/to/EX1YESFKQQ386JTTDARWNQE4SR/en,https://static.shared.propertyfinder.eg/media/images/listing/EX1YESFKQQ386JTTDARWNQE4SR/6def6ef4-e501-4e3f-8e5a-82eeec8e6717/1312x894.jpg,See the details of this Apartment for Sale in Hyde Park.,12000000
76229626,4BR Twin House for Sale in New Cairo City,https://www.propertyfinder.eg/to/297FPCT4HQ2V8P7Z9DNR90MK9G/en,https://static.shared.propertyfinder.eg/media/images/listing/297FPCT4HQ2V8P7Z9DNR90MK9G/7e4b2fd5-be68-442c-9bf3-aa5895d1759b/1312x894.jpg,See the details of this Twin House for Sale in Saada Compound.,28500000
76229573,Office for Sale in New Cairo City,https://www.propertyfinder.eg/to/68CFS1AXP29S039M1M4C069398/en,https://static.shared.propertyfinder.eg/media/images/listing/68CFS1AXP29S039M1M4C069398/74311e22-ebcc-4bf0-8d30-15ad23eda2f1/1312x894.jpg,See the details of this Office for Sale in Eastown.,50000000
76229479,2BR Apartment for Sale in New Cairo City,https://www.propertyfinder.eg/to/43Z0H8KHH8PK2BQD3TYNM2KJYC/en,https://static.shared.propertyfinder.eg/media/images/listing/43Z0H8KHH8PK2BQD3TYNM2KJYC/4d8f3888-d8df-465f-9612-7063bc4ad678/1312x894.jpg,See the details of this Apartment for Sale in Hyde Park.,7448000
76229441,3BR Apartment for Sale in New Cairo City,https://www.propertyfinder.eg/to/VN800V7TSR9YZN3QR1K2PCXCWM/en,https://static.shared.propertyfinder.eg/media/images/listing/VN800V7TSR9YZN3QR1K2PCXCWM/42ed4958-33d8-4b61-99ff-3c54302123b4/1312x894.jpg,See the details of this Apartment for Sale in Hyde Park.,10900000
76229419,3BR Apartment for Sale in New Cairo City,https://www.propertyfinder.eg/to/V7FFYSHWYBXBMAKFQAHRC9VEFG/en,https://static.shared.propertyfinder.eg/media/images/listing/V7FFYSHWYBXBMAKFQAHRC9VEFG/6002652d-cea4-48d3-92dc-8a56810e4124/1312x894.jpg,See the details of this Apartment for Sale in Moon Residences.,12579454
76229389,4BR Villa for Sale in Shorouk City,https://www.propertyfinder.eg/to/HPJQJN62GTQW51QSC2512BHBWC/en,https://static.shared.propertyfinder.eg/media/images/listing/HPJQJN62GTQW51QSC2512BHBWC/cf7b34dd-d888-4e60-a0d1-2f85ff34fd88/1312x894.jpg,See the details of this Villa for Sale in Al Burouj Compound.,22153000
76229228,3BR Twin House for Sale in New Cairo City,https://www.propertyfinder.eg/to/HM0X4M0VD9TT5PKCWDVQQKZYEG/en,https://static.shared.propertyfinder.eg/media/images/listing/HM0X4M0VD9TT5PKCWDVQQKZYEG/684ab24c-9d3f-42e8-9e6e-25be5a0af1a8/1312x894.jpg,See the details of this Twin House for Sale in City Gate.,24600000
76229206,3BR Chalet for Sale in Ras Al Hekma,https://www.propertyfinder.eg/to/J0D5917YX9KXV3X489FEEPXJ3M/en,https://static.shared.propertyfinder.eg/media/images/listing/J0D5917YX9KXV3X489FEEPXJ3M/ab61d0ab-1d7c-4936-9982-c98ce083f67f/1312x894.jpg,See the details of this Chalet for Sale in Mountain View.,9000000
76229172,Office for Sale in New Cairo City,https://www.propertyfinder.eg/to/REYHED1Y26YBM808ZY9YJ4GT5C/en,https://static.shared.propertyfinder.eg/media/images/listing/REYHED1Y26YBM808ZY9YJ4GT5C/a03172c1-b78e-4802-a43a-f8e40c8a1940/1312x894.jpg,See the details of this Office for Sale in 5A by The Waterway.,31500000
76229146,3BR Penthouse for Sale in New Cairo City,https://www.propertyfinder.eg/to/XHQXSJV2VP9SGD243AA04E1ZCG/en,https://static.shared.propertyfinder.eg/media/images/listing/XHQXSJV2VP9SGD243AA04E1ZCG/93dd3019-2af8-4454-9107-4a8b55e7d7b9/1312x894.jpg,See the details of this Penthouse for Sale in El Patio Oro.,12350000
76229133,Studio Chalet for Sale in Al Ain Al Sokhna,https://www.propertyfinder.eg/to/Q0CRK75NJ3Q6RHRBJ90MTESWEW/en,https://static.shared.propertyfinder.eg/media/images/listing/Q0CRK75NJ3Q6RHRBJ90MTESWEW/0a706979-b21d-457b-a3c5-903ab6ef9478/1312x894.jpg,See the details of this Chalet for Sale in Telal Al Sokhna.,3300000
76229124,3BR Apartment for Sale in New Cairo City,https://www.propertyfinder.eg/to/7QPJ7AC3DGQ9JR4551VS1M3238/en,https://static.shared.propertyfinder.eg/media/images/listing/7QPJ7AC3DGQ9JR4551VS1M3238/7202819d-e6bc-4b2b-b090-89d1dd5dfc28/1312x894.jpg,See the details of this Apartment for Sale in Mountain View Hyde Park.,8600000
76228907,2BR Chalet for Sale in Al Ain Al Sokhna,https://www.propertyfinder.eg/to/CVJK5E0P565AXFQX7G9FNZCYWR/en,https://static.shared.propertyfinder.eg/media/images/listing/CVJK5E0P565AXFQX7G9FNZCYWR/118441e4-1fe8-48dc-a1ea-5502daddcbd2/1312x894.jpg,See the details of this Chalet for Sale in La Vista Ray.,920000
76228905,Studio Apartment for Sale in New Heliopolis,https://www.propertyfinder.eg/to/6AXRFH9KJX0T3XBHT6EDGZVKB8/en,https://static.shared.propertyfinder.eg/media/images/listing/6AXRFH9KJX0T3XBHT6EDGZVKB8/98fb9b78-b47c-47e6-a9ff-2c46768fb96a/1312x894.jpg,See the details of this Apartment for Sale in Talala.,1600000
76228800,3BR Apartment for Sale in 6 October City,https://www.propertyfinder.eg/to/NP0NYK2KBC4H3A2T04G9YADHER/en,https://static.shared.propertyfinder.eg/media/images/listing/NP0NYK2KBC4H3A2T04G9YADHER/f75edadb-38d9-45e1-bf13-bcc90efc2e0d/1312x894.jpg,See the details of this Apartment for Sale in Aeon.,11000000
76228785,Studio Apartment for Sale in Mostakbal City - Future City,https://www.propertyfinder.eg/to/4J3GPQK19ESM2CPBW3SFDG3TZG/en,https://static.shared.propertyfinder.eg/media/images/listing/4J3GPQK19ESM2CPBW3SFDG3TZG/dc5ed9cf-ac01-4dec-a409-f743afb8ee7c/1312x894.jpg,See the details of this Apartment for Sale in Elan Sarai.,3084000
76228433,3BR Duplex for Sale in New Cairo City,https://www.propertyfinder.eg/to/6CNJZ5A2W8DGFEFDV8NDQ5C1WR/en,https://static.shared.propertyfinder.eg/media/images/listing/6CNJZ5A2W8DGFEFDV8NDQ5C1WR/b21f01c9-8bfc-47e7-8f83-be6119b37c2c/1312x894.jpg,See the details of this Duplex for Sale in The Address East.,12500000
76228393,Studio Apartment for Sale in New Cairo City,https://www.propertyfinder.eg/to/2EHAYV0JCVDZABY4T3JF4VGRN0/en,https://static.shared.propertyfinder.eg/media/images/listing/2EHAYV0JCVDZABY4T3JF4VGRN0/77fa41cf-79f3-4e69-bcae-5b71f74d1579/1312x894.jpg,See the details of this Apartment for Sale in The Icon Residence.,2112000
76228392,2BR Apartment for Sale in Sheikh Zayed City,https://www.propertyfinder.eg/to/G5RRK4Z95XYND8MY9Y0FRH47RW/en,https://static.shared.propertyfinder.eg/media/images/listing/G5RRK4Z95XYND8MY9Y0FRH47RW/6e9cf662-5de4-4418-9c38-5beb65c71074/1312x894.jpg,See the details of this Apartment for Sale in Eden.,12460206
76228218,3BR Villa for Sale in Sheikh Zayed City,https://www.propertyfinder.eg/to/NDA1K0W323BA51TH7YK180Q0C8/en,https://static.shared.propertyfinder.eg/media/images/listing/NDA1K0W323BA51TH7YK180Q0C8/f5199447-e9c1-42e1-970c-1e080752a28e/1312x894.jpg,See the details of this Villa for Sale in Belle Vie.,43025447
76228119,Studio Hotel Apartment for Sale in New Capital City,https://www.propertyfinder.eg/to/Y7812AQBQTSJM0AHQJS6HA6KD0/en,https://static.shared.propertyfinder.eg/media/images/listing/Y7812AQBQTSJM0AHQJS6HA6KD0/f29794a6-3232-4578-8abb-64a2759adc27/1312x894.jpg,See the details of this Hotel Apartment for Sale in Rivan.,4370000
76227897,2BR Apartment for Sale in 6 October City,https://www.propertyfinder.eg/to/C08KPPV047NZ7SWVYB86G17HKW/en,https://static.shared.propertyfinder.eg/media/images/listing/C08KPPV047NZ7SWVYB86G17HKW/a49e273b-2ca1-4884-a726-69f14f0d2daf/1312x894.jpg,See the details of this Apartment for Sale in Le Jardin.,2790000
76227870,3BR Townhouse for Sale in Sheikh Zayed City,https://www.propertyfinder.eg/to/R4V5REERX3JMFP62KMJ55PDEY0/en,https://static.shared.propertyfinder.eg/media/images/listing/R4V5REERX3JMFP62KMJ55PDEY0/1138c4f3-4436-49da-8440-43d56d783720/1312x894.jpg,See the details of this Townhouse for Sale in Belle Vie.,28498206
76227261,2BR Apartment for Sale in New Cairo City,https://www.propertyfinder.eg/to/R3GSRPEYB5N4P7B35H8CJ7K4AC/en,https://static.shared.propertyfinder.eg/media/images/listing/R3GSRPEYB5N4P7B35H8CJ7K4AC/7a6259b4-c6b1-40b3-a0fd-740f9497b334/1312x894.jpg,See the details of this Apartment for Sale in Palm Hills New Cairo.,5800000
76227207,3BR Penthouse for Sale in 6 October City,https://www.propertyfinder.eg/to/Q5C2Y79X1FD1QAGV2PJB1PPE30/en,https://static.shared.propertyfinder.eg/media/images/listing/Q5C2Y79X1FD1QAGV2PJB1PPE30/e23a8283-8cc9-4dce-8709-a30e49ac00f2/1312x894.jpg,See the details of this Penthouse for Sale in O West.,16500000
76227175,3BR Apartment for Sale in Mostakbal City - Future City,https://www.propertyfinder.eg/to/6D9ANVNHFPPG6EQR16PK5Y5MS0/en,https://static.shared.propertyfinder.eg/media/images/listing/6D9ANVNHFPPG6EQR16PK5Y5MS0/e444d375-c115-46c1-8fcc-a96b362c3199/1312x894.jpg,See the details of this Apartment for Sale in Esse Residence.,6100000
76226513,2BR Apartment for Sale in New Cairo City,https://www.propertyfinder.eg/to/816NJW3RKDFSKTMCCY7ZH23FER/en,https://static.shared.propertyfinder.eg/media/images/listing/816NJW3RKDFSKTMCCY7ZH23FER/8353ce8a-0173-4b5b-8597-3e3f64d6324a/1312x894.jpg,See the details of this Apartment for Sale in The Icon Residence.,3400000
76226328,Clinic for Sale in New Cairo City,https://www.propertyfinder.eg/to/W5ZGM0G5SE0ATH7VFKGMK12CSM/en,https://static.shared.propertyfinder.eg/media/images/listing/W5ZGM0G5SE0ATH7VFKGMK12CSM/00968807-54da-4dcc-9de2-8d74a43105ec/1312x894.jpg,See the details of this Clinic for Sale in ELEGANTRY.,6580000
76226266,3BR Penthouse for Sale in New Cairo City,https://www.propertyfinder.eg/to/E55WCJ1HDJK32FWCZYM93F4F08/en,https://static.shared.propertyfinder.eg/media/images/listing/E55WCJ1HDJK32FWCZYM93F4F08/fc144180-ee11-44f4-bab8-8ff5373700f1/1312x894.jpg,See the details of this Penthouse for Sale in El Patio Oro.,15500000
76226118,3BR iVilla for Sale in New Cairo City,https://www.propertyfinder.eg/to/KCPG13J0DRHBVWAEV817XRF6ZG/en,https://static.shared.propertyfinder.eg/media/images/listing/KCPG13J0DRHBVWAEV817XRF6ZG/5d401f9c-e2a3-472f-91b6-d47770d51d49/1312x894.jpg,See the details of this iVilla for Sale in Palm Hills New Cairo.,12900000
76226020,3BR Villa for Sale in Hurghada,https://www.propertyfinder.eg/to/6EVQGVME5MNQJJS1T8DFQ10028/en,https://static.shared.propertyfinder.eg/media/images/listing/6EVQGVME5MNQJJS1T8DFQ10028/57f2752a-fab3-4d1e-ba2f-acf972a80085/1312x894.jpg,See the details of this Villa for Sale in Mesca.,16900000
76225305,3BR Villa for Sale in New Cairo City,https://www.propertyfinder.eg/to/3KSCR6EB2EXVDTEDM9Z64VVNRC/en,https://static.shared.propertyfinder.eg/media/images/listing/3KSCR6EB2EXVDTEDM9Z64VVNRC/e8f91683-3993-4ce8-9a39-66fef151ed58/1312x894.jpg,See the details of this Villa for Sale in City Gate.,26000000
76225303,2BR Apartment for Sale in New Cairo City,https://www.propertyfinder.eg/to/BFZESVN9NV08FQC5KZ3FSA80RG/en,https://static.shared.propertyfinder.eg/media/images/listing/BFZESVN9NV08FQC5KZ3FSA80RG/e1141c9d-e363-489f-992f-fb5a917fba0f/1312x894.jpg,See the details of this Apartment for Sale in Shalya Taj City.,7136295
76225202,3BR Villa for Sale in New Cairo City,https://www.propertyfinder.eg/to/5XGR37RZWGVTHRJ8B0Y391438M/en,https://static.shared.propertyfinder.eg/media/images/listing/5XGR37RZWGVTHRJ8B0Y391438M/0241d033-ccdd-4804-a1b6-6939788e6ffe/1312x894.jpg,See the details of this Villa for Sale in Shalya Taj City.,13268000
76224635,4BR Villa for Sale in Sheikh Zayed City,https://www.propertyfinder.eg/to/VAEWEPYFRJVSM1CMNZGWPWNK48/en,https://static.shared.propertyfinder.eg/media/images/listing/VAEWEPYFRJVSM1CMNZGWPWNK48/02d8b1f6-b8cb-40ca-ba38-91e3eefb1021/1312x894.jpg,See the details of this Villa for Sale in Karmell.,22950000
76224336,6BR Villa for Sale in New Heliopolis,https://www.propertyfinder.eg/to/Q0CX9G8WQGSSGF0JY4JNPGYAR0/en,https://static.shared.propertyfinder.eg/media/images/listing/Q0CX9G8WQGSSGF0JY4JNPGYAR0/84d82969-d14c-4c56-89fe-982707f067a2/1312x894.jpg,See the details of this Villa for Sale in Sodic East.,31200000
76224267,3BR Apartment for Sale in Mostakbal City - Future City,https://www.propertyfinder.eg/to/4R6G24PAG20R1Z1YB14AXVCBQW/en,https://static.shared.propertyfinder.eg/media/images/listing/4R6G24PAG20R1Z1YB14AXVCBQW/131b8345-e174-430d-b9cd-3281aed04f17/1312x894.jpg,See the details of this Apartment for Sale in Elan Sarai.,5500000
76224107,3BR Villa for Sale in Qesm Ad Dabaah,https://www.propertyfinder.eg/to/HCJRPNGXYCH8R2RY8S3A3BZ5VR/en,https://static.shared.propertyfinder.eg/media/images/listing/HCJRPNGXYCH8R2RY8S3A3BZ5VR/a24c252a-67cb-4a5f-8cc0-c9fe77b181f6/1312x894.jpg,See the details of this Villa for Sale in Soul North Coast.,49713000
75968118,3BR Chalet for Sale in Qesm Ad Dabaah,https://www.propertyfinder.eg/to/JPPZQ6VJBGWE8SKP4G7VJ0XAN0/en,https://static.shared.propertyfinder.eg/media/images/listing/JPPZQ6VJBGWE8SKP4G7VJ0XAN0/6bde1e5b-4832-4841-a69d-e7f92845ad02/1312x894.jpg,See the details of this Chalet for Sale in D-Bay.,900000
75968110,2BR Chalet for Sale in Ras Al Hekma,https://www.propertyfinder.eg/to/CGNK98CEZM9J3DY277181TEKBG/en,https://static.shared.propertyfinder.eg/media/images/listing/CGNK98CEZM9J3DY277181TEKBG/483898f0-32ea-499d-88fe-5a3630250c94/1312x894.jpg,See the details of this Chalet for Sale in Salt.,590000
75968062,4BR Villa for Sale in New Capital City,https://www.propertyfinder.eg/to/ZERWNH7F817M3J356MJCHSDQB0/en,https://static.shared.propertyfinder.eg/media/images/listing/ZERWNH7F817M3J356MJCHSDQB0/354428e2-3e39-40e7-aeb3-60237a576ae6/1312x894.jpg,See the details of this Villa for Sale in Village Capitale.,31948000
75967893,3BR Apartment for Sale in Sheikh Zayed City,https://www.propertyfinder.eg/to/7K5VWBM0NEANYEMJ1N0FV3V52G/en,https://static.shared.propertyfinder.eg/media/images/listing/7K5VWBM0NEANYEMJ1N0FV3V52G/e1e40c04-afdc-4dea-9a06-47e9eef3a69d/1312x894.jpg,See the details of this Apartment for Sale in Westview Residence.,7900000
75967888,1BR Hotel Apartment for Sale in Hay El Maadi,https://www.propertyfinder.eg/to/XTHXQDGJ8S7A7N13AJ3ZKP574M/en,https://static.shared.propertyfinder.eg/media/images/listing/XTHXQDGJ8S7A7N13AJ3ZKP574M/e4981660-8efb-43c7-bf20-c512a4d66299/1312x894.jpg,See the details of this Hotel Apartment for Sale in Cornish El Nile St..,3750000
75967846,3BR Townhouse for Sale in New Capital City,https://www.propertyfinder.eg/to/D8KAR28STKQ2ECJA91D3MKVY4W/en,https://static.shared.propertyfinder.eg/media/images/listing/D8KAR28STKQ2ECJA91D3MKVY4W/2721b41a-5b1e-4013-a59d-8f9c83a95e3b/1312x894.jpg,See the details of this Townhouse for Sale in Village Capitale.,24500000
75967644,1BR Apartment for Sale in New Capital City,https://www.propertyfinder.eg/to/J0HDPQ3YN0KP91Y4M13EK9R5AM/en,https://static.shared.propertyfinder.eg/media/images/listing/J0HDPQ3YN0KP91Y4M13EK9R5AM/12840915-9e8e-4522-b22f-0d06e78c038c/1312x894.jpg,See the details of this Apartment for Sale in Village Capitale.,6414000
75966373,4BR Villa for Sale in Hurghada,https://www.propertyfinder.eg/to/X3SQ6HTVJ6C2DPV1371JGYNVBM/en,https://static.shared.propertyfinder.eg/media/images/listing/X3SQ6HTVJ6C2DPV1371JGYNVBM/8a74d6fb-a655-4684-a60a-e0a8dbeca4ff/1312x894.jpg,See the details of this Villa for Sale in Wadi Jebal.,65000000
75965019,3BR Apartment for Sale in New Cairo City,https://www.propertyfinder.eg/to/SF6A7MZVB39X3HSM7GPNA8FN1M/en,https://static.shared.propertyfinder.eg/media/images/listing/SF6A7MZVB39X3HSM7GPNA8FN1M/c9d32a52-aa0c-4dba-aae5-0efe690b13bd/1312x894.jpg,See the details of this Apartment for Sale in Mivida.,24231700
75965017,4BR Villa for Sale in New Cairo City,https://www.propertyfinder.eg/to/AB98XZYQHMBN1P33X14YNFBZY4/en,https://static.shared.propertyfinder.eg/media/images/listing/AB98XZYQHMBN1P33X14YNFBZY4/2cb7400b-3fb4-4299-93cb-391f3d259eb8/1312x894.jpg,See the details of this Villa for Sale in Cairo Festival City.,28500000
75965006,3BR Apartment for Sale in New Cairo City,https://www.propertyfinder.eg/to/NKDC5MGG53MAXDB2T882R718P0/en,https://static.shared.propertyfinder.eg/media/images/listing/NKDC5MGG53MAXDB2T882R718P0/ec275461-ca77-49c0-b88e-3160eef64b2b/1312x894.jpg,See the details of this Apartment for Sale in Mivida.,33000000
75964463,5BR Villa for Sale in Ras Al Hekma,https://www.propertyfinder.eg/to/MJXD5RAT59GW8P6DKT19FHQSVC/en,https://static.shared.propertyfinder.eg/media/images/listing/MJXD5RAT59GW8P6DKT19FHQSVC/0b008ee3-5159-4879-ae94-1c8823117c55/1312x894.jpg,See the details of this Villa for Sale in Mountain View.,28000000
75964336,2BR Apartment for Sale in New Cairo City,https://www.propertyfinder.eg/to/58QSS3EZ9FSCVM9ZA9SX093574/en,https://static.shared.propertyfinder.eg/media/images/listing/58QSS3EZ9FSCVM9ZA9SX093574/31b42859-63ba-47d9-9a55-82cf46b0e9d8/1312x894.jpg,See the details of this Apartment for Sale in Mountain View iCity.,7200000
75964161,4BR Villa for Sale in Ras Al Hekma,https://www.propertyfinder.eg/to/1CQBX4188178EJ4E5TJEAY5DHC/en,https://static.shared.propertyfinder.eg/media/images/listing/1CQBX4188178EJ4E5TJEAY5DHC/7dbe5fba-012e-4af4-a56b-cd4e855b7602/1312x894.jpg,See the details of this Villa for Sale in Ogami.,43000000
75964158,4BR Villa for Sale in 6 October City,https://www.propertyfinder.eg/to/JF2VT0KW6G712R1R0C6DM9DRWM/en,https://static.shared.propertyfinder.eg/media/images/listing/JF2VT0KW6G712R1R0C6DM9DRWM/60e6ff99-11c0-4f7c-91bd-5543544245f4/1312x894.jpg,See the details of this Villa for Sale in O West.,49000000
75963942,2BR Apartment for Sale in New Cairo City,https://www.propertyfinder.eg/to/XQM2877TSK5B7GGZHD5H6FJAGW/en,https://static.shared.propertyfinder.eg/media/images/listing/XQM2877TSK5B7GGZHD5H6FJAGW/17ac169a-be88-47d8-b0e1-7182b0afb0c6/1312x894.jpg,See the details of this Apartment for Sale in Eastown.,16000000
75963741,5BR Villa for Sale in New Cairo City,https://www.propertyfinder.eg/to/28YZ3RX3ZE73ZYBWQ0YB00QSZC/en,https://static.shared.propertyfinder.eg/media/images/listing/28YZ3RX3ZE73ZYBWQ0YB00QSZC/8c8b22a2-c56a-4d32-87ec-b3705c61b184/1312x894.jpg,See the details of this Villa for Sale in El Rehab Extension.,3207599
75963714,3BR Apartment for Sale in New Cairo City,https://www.propertyfinder.eg/to/STQP0WJ5BHY3YGGJX9AYR8GP0G/en,https://static.shared.propertyfinder.eg/media/images/listing/STQP0WJ5BHY3YGGJX9AYR8GP0G/95a8a14f-dcf2-49d6-973c-a043d9db6505/1312x894.jpg,See the details of this Apartment for Sale in Hyde Park Central.,10900000
75963706,7BR Villa for Sale in Al Alamein,https://www.propertyfinder.eg/to/FCJXPWS8562Y61EBH82M85A79G/en,https://static.shared.propertyfinder.eg/media/images/listing/FCJXPWS8562Y61EBH82M85A79G/fa011ee1-07ec-4f9c-a636-63347fdf174f/1312x894.jpg,See the details of this Villa for Sale in Mazarine.,1000000
75960490,3BR Duplex for Sale in New Cairo City,https://www.propertyfinder.eg/to/9RQEXWPMTRF07FHJBS54DJR43G/en,https://static.shared.propertyfinder.eg/media/images/listing/9RQEXWPMTRF07FHJBS54DJR43G/ed55821f-c696-40f2-9e48-5c213217bbf6/1312x894.jpg,See the details of this Duplex for Sale in Hyde Park Central.,14995000
75959912,2BR Chalet for Sale in Qesm Ad Dabaah,https://www.propertyfinder.eg/to/6SDEGRK1YHCF2GZHA28WS0XKCG/en,https://static.shared.propertyfinder.eg/media/images/listing/6SDEGRK1YHCF2GZHA28WS0XKCG/b77b4f8b-815b-4d7c-a501-571c4f7abecc/1312x894.jpg,See the details of this Chalet for Sale in Ramla Lakeside.,2570000
75959483,3BR Villa for Sale in Mostakbal City - Future City,https://www.propertyfinder.eg/to/1H7E2E35S6F4N456YP5CSRCBR4/en,https://static.shared.propertyfinder.eg/media/images/listing/1H7E2E35S6F4N456YP5CSRCBR4/7852926c-8d2b-4f21-84f0-d0a44b2ae780/1312x894.jpg,See the details of this Villa for Sale in Elan Sarai.,15150000
75959361,4BR Villa for Sale in Mostakbal City - Future City,https://www.propertyfinder.eg/to/00VMBXEFHC92R1K9XZ0K8XX8BG/en,https://static.shared.propertyfinder.eg/media/images/listing/00VMBXEFHC92R1K9XZ0K8XX8BG/22621cb2-41c8-4ff6-b4a8-b15cdaff33b2/1312x894.jpg,See the details of this Villa for Sale in Elan Sarai.,12075000
75959275,3BR Villa for Sale in Mostakbal City - Future City,https://www.propertyfinder.eg/to/3W436QYA8HRRR1Z61ZTZHC69NW/en,https://static.shared.propertyfinder.eg/media/images/listing/3W436QYA8HRRR1Z61ZTZHC69NW/89d2d81f-65a1-408b-8bc1-0040110859e1/1312x894.jpg,See the details of this Villa for Sale in Elan Sarai.,13130000
75957403,3BR Apartment for Sale in Sheikh Zayed City,https://www.propertyfinder.eg/to/VR6MSWMCH44S6VW1M027ZZ4NQR/en,https://static.shared.propertyfinder.eg/media/images/listing/VR6MSWMCH44S6VW1M027ZZ4NQR/14d681f3-705a-428d-9813-4cba2170c723/1312x894.jpg,See the details of this Apartment for Sale in MarVille New Zayed.,15600000
75955878,2BR Apartment for Sale in New Cairo City,https://www.propertyfinder.eg/to/TGGBPG75RW2SH3CB21NE9QQG6M/en,https://static.shared.propertyfinder.eg/media/images/listing/TGGBPG75RW2SH3CB21NE9QQG6M/fe9f78eb-d0f7-40d5-86fa-f2840e6df906/1312x894.jpg,See the details of this Apartment for Sale in Lake View Residence 2.,9949000
75955481,8BR Twin House for Sale in 6 October City,https://www.propertyfinder.eg/to/2NS27K6WNP1J1X7V3SSHF6G63W/en,https://static.shared.propertyfinder.eg/media/images/listing/2NS27K6WNP1J1X7V3SSHF6G63W/74802fa3-3c65-45d3-9160-cc18cd2b0cf8/1312x894.jpg,See the details of this Twin House for Sale in Palm Hills Golf Extension.,95000000
75954462,Office for Sale in New Cairo City,https://www.propertyfinder.eg/to/1MXN52B9SW0G1XBYCGPYP89V94/en,https://static.shared.propertyfinder.eg/media/images/listing/1MXN52B9SW0G1XBYCGPYP89V94/bfbe01ba-9c4c-4899-a75b-f94c970d4ab2/1312x894.jpg,See the details of this Office for Sale in Golden Gate.,20700000
75954251,2BR Apartment for Sale in Mostakbal City - Future City,https://www.propertyfinder.eg/to/705DYAV07QM7Q74V263JQMSY08/en,https://static.shared.propertyfinder.eg/media/images/listing/705DYAV07QM7Q74V263JQMSY08/5ede4f64-ae3d-4d08-bdd7-0c4bb71492b6/1312x894.jpg,See the details of this Apartment for Sale in Bloomfields.,4416125
75954128,5BR Townhouse for Sale in Sheikh Zayed City,https://www.propertyfinder.eg/to/4SE3QCDPZRDA8Y4BJ29CWCKYGM/en,https://static.shared.propertyfinder.eg/media/images/listing/4SE3QCDPZRDA8Y4BJ29CWCKYGM/8270c0b9-f7d2-44b4-956a-cbc8436b0ca2/1312x894.jpg,See the details of this Townhouse for Sale in Sodic West.,34000000
75953673,2BR Apartment for Sale in New Cairo City,https://www.propertyfinder.eg/to/2HG5J9PQ4J1CP6952V4MFDF0QR/en,https://static.shared.propertyfinder.eg/media/images/listing/2HG5J9PQ4J1CP6952V4MFDF0QR/290d05e5-df03-4c12-af88-4556bb941187/1312x894.jpg,See the details of this Apartment for Sale in TRIO.,10760000
75953579,2BR Apartment for Sale in New Cairo City,https://www.propertyfinder.eg/to/VW491W6BZXQ840YJCHAJY26FQW/en,https://static.shared.propertyfinder.eg/media/images/listing/VW491W6BZXQ840YJCHAJY26FQW/86a82f2b-b1d1-4e96-8f79-891ca95ee687/1312x894.jpg,See the details of this Apartment for Sale in Mountain View Hyde Park.,7900000
75953181,4BR Penthouse for Sale in New Cairo City,https://www.propertyfinder.eg/to/CGBAJ583P0AF8A5BKN1R8K4AAR/en,https://static.shared.propertyfinder.eg/media/images/listing/CGBAJ583P0AF8A5BKN1R8K4AAR/96e404a3-55d7-40a1-a890-5012bb436b67/1312x894.jpg,See the details of this Penthouse for Sale in Park View.,15400000
75952988,3BR Townhouse for Sale in Ras Al Hekma,https://www.propertyfinder.eg/to/KHFKC13H61KDY2CDV58KDS25XW/en,https://static.shared.propertyfinder.eg/media/images/listing/KHFKC13H61KDY2CDV58KDS25XW/31edce13-c780-41df-b1af-731013b2bcf7/1312x894.jpg,See the details of this Townhouse for Sale in Gaia.,17000000
75952723,3BR Apartment for Sale in Hay Sharq,https://www.propertyfinder.eg/to/T8RA9G02SJJBTWTE760CG9DC0W/en,https://static.shared.propertyfinder.eg/media/images/listing/T8RA9G02SJJBTWTE760CG9DC0W/737c4fbd-94a4-4e17-a17f-d4970e845167/1312x894.jpg,See the details of this Apartment for Sale in Nady Smouha Al Riyadi St..,4600000
75952271,3BR Townhouse for Sale in 6 October City,https://www.propertyfinder.eg/to/6QY9QY5Y0V29HMM8RTNEWDY478/en,https://static.shared.propertyfinder.eg/media/images/listing/6QY9QY5Y0V29HMM8RTNEWDY478/03169b9c-f7eb-4342-8335-ec527dd57462/1312x894.jpg,See the details of this Townhouse for Sale in Palm Hills Golf Extension.,21000000
75952046,2BR Apartment for Sale in New Cairo City,https://www.propertyfinder.eg/to/3QB41F078PTZ20WECKMM3GFY04/en,https://static.shared.propertyfinder.eg/media/images/listing/3QB41F078PTZ20WECKMM3GFY04/cd36bb97-516d-47d6-b4db-06bd250c40c6/1312x894.jpg,See the details of this Apartment for Sale in The Waterway View.,11250000
75951861,1BR Apartment for Sale in Mokattam,https://www.propertyfinder.eg/to/84GF01AJR02TNKBYDW43PTCDX4/en,https://static.shared.propertyfinder.eg/media/images/listing/84GF01AJR02TNKBYDW43PTCDX4/d3b5f53e-091c-4b13-8f51-1ea2e5fb4c87/1312x894.jpg,See the details of this Apartment for Sale in The Fourteen Golf Residences.,8500000
75951854,3BR Chalet for Sale in Qesm Marsa Matrouh,https://www.propertyfinder.eg/to/AYR36GSV1WR1ANMMX6XCJWHGCW/en,https://static.shared.propertyfinder.eg/media/images/listing/AYR36GSV1WR1ANMMX6XCJWHGCW/cbbcbce6-b077-4f5f-b525-02632fc842e8/1312x894.jpg,See the details of this Chalet for Sale in Fouka Bay.,12500000
75951625,2BR Apartment for Sale in New Cairo City,https://www.propertyfinder.eg/to/7V6NNNS5MTZ1PKPJWHYN2JC6MW/en,https://static.shared.propertyfinder.eg/media/images/listing/7V6NNNS5MTZ1PKPJWHYN2JC6MW/ab07672c-e1aa-4f1b-85ee-10bbbeda7fb1/1312x894.jpg,See the details of this Apartment for Sale in District 5.,9600000
75951308,4BR Twin House for Sale in 6 October City,https://www.propertyfinder.eg/to/6KGNSQ96R4WT9ECY6EBV404SW8/en,https://static.shared.propertyfinder.eg/media/images/listing/6KGNSQ96R4WT9ECY6EBV404SW8/27514bae-ff61-455f-9363-516de4de4fbe/1312x894.jpg,See the details of this Twin House for Sale in Nyoum October.,7000000
75951052,2BR Chalet for Sale in Sidi Abdel Rahman,https://www.propertyfinder.eg/to/4J6SY1EEHDRDB9WHAC75GFDNDW/en,https://static.shared.propertyfinder.eg/media/images/listing/4J6SY1EEHDRDB9WHAC75GFDNDW/d5e26311-c595-4b6a-a861-5e06c9594f79/1312x894.jpg,See the details of this Chalet for Sale in Telal Alamein.,452907
75951038,3BR Apartment for Sale in New Cairo City,https://www.propertyfinder.eg/to/AP30G7PQJX8Q2YBD62A1HG2YVW/en,https://static.shared.propertyfinder.eg/media/images/listing/AP30G7PQJX8Q2YBD62A1HG2YVW/d2950b94-1f81-4b91-afbb-2c6fa0b8d1ed/1312x894.jpg,See the details of this Apartment for Sale in City Gate.,15900000
75950934,3BR Apartment for Sale in El Nozha,https://www.propertyfinder.eg/to/10TF1PCBTBE5WQS5RGR989D96M/en,https://static.shared.propertyfinder.eg/media/images/listing/10TF1PCBTBE5WQS5RGR989D96M/f06413e5-b4a4-4a5e-b4cf-10fa38226e11/1312x894.jpg,See the details of this Apartment for Sale in Abd Al Hamid Badawy St..,5500000
75949980,3BR Penthouse for Sale in Qesm Marsa Matrouh,https://www.propertyfinder.eg/to/CPXWWJH9QZFEV5FMFSQ0V6Z5XR/en,https://static.shared.propertyfinder.eg/media/images/listing/CPXWWJH9QZFEV5FMFSQ0V6Z5XR/5293788c-a244-430a-ac4e-d305cb92fd49/1312x894.jpg,See the details of this Penthouse for Sale in Fouka Bay.,11500000
75949364,3BR Penthouse for Sale in Qesm Marsa Matrouh,https://www.propertyfinder.eg/to/QJC4JAX2A0WHCREMBH97KX03KW/en,https://static.shared.propertyfinder.eg/media/images/listing/QJC4JAX2A0WHCREMBH97KX03KW/916d0e1d-24fb-4399-902d-69faad66012b/1312x894.jpg,See the details of this Penthouse for Sale in Fouka Bay.,13650000
75948816,3BR Townhouse for Sale in New Cairo City,https://www.propertyfinder.eg/to/BFNYHECWWX438JM1BBHD902GY8/en,https://static.shared.propertyfinder.eg/media/images/listing/BFNYHECWWX438JM1BBHD902GY8/8f8bb67f-9711-482c-aca9-26676a83cd87/1312x894.jpg,See the details of this Townhouse for Sale in City Gate.,24000000
75948387,3BR Townhouse for Sale in 6 October City,https://www.propertyfinder.eg/to/9JP8MTBVZZ2KS1XMQ7BVNN7MB4/en,https://static.shared.propertyfinder.eg/media/images/listing/9JP8MTBVZZ2KS1XMQ7BVNN7MB4/50792937-1953-498c-b6fb-2f0b9ae9df60/1312x894.jpg,See the details of this Townhouse for Sale in O West.,11500000
75948277,3BR Apartment for Sale in New Cairo City,https://www.propertyfinder.eg/to/HQNV4K8VX3188SXGCXGWKKVHZR/en,https://static.shared.propertyfinder.eg/media/images/listing/HQNV4K8VX3188SXGCXGWKKVHZR/4c548f41-8ab8-4ec9-8dc7-0eb025ea5ae5/1312x894.jpg,See the details of this Apartment for Sale in South Lotus.,5200000
75948250,3BR Townhouse for Sale in Qesm Ad Dabaah,https://www.propertyfinder.eg/to/8H9JJFC84ZY5X2RZPKS34YGHZW/en,https://static.shared.propertyfinder.eg/media/images/listing/8H9JJFC84ZY5X2RZPKS34YGHZW/be73b950-32b8-47d0-ad97-15ed9e5bf801/1312x894.jpg,See the details of this Townhouse for Sale in Ghazala Bay.,21015000
75948244,3BR Chalet for Sale in Sidi Abdel Rahman,https://www.propertyfinder.eg/to/VB1NVFV3Z03MSDQ6VZ21KG4S84/en,https://static.shared.propertyfinder.eg/media/images/listing/VB1NVFV3Z03MSDQ6VZ21KG4S84/9f199bef-530e-40aa-868f-3d5334e1f983/1312x894.jpg,See the details of this Chalet for Sale in Marassi.,23000000
75948105,Office for Sale in New Cairo City,https://www.propertyfinder.eg/to/WSRF1SHV7Z58E765HP9QYWQVPM/en,https://static.shared.propertyfinder.eg/media/images/listing/WSRF1SHV7Z58E765HP9QYWQVPM/8c0f0593-7c51-4a69-99e3-dc6dc475b4a5/1312x894.jpg,See the details of this Office for Sale in Mivida.,10938400
75948057,3BR Apartment for Sale in New Cairo City,https://www.propertyfinder.eg/to/Z0WK57WCPTCPZX3JZV0495ZSR0/en,https://static.shared.propertyfinder.eg/media/images/listing/Z0WK57WCPTCPZX3JZV0495ZSR0/867851b7-016c-4e03-a29e-05f551180847/1312x894.jpg,See the details of this Apartment for Sale in Villette.,13500000
75947997,3BR Chalet for Sale in Al Ain Al Sokhna,https://www.propertyfinder.eg/to/WCW15G79SRMYXY8XMSD70CB6C4/en,https://static.shared.propertyfinder.eg/media/images/listing/WCW15G79SRMYXY8XMSD70CB6C4/682557bd-d270-45d3-8a15-915a400c256f/1312x894.jpg,See the details of this Chalet for Sale in Telal Al Sokhna.,7700000
75947922,2BR Apartment for Sale in Sheikh Zayed City,https://www.propertyfinder.eg/to/KN50CZDANM1WVEC5J29NTSA8CW/en,https://static.shared.propertyfinder.eg/media/images/listing/KN50CZDANM1WVEC5J29NTSA8CW/0f8be956-678c-409e-ad4e-e871a71a733d/1312x894.jpg,See the details of this Apartment for Sale in Solana.,9500000
75947908,3BR Villa for Sale in 6 October City,https://www.propertyfinder.eg/to/D2QGCST4G11HXCQN2M6PTWSEG4/en,https://static.shared.propertyfinder.eg/media/images/listing/D2QGCST4G11HXCQN2M6PTWSEG4/c628a535-8604-43cc-887a-0903be73e4ea/1312x894.jpg,See the details of this Villa for Sale in O West.,24000000
75947829,3BR Apartment for Sale in 6 October City,https://www.propertyfinder.eg/to/T4GTGC0D5JBJ0WSX9C4Q8ERZ5G/en,https://static.shared.propertyfinder.eg/media/images/listing/T4GTGC0D5JBJ0WSX9C4Q8ERZ5G/794d7d9d-b3ba-4123-b946-5982b04ffa7a/1312x894.jpg,See the details of this Apartment for Sale in O West.,12500000
75947649,3BR Villa for Sale in Sheikh Zayed City,https://www.propertyfinder.eg/to/V9KATM1ZWYY899363C9Q4RWQH4/en,https://static.shared.propertyfinder.eg/media/images/listing/V9KATM1ZWYY899363C9Q4RWQH4/664814bb-6455-4611-81a4-a647a9acd2d0/1312x894.jpg,See the details of this Villa for Sale in Rivers.,16600000
75947599,4BR Townhouse for Sale in Sheikh Zayed City,https://www.propertyfinder.eg/to/KWPRVEXEEPWZ770AC8GTFYB8XM/en,https://static.shared.propertyfinder.eg/media/images/listing/KWPRVEXEEPWZ770AC8GTFYB8XM/4969c0be-3885-4745-b14f-c0f667555af4/1312x894.jpg,See the details of this Townhouse for Sale in Hills of one.,19500000
75947081,3BR Apartment for Sale in Mostakbal City - Future City,https://www.propertyfinder.eg/to/SDXWQFQSAAPE06NR6MBWKKW4QG/en,https://static.shared.propertyfinder.eg/media/images/listing/SDXWQFQSAAPE06NR6MBWKKW4QG/2a6d4c6c-4f1c-47fd-96be-d2047778a4b4/1312x894.jpg,See the details of this Apartment for Sale in Green Square.,7000000
75946013,3BR Apartment for Sale in New Capital City,https://www.propertyfinder.eg/to/BXCM9T0PJ0EHAFN2TWXTH4CS5R/en,https://static.shared.propertyfinder.eg/media/images/listing/BXCM9T0PJ0EHAFN2TWXTH4CS5R/21cc16d0-91f1-484a-bb6c-ed9bd16318b1/1312x894.jpg,See the details of this Apartment for Sale in DeJoya 4.,500000
75946012,3BR Apartment for Sale in 6 October City,https://www.propertyfinder.eg/to/AMP2MFH9NQRPDC79WAEWT20TKW/en,https://static.shared.propertyfinder.eg/media/images/listing/AMP2MFH9NQRPDC79WAEWT20TKW/7b07b7bc-a39f-4d0c-93f2-bfd53876285b/1312x894.jpg,See the details of this Apartment for Sale in O West.,7500000
75945640,2BR Penthouse for Sale in 6 October City,https://www.propertyfinder.eg/to/0JTPZNM034140ZR8RN6WD2ZWC0/en,https://static.shared.propertyfinder.eg/media/images/listing/0JTPZNM034140ZR8RN6WD2ZWC0/e33c8dc9-b35a-4c87-ab23-7561b49b0343/1312x894.jpg,See the details of this Penthouse for Sale in O West.,7200000
75945582,Office for Sale in New Cairo City,https://www.propertyfinder.eg/to/P58KJC9BSCA260RVHH7SANDAR0/en,https://static.shared.propertyfinder.eg/media/images/listing/P58KJC9BSCA260RVHH7SANDAR0/454bdfc0-411e-406f-8882-f81dcb2cc912/1312x894.jpg,See the details of this Office for Sale in The Waterway View.,16200000
75944923,3BR Apartment for Sale in Hay Sharq,https://www.propertyfinder.eg/to/73ZQ63MNMMYPKVEXZAEC316760/en,https://static.shared.propertyfinder.eg/media/images/listing/73ZQ63MNMMYPKVEXZAEC316760/d6bf59fc-8c52-4433-ace4-c7c80febc280/1312x894.jpg,See the details of this Apartment for Sale in Zaki Ragab St..,6400000
75944194,5BR Villa for Sale in Al Alamein,https://www.propertyfinder.eg/to/NJTG9N89894B4TK2DH6MXAM03G/en,https://static.shared.propertyfinder.eg/media/images/listing/NJTG9N89894B4TK2DH6MXAM03G/1a2bc9ea-6fa5-4c41-bb79-a258680e1d9d/1312x894.jpg,See the details of this Villa for Sale in Marina 5.,20000000
75688082,Office for Sale in New Cairo City,https://www.propertyfinder.eg/to/S4VQATKB4SVKJD007TAW8XS0W0/en,https://static.shared.propertyfinder.eg/media/images/listing/S4VQATKB4SVKJD007TAW8XS0W0/06c58492-a939-4bc5-8426-e8b2be40fb73/1312x894.jpg,See the details of this Office for Sale in American University Housing District.,12300000
75687988,Office for Sale in New Cairo City,https://www.propertyfinder.eg/to/RNH5BC7CV2M3BXGFZ4KX2MP59W/en,https://static.shared.propertyfinder.eg/media/images/listing/RNH5BC7CV2M3BXGFZ4KX2MP59W/c8072a3b-3587-4abc-9aef-ac4243a4f10c/1312x894.jpg,See the details of this Office for Sale in One Ninety.,36742000
75687975,Retail Space for Sale in New Cairo City,https://www.propertyfinder.eg/to/4WVE59GYVDVZGWN3ANP71STPZ8/en,https://static.shared.propertyfinder.eg/media/images/listing/4WVE59GYVDVZGWN3ANP71STPZ8/bfc904f7-872f-4993-ab98-6a6ce8f495fc/1312x894.jpg,See the details of this Retail Space for Sale in Three Sixty.,25500000
75687912,Office for Sale in New Cairo City,https://www.propertyfinder.eg/to/6Y5AFVPNN65KFBRFX8VXFWZ10W/en,https://static.shared.propertyfinder.eg/media/images/listing/6Y5AFVPNN65KFBRFX8VXFWZ10W/837810a3-0cf7-4bd2-ba78-8154a65904dd/1312x894.jpg,See the details of this Office for Sale in District 5.,16800000
75687814,Whole Building for Sale in New Cairo City,https://www.propertyfinder.eg/to/S6RECS25WVCFS48C1PNTVHQQ4R/en,https://static.shared.propertyfinder.eg/media/images/listing/S6RECS25WVCFS48C1PNTVHQQ4R/a6d7090d-c34f-47d1-86cd-9e2ea9c991f4/1312x894.jpg,See the details of this Whole Building for Sale in District 5.,100000000
75687693,Retail Space for Sale in New Cairo City,https://www.propertyfinder.eg/to/0RDXNGXPCJ0S7ZKW8YXCWYKQ4C/en,https://static.shared.propertyfinder.eg/media/images/listing/0RDXNGXPCJ0S7ZKW8YXCWYKQ4C/5c3ad969-d036-4bce-96c6-b88a82479cb8/1312x894.jpg,See the details of this Retail Space for Sale in North Plus Mall.,140000000
75687688,Retail Space for Sale in New Cairo City,https://www.propertyfinder.eg/to/Y6Y6VCATASWZ5CRW334TDQNXAC/en,https://static.shared.propertyfinder.eg/media/images/listing/Y6Y6VCATASWZ5CRW334TDQNXAC/57383602-5dca-4c84-8c73-4a1e6410d478/1312x894.jpg,See the details of this Retail Space for Sale in Three Sixty.,25000000
75687635,Retail Space for Sale in New Cairo City,https://www.propertyfinder.eg/to/2C5GJT7FAG6K333YH6QZMYMMPM/en,https://static.shared.propertyfinder.eg/media/images/listing/2C5GJT7FAG6K333YH6QZMYMMPM/e1bb7f48-dc13-4745-ab1d-cec64277c48c/1312x894.jpg,See the details of this Retail Space for Sale in Three Sixty.,43000000
75687615,Office for Sale in New Cairo City,https://www.propertyfinder.eg/to/FGS5E4323VQBX8K3QYMDJSWV1C/en,https://static.shared.propertyfinder.eg/media/images/listing/FGS5E4323VQBX8K3QYMDJSWV1C/418012e8-4e0f-465b-9231-2421c2e4170d/1312x894.jpg,See the details of this Office for Sale in District 5.,15930000
75687559,3BR Chalet for Sale in Qesm Ad Dabaah,https://www.propertyfinder.eg/to/GQVF6K3ERM8CTGEY5R4361J94M/en,https://static.shared.propertyfinder.eg/media/images/listing/GQVF6K3ERM8CTGEY5R4361J94M/ecfa4574-3462-4407-ba94-4f619ccb281e/1312x894.jpg,See the details of this Chalet for Sale in La Vista Bay.,4500000
75687537,2BR Chalet for Sale in Ras Al Hekma,https://www.propertyfinder.eg/to/5V6DBQVRDE8DBMENM8QZJ1DQV8/en,https://static.shared.propertyfinder.eg/media/images/listing/5V6DBQVRDE8DBMENM8QZJ1DQV8/1536a64a-5913-4cbf-ae05-9a92d13cc9c5/1312x894.jpg,See the details of this Chalet for Sale in Salt.,600000
75684546,3BR Chalet for Sale in Qesm Marsa Matrouh,https://www.propertyfinder.eg/to/QMT6Y4FZZY7ZXAH8EKHWGQHP90/en,https://static.shared.propertyfinder.eg/media/images/listing/QMT6Y4FZZY7ZXAH8EKHWGQHP90/5e9a034e-4458-4784-891d-31e872edeedc/1312x894.jpg,See the details of this Chalet for Sale in Marsa Baghush.,21725000
75683024,3BR Chalet for Sale in Ras Al Hekma,https://www.propertyfinder.eg/to/MW8Q0X92R4VXVKCKB7YTS83ZQW/en,https://static.shared.propertyfinder.eg/media/images/listing/MW8Q0X92R4VXVKCKB7YTS83ZQW/84bc5226-739d-4280-9684-d4dfb6dbabec/1312x894.jpg,See the details of this Chalet for Sale in Mountain View.,10500000
75682548,3BR Apartment for Sale in New Cairo City,https://www.propertyfinder.eg/to/EADBSXZ9419ZDXMP7S8RTTV06M/en,https://static.shared.propertyfinder.eg/media/images/listing/EADBSXZ9419ZDXMP7S8RTTV06M/c49396fb-446d-474d-86b2-53ebaab57d76/1312x894.jpg,See the details of this Apartment for Sale in Eastown.,16000000
75681246,3BR Apartment for Sale in New Cairo City,https://www.propertyfinder.eg/to/6Q6TYXASYV4DRAC2JJDAVYVYAG/en,https://static.shared.propertyfinder.eg/media/images/listing/6Q6TYXASYV4DRAC2JJDAVYVYAG/64bb5e48-712d-4b74-be19-335198df6c7f/1312x894.jpg,See the details of this Apartment for Sale in Mountain View iCity.,8578000
75681119,2BR Apartment for Sale in New Cairo City,https://www.propertyfinder.eg/to/D7WM2W3A1EXX9ZETDV1DZPNW30/en,https://static.shared.propertyfinder.eg/media/images/listing/D7WM2W3A1EXX9ZETDV1DZPNW30/7fd721ec-9a4a-4870-9c91-6d9a8b228be9/1312x894.jpg,See the details of this Apartment for Sale in City Gate.,8800000
75681059,4BR Villa for Sale in New Cairo City,https://www.propertyfinder.eg/to/SCZJYNABDXTWD7W9RCG46PQRYM/en,https://static.shared.propertyfinder.eg/media/images/listing/SCZJYNABDXTWD7W9RCG46PQRYM/9b5b8da7-ffae-4ba0-8f8a-f01cbca11fba/1312x894.jpg,See the details of this Villa for Sale in City Gate.,38000000
75680520,4BR Villa for Sale in New Capital City,https://www.propertyfinder.eg/to/E2X902VNSBVW5VYHFFDC7CQ0BR/en,https://static.shared.propertyfinder.eg/media/images/listing/E2X902VNSBVW5VYHFFDC7CQ0BR/08505a1f-3c66-447d-ad23-36e79c7c3018/1312x894.jpg,See the details of this Villa for Sale in La Vista City.,3000000
75680067,2BR Apartment for Sale in Hurghada,https://www.propertyfinder.eg/to/WYWPBTZQKTVK1VMZ11YZYSMCN0/en,https://static.shared.propertyfinder.eg/media/images/listing/WYWPBTZQKTVK1VMZ11YZYSMCN0/9925cc6a-28eb-493a-8921-5d48e564b2d6/1312x894.jpg,See the details of this Apartment for Sale in Swan Lake Gouna.,5670000
75679200,5BR Villa for Sale in New Cairo City,https://www.propertyfinder.eg/to/GCEQQ913AH5RC2AC8VCYZ6XS8G/en,https://static.shared.propertyfinder.eg/media/images/listing/GCEQQ913AH5RC2AC8VCYZ6XS8G/2728ddb9-17ed-4f6b-ad12-995e400eb84c/1312x894.jpg,See the details of this Villa for Sale in Swan Lake Residence.,73000000
75679014,3BR Townhouse for Sale in Ras Al Hekma,https://www.propertyfinder.eg/to/VTQP2PYKYTRFZMZ0HDW8Z8T240/en,https://static.shared.propertyfinder.eg/media/images/listing/VTQP2PYKYTRFZMZ0HDW8Z8T240/6510c1d3-ce45-46a2-a28a-234cb22d8176/1312x894.jpg,See the details of this Townhouse for Sale in Seashore.,26746788
75678975,4BR Villa for Sale in 6 October City,https://www.propertyfinder.eg/to/17G3A8VWKEN2FWA02XETRY8TD8/en,https://static.shared.propertyfinder.eg/media/images/listing/17G3A8VWKEN2FWA02XETRY8TD8/58847625-ca3a-4c88-98e3-ea4d42d93c09/1312x894.jpg,See the details of this Villa for Sale in PX Palm Hills.,26000000
75678275,3BR Apartment for Sale in Sheikh Zayed City,https://www.propertyfinder.eg/to/2H9TKK0Z4Z24K37XD6K26ME7RC/en,https://static.shared.propertyfinder.eg/media/images/listing/2H9TKK0Z4Z24K37XD6K26ME7RC/4eaa46cd-f054-4eb7-99e8-50f83ae83142/1312x894.jpg,See the details of this Apartment for Sale in Zed Towers.,6725508
75678271,Office for Sale in New Cairo City,https://www.propertyfinder.eg/to/A47H2DS96295XRK5FZK9EN2SWM/en,https://static.shared.propertyfinder.eg/media/images/listing/A47H2DS96295XRK5FZK9EN2SWM/1d5069f2-3f57-4582-916f-97754d41ac53/1312x894.jpg,See the details of this Office for Sale in Cairo Capital Center.,105400000
75677780,Office for Sale in Sheikh Zayed City,https://www.propertyfinder.eg/to/RY5T18MFMJQ6T7HD6TMVKT5JYW/en,https://static.shared.propertyfinder.eg/media/images/listing/RY5T18MFMJQ6T7HD6TMVKT5JYW/f1dc0327-51f9-45f2-9a8a-797add66c856/1312x894.jpg,See the details of this Office for Sale in The Polygon.,75108000
75677453,4BR Chalet for Sale in Qesm Marsa Matrouh,https://www.propertyfinder.eg/to/P81PQMW90Y32RFF7M4CHGYQ298/en,https://static.shared.propertyfinder.eg/media/images/listing/P81PQMW90Y32RFF7M4CHGYQ298/f88c57c4-dbed-422c-84d2-305a590bb9f4/1312x894.jpg,See the details of this Chalet for Sale in Almaza Bay.,15512500
75677245,3BR Townhouse for Sale in New Heliopolis,https://www.propertyfinder.eg/to/N42YGRKWN3AF52YYXS74TFMVC0/en,https://static.shared.propertyfinder.eg/media/images/listing/N42YGRKWN3AF52YYXS74TFMVC0/b2330008-7948-4702-95e4-fb762cc3c8a8/1312x894.jpg,See the details of this Townhouse for Sale in Sodic East.,12500000
75677084,3BR Chalet for Sale in Sidi Abdel Rahman,https://www.propertyfinder.eg/to/999JZHMSYKCAVHSG0DHKB02C44/en,https://static.shared.propertyfinder.eg/media/images/listing/999JZHMSYKCAVHSG0DHKB02C44/1e693f62-0830-47ce-ac74-27246739a6db/1312x894.jpg,See the details of this Chalet for Sale in Masaya.,9500000
75676245,6BR Villa for Sale in New Capital City,https://www.propertyfinder.eg/to/2KX6Y63858J3AWVN2W9TWD1SV4/en,https://static.shared.propertyfinder.eg/media/images/listing/2KX6Y63858J3AWVN2W9TWD1SV4/00008388-c2ae-47b2-9312-7d6299f8fc87/1312x894.jpg,See the details of this Villa for Sale in La Vista City.,40000000
75675704,3BR Apartment for Sale in El Nozha,https://www.propertyfinder.eg/to/AATA6A8N2FB930N12FTNDVTRQ0/en,https://static.shared.propertyfinder.eg/media/images/listing/AATA6A8N2FB930N12FTNDVTRQ0/5fb83a28-8b62-4401-872c-870670ed8b5e/1312x894.jpg,See the details of this Apartment for Sale in Stoda.,1000000
75675404,1BR Cabin for Sale in Qesm Ad Dabaah,https://www.propertyfinder.eg/to/BMBVGGZR4TN63AQK3JD1F3NGD4/en,https://static.shared.propertyfinder.eg/media/images/listing/BMBVGGZR4TN63AQK3JD1F3NGD4/966b633e-d504-4ba1-8619-842e3141541b/1312x894.jpg,See the details of this Cabin for Sale in D-Bay.,8112000
75675293,Office for Sale in New Cairo City,https://www.propertyfinder.eg/to/G9KQAAWW1X3PEASTXANKKYD1ZC/en,https://static.shared.propertyfinder.eg/media/images/listing/G9KQAAWW1X3PEASTXANKKYD1ZC/8163f747-4be1-4926-a6ca-94cf6af7eb5b/1312x894.jpg,See the details of this Office for Sale in Eastown.,46000000
75675291,Office for Sale in New Cairo City,https://www.propertyfinder.eg/to/57TDVWVQ17XY2JQJPSHEN56ED0/en,https://static.shared.propertyfinder.eg/media/images/listing/57TDVWVQ17XY2JQJPSHEN56ED0/c5063d99-5bfb-48e3-9089-9f985d280323/1312x894.jpg,See the details of this Office for Sale in The Ark Business District.,11840000
75675270,4BR Twin House for Sale in Qesm Ad Dabaah,https://www.propertyfinder.eg/to/0N9VQQHHFWCNRMZGFAJTX80SZ8/en,https://static.shared.propertyfinder.eg/media/images/listing/0N9VQQHHFWCNRMZGFAJTX80SZ8/ebbd21cd-e56e-4d02-91cd-70edcca3f2a9/1312x894.jpg,See the details of this Twin House for Sale in D-Bay.,20659000
75674017,4BR Twin House for Sale in New Cairo City,https://www.propertyfinder.eg/to/JS3Y9E7GDWY42XAPAR51P8A01R/en,https://static.shared.propertyfinder.eg/media/images/listing/JS3Y9E7GDWY42XAPAR51P8A01R/bab6bde9-d64f-4c59-8299-976b628d1929/1312x894.jpg,See the details of this Twin House for Sale in Mivida.,49000000
75673381,2BR Apartment for Sale in Mostakbal City - Future City,https://www.propertyfinder.eg/to/NCZ6WWN8WVN1TA9ZEAYFVVKDCC/en,https://static.shared.propertyfinder.eg/media/images/listing/NCZ6WWN8WVN1TA9ZEAYFVVKDCC/c04e98c4-f03a-4e43-8bbf-35c139f2f63e/1312x894.jpg,See the details of this Apartment for Sale in Mivida Gardens.,15000000
75673315,3BR Villa for Sale in Mostakbal City - Future City,https://www.propertyfinder.eg/to/DDMM07RRT38G766BFHMFEXRB4W/en,https://static.shared.propertyfinder.eg/media/images/listing/DDMM07RRT38G766BFHMFEXRB4W/ea0063dc-dc01-4915-ba60-ee467ab6e034/1312x894.jpg,See the details of this Villa for Sale in Mivida Gardens.,55000000
75673312,4BR Twin House for Sale in 6 October City,https://www.propertyfinder.eg/to/AVXEQ20S398E15V8VV81R63ZMG/en,https://static.shared.propertyfinder.eg/media/images/listing/AVXEQ20S398E15V8VV81R63ZMG/bc8c9ef4-1f90-40b4-aa17-5f16f0b39351/1312x894.jpg,See the details of this Twin House for Sale in Jedar.,22000000
75672771,3BR iVilla for Sale in New Cairo City,https://www.propertyfinder.eg/to/K52EF4DAKNN4JPE306QHEJPS5M/en,https://static.shared.propertyfinder.eg/media/images/listing/K52EF4DAKNN4JPE306QHEJPS5M/6ac26138-5f7e-4337-b7c9-d121616c20ac/1312x894.jpg,See the details of this iVilla for Sale in Mountain View iCity.,12350000
75672756,2BR Apartment for Sale in New Cairo City,https://www.propertyfinder.eg/to/8RPDNB5H9HT1HB36H3XFDJ6YJW/en,https://static.shared.propertyfinder.eg/media/images/listing/8RPDNB5H9HT1HB36H3XFDJ6YJW/ed1b50ca-d414-4223-8a3c-ff3dce32a0c4/1312x894.jpg,See the details of this Apartment for Sale in Ahmed Bin Hanbal St..,9976000
75672627,2BR Apartment for Sale in New Cairo City,https://www.propertyfinder.eg/to/K500N992J2TS4HM08QNC1H92BM/en,https://static.shared.propertyfinder.eg/media/images/listing/K500N992J2TS4HM08QNC1H92BM/e8eab332-9ee1-4323-be02-9c8bf74fc8e7/1312x894.jpg,See the details of this Apartment for Sale in Ahmed Bin Hanbal St..,8500000
75672464,3BR Apartment for Sale in Sheikh Zayed City,https://www.propertyfinder.eg/to/GSJY11SRH238N2DW8QAZ3AWC64/en,https://static.shared.propertyfinder.eg/media/images/listing/GSJY11SRH238N2DW8QAZ3AWC64/ac43ebd5-a10a-49a9-9b94-c9130a61bedd/1312x894.jpg,See the details of this Apartment for Sale in Park Side Residence.,13100000
75672335,4BR Villa for Sale in Mostakbal City - Future City,https://www.propertyfinder.eg/to/MBP7H41FDHMBBXBY31DR8NHTZR/en,https://static.shared.propertyfinder.eg/media/images/listing/MBP7H41FDHMBBXBY31DR8NHTZR/a1b6f943-99fa-4a38-ad38-fac6d550d51b/1312x894.jpg,See the details of this Villa for Sale in Capital Gardens   Palm Hills.,29300000
75671635,2BR Apartment for Sale in New Cairo City,https://www.propertyfinder.eg/to/BDF4H66VFZY4N8N2JSR51D0STW/en,https://static.shared.propertyfinder.eg/media/images/listing/BDF4H66VFZY4N8N2JSR51D0STW/72f412af-c175-4cbe-bb80-b23c2ceb6cdd/1312x894.jpg,See the details of this Apartment for Sale in Mountain View iCity.,7000000
75671299,5BR Villa for Sale in Sidi Abdel Rahman,https://www.propertyfinder.eg/to/KECA72SBNS39GNRX82RM047414/en,https://static.shared.propertyfinder.eg/media/images/listing/KECA72SBNS39GNRX82RM047414/b7fe977e-d596-4592-842d-0493ec1e70f0/1312x894.jpg,See the details of this Villa for Sale in Seashell.,42000000
75671076,3BR Villa for Sale in New Cairo City,https://www.propertyfinder.eg/to/1KJ7SAP46XTCF6SXPJAB40CW5W/en,https://static.shared.propertyfinder.eg/media/images/listing/1KJ7SAP46XTCF6SXPJAB40CW5W/f7bf13f4-2e4f-4335-947d-3e4874203dc1/1312x894.jpg,See the details of this Villa for Sale in City Gate.,19000000
75670693,5BR Villa for Sale in New Cairo City,https://www.propertyfinder.eg/to/9XB7Q1V6QN5R6W1BBFF5JJ6F2W/en,https://static.shared.propertyfinder.eg/media/images/listing/9XB7Q1V6QN5R6W1BBFF5JJ6F2W/a0424103-604e-4fd1-8c4d-2e8730b0ed67/1312x894.jpg,See the details of this Villa for Sale in Palm Hills Katameya Extension.,47000000
75670240,3BR Apartment for Sale in New Cairo City,https://www.propertyfinder.eg/to/CH1PVGSMEYPTHMKHJPDVYVDTA8/en,https://static.shared.propertyfinder.eg/media/images/listing/CH1PVGSMEYPTHMKHJPDVYVDTA8/e633d5e6-4da3-4592-ac87-76e0961073ce/1312x894.jpg,See the details of this Apartment for Sale in Lake View Residence 2.,13702000
75670214,3BR Apartment for Sale in New Cairo City,https://www.propertyfinder.eg/to/RPQCM6P8BDY2ETKPRQ23H608J0/en,https://static.shared.propertyfinder.eg/media/images/listing/RPQCM6P8BDY2ETKPRQ23H608J0/d195c8b2-e699-44f0-bc1e-9b5186a72530/1312x894.jpg,See the details of this Apartment for Sale in Villette.,18000000
75668994,3BR Apartment for Sale in New Heliopolis,https://www.propertyfinder.eg/to/2B44VBC39JHPM2AZ9ZRTJRWZ0M/en,https://static.shared.propertyfinder.eg/media/images/listing/2B44VBC39JHPM2AZ9ZRTJRWZ0M/4e3fde98-5bf0-41df-ac0d-016bf7c29a4c/1312x894.jpg,See the details of this Apartment for Sale in Sodic East.,8703746
75667927,8BR Villa for Sale in New Cairo City,https://www.propertyfinder.eg/to/391GYGPNJ1DN7EQD9AW55RRCFC/en,https://static.shared.propertyfinder.eg/media/images/listing/391GYGPNJ1DN7EQD9AW55RRCFC/7b2ace4d-80e9-4bf9-923c-5690f6db3410/1312x894.jpg,See the details of this Villa for Sale in Swan Lake Residence.,65000000
75667331,4BR Villa for Sale in New Cairo City,https://www.propertyfinder.eg/to/SF1SSRE9ZJXV8AHS73WAV70HK0/en,https://static.shared.propertyfinder.eg/media/images/listing/SF1SSRE9ZJXV8AHS73WAV70HK0/3705a34a-06c3-4300-8110-172362559c0c/1312x894.jpg,See the details of this Villa for Sale in Swan Lake Residence.,45000000
75408053,3BR Apartment for Sale in New Capital City,https://www.propertyfinder.eg/to/1069ZKJH74M790E0N1Y0X9JPHC/en,https://static.shared.propertyfinder.eg/media/images/listing/1069ZKJH74M790E0N1Y0X9JPHC/4be58ec3-8a79-4211-bdc6-c4d5812be3d6/1312x894.jpg,See the details of this Apartment for Sale in DeJoya 4.,340000
75406043,4BR Villa for Sale in New Heliopolis,https://www.propertyfinder.eg/to/1GJ13CXVG1SCWW353DHTD3VTC4/en,https://static.shared.propertyfinder.eg/media/images/listing/1GJ13CXVG1SCWW353DHTD3VTC4/6b424e09-7dc5-40da-af6b-923219bc5ac5/1312x894.jpg,See the details of this Villa for Sale in Sodic East.,25000000
75405330,3BR Chalet for Sale in Al Ain Al Sokhna,https://www.propertyfinder.eg/to/S067H59AM7NNH55DES85KXB0XW/en,https://static.shared.propertyfinder.eg/media/images/listing/S067H59AM7NNH55DES85KXB0XW/c032acae-d841-42b1-aff1-b0e14472aa99/1312x894.jpg,See the details of this Chalet for Sale in La Vista 6.,920000
75403976,2BR Apartment for Sale in Hurghada,https://www.propertyfinder.eg/to/XBZM8WH9WRNW1K6VJ6PF6NS19W/en,https://static.shared.propertyfinder.eg/media/images/listing/XBZM8WH9WRNW1K6VJ6PF6NS19W/199e7e07-165d-4ed8-b943-00a88e528edc/1312x894.jpg,See the details of this Apartment for Sale in Swan Lake Gouna.,2830000
75403719,Shop for Sale in 6 October City,https://www.propertyfinder.eg/to/S5BYQE7R64J0CMXKAS2NGEQTTC/en,https://static.shared.propertyfinder.eg/media/images/listing/S5BYQE7R64J0CMXKAS2NGEQTTC/cc04c22a-83f9-45c4-b20a-1c873b8d4d88/1312x894.jpg,See the details of this Shop for Sale in West Mark.,13200000
75403585,3BR iVilla for Sale in New Cairo City,https://www.propertyfinder.eg/to/ZHCR1HEZW73N17YZNGVJZ9ZM0G/en,https://static.shared.propertyfinder.eg/media/images/listing/ZHCR1HEZW73N17YZNGVJZ9ZM0G/fdab684e-5bbc-411b-a0c7-12e208e65c5d/1312x894.jpg,See the details of this iVilla for Sale in Mountain View 1.1.,11000000
75403442,3BR Apartment for Sale in New Cairo City,https://www.propertyfinder.eg/to/14GN0KT96VJ05TB4SXPDH1M4A8/en,https://static.shared.propertyfinder.eg/media/images/listing/14GN0KT96VJ05TB4SXPDH1M4A8/7b9f3505-76be-4972-adaa-baf62eab2886/1312x894.jpg,See the details of this Apartment for Sale in Villette.,22000000
75402876,3BR Chalet for Sale in Al Alamein,https://www.propertyfinder.eg/to/040M44AEKQPZQ1HHAKRWHCB6ZW/en,https://static.shared.propertyfinder.eg/media/images/listing/040M44AEKQPZQ1HHAKRWHCB6ZW/5643afc3-7e57-43a1-8448-55b018faa118/1312x894.jpg,See the details of this Chalet for Sale in Marina 8.,6850000
75402746,3BR Villa for Sale in Shorouk City,https://www.propertyfinder.eg/to/PN3GRVP0XRATSKFBFZCXM6B94W/en,https://static.shared.propertyfinder.eg/media/images/listing/PN3GRVP0XRATSKFBFZCXM6B94W/dba497b0-ab36-4ea1-a03e-1af9a2806233/1312x894.jpg,See the details of this Villa for Sale in Al Burouj Compound.,27000000
75402674,3BR Apartment for Sale in Shorouk City,https://www.propertyfinder.eg/to/R35QA33FNGQFPHQ7504YE4AWNW/en,https://static.shared.propertyfinder.eg/media/images/listing/R35QA33FNGQFPHQ7504YE4AWNW/92b5b5a2-8371-41e4-ad1a-f94c37d2650f/1312x894.jpg,See the details of this Apartment for Sale in Al Burouj Compound.,6900000
75402588,4BR Villa for Sale in New Heliopolis,https://www.propertyfinder.eg/to/W1BRB5J7D95AZ5M75J75KRQE0C/en,https://static.shared.propertyfinder.eg/media/images/listing/W1BRB5J7D95AZ5M75J75KRQE0C/001ba122-034c-49cc-9a07-6cccc9705a95/1312x894.jpg,See the details of this Villa for Sale in Sodic East.,26000000
75402072,3BR Apartment for Sale in 6 October City,https://www.propertyfinder.eg/to/FBS4C5YH051FQ0SSXC6FHVE5TC/en,https://static.shared.propertyfinder.eg/media/images/listing/FBS4C5YH051FQ0SSXC6FHVE5TC/e6a68142-1c34-4724-bd92-760e2d9d4b80/1312x894.jpg,See the details of this Apartment for Sale in Pyramids Heights.,6600000
75401914,2BR Apartment for Sale in New Cairo City,https://www.propertyfinder.eg/to/YD5XYJBNYSCY61B6BMN2NNZKBR/en,https://static.shared.propertyfinder.eg/media/images/listing/YD5XYJBNYSCY61B6BMN2NNZKBR/acbca87c-6cfd-42e3-8eed-a05d28cae9b1/1312x894.jpg,See the details of this Apartment for Sale in Bluetree Compound.,2700000
75401028,2BR Chalet for Sale in Qesm Marsa Matrouh,https://www.propertyfinder.eg/to/627Q5ACM66A6BPG1YQ4RAJNKPM/en,https://static.shared.propertyfinder.eg/media/images/listing/627Q5ACM66A6BPG1YQ4RAJNKPM/ddcefb1a-e810-4b9d-810d-e9b0a37d2e57/1312x894.jpg,See the details of this Chalet for Sale in Fouka Bay.,3960000
75400757,5BR Villa for Sale in 6 October City,https://www.propertyfinder.eg/to/DKJQPQDWZW46AMAJ1V2SZYMYJW/en,https://static.shared.propertyfinder.eg/media/images/listing/DKJQPQDWZW46AMAJ1V2SZYMYJW/fe41cfa8-c1c5-4653-9e4c-97aea4d94d70/1312x894.jpg,See the details of this Villa for Sale in Grand Heights.,6550000
75400448,4BR Apartment for Sale in 6 October City,https://www.propertyfinder.eg/to/T5PSCFMY6ETGZA03N6DZJTJQR8/en,https://static.shared.propertyfinder.eg/media/images/listing/T5PSCFMY6ETGZA03N6DZJTJQR8/be36340b-e4a0-458b-b5bd-d698d1f7d282/1312x894.jpg,See the details of this Apartment for Sale in Joya.,5240000
75400048,4BR Villa for Sale in New Cairo City,https://www.propertyfinder.eg/to/76PD78G7C5SQH6Z17ACD2YS8ZG/en,https://static.shared.propertyfinder.eg/media/images/listing/76PD78G7C5SQH6Z17ACD2YS8ZG/6c9a8d78-75f7-4767-9ee7-54316e72271f/1312x894.jpg,See the details of this Villa for Sale in Palm Hills New Cairo.,18000000
75399997,3BR Apartment for Sale in Mostakbal City - Future City,https://www.propertyfinder.eg/to/BA9FPBNTVZM1RMAX24EHJ3XZHW/en,https://static.shared.propertyfinder.eg/media/images/listing/BA9FPBNTVZM1RMAX24EHJ3XZHW/88edc176-12ef-435e-9c1e-1b92409b0754/1312x894.jpg,See the details of this Apartment for Sale in Bloomfields.,9890000
75399996,3BR Apartment for Sale in Mostakbal City - Future City,https://www.propertyfinder.eg/to/N339NJMTJ5ZTW5DE18KBKSAMVR/en,https://static.shared.propertyfinder.eg/media/images/listing/N339NJMTJ5ZTW5DE18KBKSAMVR/eb274cfc-11b7-4f47-afe8-a18548acf967/1312x894.jpg,See the details of this Apartment for Sale in Bloomfields.,10300000
75399994,3BR Penthouse for Sale in Mostakbal City - Future City,https://www.propertyfinder.eg/to/FGFE4W0JYPMZYDNGA5FW1S4P7R/en,https://static.shared.propertyfinder.eg/media/images/listing/FGFE4W0JYPMZYDNGA5FW1S4P7R/0e7b0679-a6c8-476e-952e-3778182eddea/1312x894.jpg,See the details of this Penthouse for Sale in Neopolis   Wadi Degla.,13855000
75399852,Retail Space for Sale in 6 October City,https://www.propertyfinder.eg/to/7NTC6RTNE7BCDP2WVZEQB3NM34/en,https://static.shared.propertyfinder.eg/media/images/listing/7NTC6RTNE7BCDP2WVZEQB3NM34/137ac20a-84b6-4af6-be67-09ddc045decb/1312x894.jpg,See the details of this Retail Space for Sale in Val Plaza Mall.,14000000
75399355,2BR Chalet for Sale in Al Alamein,https://www.propertyfinder.eg/to/DAMV0NPXPR36F1577BT2DZHYZC/en,https://static.shared.propertyfinder.eg/media/images/listing/DAMV0NPXPR36F1577BT2DZHYZC/d6e67288-3a2c-49e8-9217-4adacb086b53/1312x894.jpg,See the details of this Chalet for Sale in Marina 5.,1150000
75399158,Studio Chalet for Sale in Al Alamein,https://www.propertyfinder.eg/to/VMCQMT91935Q0VTJNEQ5BM8NSR/en,https://static.shared.propertyfinder.eg/media/images/listing/VMCQMT91935Q0VTJNEQ5BM8NSR/0c3b8dbc-aadb-49c0-8330-f5c2d6a07083/1312x894.jpg,See the details of this Chalet for Sale in Marina 5.,700000
75399025,2BR Chalet for Sale in Ras Al Hekma,https://www.propertyfinder.eg/to/C1407CTTJCFS67JJHEHFQ7K4F8/en,https://static.shared.propertyfinder.eg/media/images/listing/C1407CTTJCFS67JJHEHFQ7K4F8/9f182df1-ad95-493d-9103-acc8627d1fc6/1312x894.jpg,See the details of this Chalet for Sale in Mountain View.,7400000
75398972,3BR Chalet for Sale in Ras Al Hekma,https://www.propertyfinder.eg/to/6FXX40RCV9D0ERCJFNWQ7B213R/en,https://static.shared.propertyfinder.eg/media/images/listing/6FXX40RCV9D0ERCJFNWQ7B213R/cde79ebb-da16-46f1-a746-00151ed4c5d0/1312x894.jpg,See the details of this Chalet for Sale in Mountain View.,9500000
75398913,3BR Apartment for Sale in Ras Al Hekma,https://www.propertyfinder.eg/to/JGTY72XDWEH1XAQY3913YFZEGC/en,https://static.shared.propertyfinder.eg/media/images/listing/JGTY72XDWEH1XAQY3913YFZEGC/8feb4a27-5499-450f-a7ec-184a0679be1c/1312x894.jpg,See the details of this Apartment for Sale in Mountain View.,10370000
75397038,2BR Apartment for Sale in New Heliopolis,https://www.propertyfinder.eg/to/A1XJG2YE73DJBFAV0JDF6M26MM/en,https://static.shared.propertyfinder.eg/media/images/listing/A1XJG2YE73DJBFAV0JDF6M26MM/b3e821bd-8fdb-46aa-b83b-5cff9c815755/1312x894.jpg,See the details of this Apartment for Sale in Talala.,368000
75396725,4BR Penthouse for Sale in New Cairo City,https://www.propertyfinder.eg/to/DA2HK4104BTK1GCJ5KCG487AAC/en,https://static.shared.propertyfinder.eg/media/images/listing/DA2HK4104BTK1GCJ5KCG487AAC/93858d7e-69d7-4e8b-a196-cde68ce73030/1312x894.jpg,See the details of this Penthouse for Sale in Villette.,17500000
75396274,2BR Chalet for Sale in Sidi Abdel Rahman,https://www.propertyfinder.eg/to/RG47CS0XABF7NCQ3ERGA5TDNTG/en,https://static.shared.propertyfinder.eg/media/images/listing/RG47CS0XABF7NCQ3ERGA5TDNTG/cb8a8efb-02fe-4af0-967f-8b2895a434dc/1312x894.jpg,See the details of this Chalet for Sale in Marassi.,23500000
75395891,3BR Apartment for Sale in Sheikh Zayed City,https://www.propertyfinder.eg/to/871EMR5C8E4WT1H7S62G1PRV2M/en,https://static.shared.propertyfinder.eg/media/images/listing/871EMR5C8E4WT1H7S62G1PRV2M/54ccd26a-4f8d-42c3-8382-60bfd6715a79/1312x894.jpg,See the details of this Apartment for Sale in Zed Towers.,6725508
75395857,5BR Villa for Sale in Hay Sharq,https://www.propertyfinder.eg/to/Q2VM7CGKD2CN8Q2MD0H3MBG654/en,https://static.shared.propertyfinder.eg/media/images/listing/Q2VM7CGKD2CN8Q2MD0H3MBG654/8712936b-fcfa-41db-9ffe-01ea0dc22f27/1312x894.jpg,See the details of this Villa for Sale in Vee Muruj.,25200000
75391400,3BR Apartment for Sale in New Cairo City,https://www.propertyfinder.eg/to/ADTSWG7ARTNPAATWQFD5YCPCDG/en,https://static.shared.propertyfinder.eg/media/images/listing/ADTSWG7ARTNPAATWQFD5YCPCDG/c7fe516d-b329-4ecd-8a20-be859c888788/1312x894.jpg,See the details of this Apartment for Sale in City Gate.,18500000
75390512,2BR Chalet for Sale in Al Ain Al Sokhna,https://www.propertyfinder.eg/to/2CJBV2VHGN62MA59C4M4Q3ZWSG/en,https://static.shared.propertyfinder.eg/media/images/listing/2CJBV2VHGN62MA59C4M4Q3ZWSG/a9b56625-ebd9-4b69-8f59-abdd71741143/1312x894.jpg,See the details of this Chalet for Sale in Telal Al Sokhna.,277000
75390450,3BR Chalet for Sale in Ras Al Hekma,https://www.propertyfinder.eg/to/X1RCPEFWANQHATD82N0DN1H9QM/en,https://static.shared.propertyfinder.eg/media/images/listing/X1RCPEFWANQHATD82N0DN1H9QM/fedf3df1-8dc7-4992-b17c-a47a08fcf385/1312x894.jpg,See the details of this Chalet for Sale in June.,2400000
75390296,4BR Villa for Sale in New Cairo City,https://www.propertyfinder.eg/to/8ESSV8Z49V3VNC9WW2PY76G6JM/en,https://static.shared.propertyfinder.eg/media/images/listing/8ESSV8Z49V3VNC9WW2PY76G6JM/aebbff62-9604-477b-9ac1-c22868440e3b/1312x894.jpg,See the details of this Villa for Sale in Swan Lake Residence.,150000000
7527656,4BR Villa for Sale in New Cairo City,https://www.propertyfinder.eg/to/01JZJ0GWQC79N6JKWK6BZX6K54/en,https://static.shared.propertyfinder.eg/media/images/listing/01JZJ0GWQC79N6JKWK6BZX6K54/fb0dc999-b432-4d60-ba9b-651884abeb69/1312x894.jpg,See the details of this Villa for Sale in Layan Residence.,20000000
75134848,2BR Chalet for Sale in Ras Al Hekma,https://www.propertyfinder.eg/to/PR6PA155PR4ZF52CNR94B1JSHR/en,https://static.shared.propertyfinder.eg/media/images/listing/PR6PA155PR4ZF52CNR94B1JSHR/7bfbfc3b-3705-4927-9489-1399d7c39e4c/1312x894.jpg,See the details of this Chalet for Sale in Seashore.,580000
75134515,5BR Villa for Sale in New Cairo City,https://www.propertyfinder.eg/to/ZPV3VGQ0PB995D718HJDYB9KS0/en,https://static.shared.propertyfinder.eg/media/images/listing/ZPV3VGQ0PB995D718HJDYB9KS0/4a27def1-87f8-449e-9c33-f279563e93db/1312x894.jpg,See the details of this Villa for Sale in City Gate.,51500000
75134511,4BR Twin House for Sale in Ras Al Hekma,https://www.propertyfinder.eg/to/P2ZG32ZVM9CX4636XG1ZRK9PV8/en,https://static.shared.propertyfinder.eg/media/images/listing/P2ZG32ZVM9CX4636XG1ZRK9PV8/d6d028d6-6811-464b-8932-9bb19b37381f/1312x894.jpg,See the details of this Twin House for Sale in La vista Ras El Hikma.,27000000
75134508,3BR Apartment for Sale in New Cairo City,https://www.propertyfinder.eg/to/H9PEYF746BW1YVFSJ75CT3T0T0/en,https://static.shared.propertyfinder.eg/media/images/listing/H9PEYF746BW1YVFSJ75CT3T0T0/8466145d-cc37-4c07-83f2-887b822f21b3/1312x894.jpg,See the details of this Apartment for Sale in City Gate.,14346570
75133995,2BR Chalet for Sale in Al Ain Al Sokhna,https://www.propertyfinder.eg/to/T2KRSEJESYBECYP830FQRX6B34/en,https://static.shared.propertyfinder.eg/media/images/listing/T2KRSEJESYBECYP830FQRX6B34/c80227c7-42b4-4ab7-a0e8-3d9b8caf724d/1312x894.jpg,See the details of this Chalet for Sale in La Vista Ray.,1502967
75131727,4BR Villa for Sale in Ras Al Hekma,https://www.propertyfinder.eg/to/SM75D4WMZ2VGB3HPT7DP71AR7R/en,https://static.shared.propertyfinder.eg/media/images/listing/SM75D4WMZ2VGB3HPT7DP71AR7R/423a5ae2-e38b-4273-800f-2e01785aa449/1312x894.jpg,See the details of this Villa for Sale in Ogami.,1800000
75131335,2BR Chalet for Sale in Ras Al Hekma,https://www.propertyfinder.eg/to/YR18TPK4WNQE9W7R8YJYQFW98R/en,https://static.shared.propertyfinder.eg/media/images/listing/YR18TPK4WNQE9W7R8YJYQFW98R/8d75d4f7-d99b-4bab-9dd3-69abf4f61bd0/1312x894.jpg,See the details of this Chalet for Sale in Youd.,4200000
75127978,3BR Apartment for Sale in El Nozha,https://www.propertyfinder.eg/to/FAWNQ121B2NKJXX4PTEE4TZ1Z0/en,https://static.shared.propertyfinder.eg/media/images/listing/FAWNQ121B2NKJXX4PTEE4TZ1Z0/07eff671-cc4a-462f-971f-6cc00b57a50d/1312x894.jpg,See the details of this Apartment for Sale in Isola Sheraton.,950000
75125829,2BR Apartment for Sale in New Heliopolis,https://www.propertyfinder.eg/to/AHHYT32Y9P44624JRDDN94ZPBW/en,https://static.shared.propertyfinder.eg/media/images/listing/AHHYT32Y9P44624JRDDN94ZPBW/ba6d7e34-f52c-49c8-9fcb-31d23f56bcaf/1312x894.jpg,See the details of this Apartment for Sale in Talala.,3000000
75124803,3BR Apartment for Sale in Hay Wasat,https://www.propertyfinder.eg/to/ZS9MC63A4AQY47E268QS3CZGAM/en,https://static.shared.propertyfinder.eg/media/images/listing/ZS9MC63A4AQY47E268QS3CZGAM/ddcb78b9-8685-4368-aa25-6246201ee43f/1312x894.jpg,See the details of this Apartment for Sale in Green St..,3800000
75123223,3BR Apartment for Sale in Al Alamein,https://www.propertyfinder.eg/to/W203PEJEEB0TGQM4W5GXDPBJ8R/en,https://static.shared.propertyfinder.eg/media/images/listing/W203PEJEEB0TGQM4W5GXDPBJ8R/0d388736-2947-4a18-a3bb-7fae4840a470/1312x894.jpg,See the details of this Apartment for Sale in Marina 8.,8000000
7511507,3BR Apartment for Sale in New Cairo City,https://www.propertyfinder.eg/to/01JZ6G09D3ZRWJXDHBW581F8EM/en,https://static.shared.propertyfinder.eg/media/images/listing/01JZ6G09D3ZRWJXDHBW581F8EM/58e45d7e-9037-43e5-ad01-890001f1736e/1312x894.jpg,See the details of this Apartment for Sale in El Patio Oro.,9000000
75086456,3BR Villa for Sale in New Cairo City,https://www.propertyfinder.eg/to/VB03A5HJFKRZ9FA0RK8QGP5Q0G/en,https://static.shared.propertyfinder.eg/media/images/listing/VB03A5HJFKRZ9FA0RK8QGP5Q0G/0740dc56-20aa-4c07-a470-f760e4164bb0/1312x894.jpg,See the details of this Villa for Sale in City Gate.,19826880
74865951,3BR Apartment for Sale in New Cairo City,https://www.propertyfinder.eg/to/XAT3XMV5PTDJKD6A64KJ9H9ZJG/en,https://static.shared.propertyfinder.eg/media/images/listing/XAT3XMV5PTDJKD6A64KJ9H9ZJG/9d26ff56-cc80-4ce6-8945-ace3af65c192/1312x894.jpg,See the details of this Apartment for Sale in City Gate.,20412875
74865950,3BR Apartment for Sale in New Cairo City,https://www.propertyfinder.eg/to/2JAMPFJ5YRQCCSKDP9J5GNHH58/en,https://static.shared.propertyfinder.eg/media/images/listing/2JAMPFJ5YRQCCSKDP9J5GNHH58/650ebd32-89e8-4003-af53-649fcf21b994/1312x894.jpg,See the details of this Apartment for Sale in City Gate.,17671000
74865743,3BR Apartment for Sale in New Cairo City,https://www.propertyfinder.eg/to/Z8RB238NJB8CQC7EXJ6BVGSS00/en,https://static.shared.propertyfinder.eg/media/images/listing/Z8RB238NJB8CQC7EXJ6BVGSS00/bf0806bd-b582-41e1-93b3-ceab71e2c79a/1312x894.jpg,See the details of this Apartment for Sale in JAYD Residence.,545000
74865467,4BR Townhouse for Sale in Al Alamein,https://www.propertyfinder.eg/to/MFW3MRW7Y1SXEBSS3ZCFJMCGA0/en,https://static.shared.propertyfinder.eg/media/images/listing/MFW3MRW7Y1SXEBSS3ZCFJMCGA0/5d9a81b1-f760-4552-9b5c-459361afd12b/1312x894.jpg,See the details of this Townhouse for Sale in Marina 5.,16500000
74865351,3BR Apartment for Sale in New Cairo City,https://www.propertyfinder.eg/to/PZ52Z9DFRXC81A2JD4CKQW4RNW/en,https://static.shared.propertyfinder.eg/media/images/listing/PZ52Z9DFRXC81A2JD4CKQW4RNW/276abe80-a978-4eb0-ad6f-54ca7d65e870/1312x894.jpg,See the details of this Apartment for Sale in City Gate.,18641400
74857653,3BR Villa for Sale in New Cairo City,https://www.propertyfinder.eg/to/D52TYW6JVE5JHB98DG0RT60EV8/en,https://static.shared.propertyfinder.eg/media/images/listing/D52TYW6JVE5JHB98DG0RT60EV8/2b9d007a-de49-44a6-b08b-3f4c0786832a/1312x894.jpg,See the details of this Villa for Sale in TRIO.,13235000
74857642,4BR Townhouse for Sale in New Cairo City,https://www.propertyfinder.eg/to/07G5Z1079BTP5TA818EJQ3338W/en,https://static.shared.propertyfinder.eg/media/images/listing/07G5Z1079BTP5TA818EJQ3338W/14641349-98eb-4c66-8434-4de063e2bfbe/1312x894.jpg,See the details of this Townhouse for Sale in TRIO.,12960000
74857204,2BR Apartment for Sale in Al Alamein,https://www.propertyfinder.eg/to/GPPB1XAG8R7GB6NY4RFS1DHEHW/en,https://static.shared.propertyfinder.eg/media/images/listing/GPPB1XAG8R7GB6NY4RFS1DHEHW/bbf75a63-5dc4-4ca8-b33f-3d4edad1bc77/1312x894.jpg,See the details of this Apartment for Sale in Marina.,1000000
74855870,4BR Villa for Sale in Ras Al Hekma,https://www.propertyfinder.eg/to/NYREQY4G3GPRDE7K347CN4HA0R/en,https://static.shared.propertyfinder.eg/media/images/listing/NYREQY4G3GPRDE7K347CN4HA0R/834303da-993b-4ecd-82c7-7d4c9c765a83/1312x894.jpg,See the details of this Villa for Sale in June.,1892000
74855351,5BR Villa for Sale in Al Alamein,https://www.propertyfinder.eg/to/RAH4Y358AYNKS839316418RF5M/en,https://static.shared.propertyfinder.eg/media/images/listing/RAH4Y358AYNKS839316418RF5M/a62b8800-c534-4d74-81e5-8051b3354947/1312x894.jpg,See the details of this Villa for Sale in Marina 5.,16000000
74599138,2BR Chalet for Sale in Sidi Abdel Rahman,https://www.propertyfinder.eg/to/VHFDQKDDJ6T1FRZ7J36Y510E2M/en,https://static.shared.propertyfinder.eg/media/images/listing/VHFDQKDDJ6T1FRZ7J36Y510E2M/c10f94ac-c4b7-453f-b834-147eb5c223a3/1312x894.jpg,See the details of this Chalet for Sale in Marassi.,6800000
74598511,Studio Chalet for Sale in Al Ain Al Sokhna,https://www.propertyfinder.eg/to/XS9ZVCB8Z70A4T132S9B9HYGFG/en,https://static.shared.propertyfinder.eg/media/images/listing/XS9ZVCB8Z70A4T132S9B9HYGFG/1c0d8e8a-58d1-458d-9a91-18aba14a3d0d/1312x894.jpg,See the details of this Chalet for Sale in Telal Al Sokhna.,6200000
74598494,3BR Duplex for Sale in Sheikh Zayed City,https://www.propertyfinder.eg/to/9YFR6PMV0AG7Q4HJJNF7YQQJ2G/en,https://static.shared.propertyfinder.eg/media/images/listing/9YFR6PMV0AG7Q4HJJNF7YQQJ2G/9502ecd8-8692-4b0d-83ae-44057725c486/1312x894.jpg,See the details of this Duplex for Sale in Karmell.,24987655
74598430,2BR Chalet for Sale in Ras Al Hekma,https://www.propertyfinder.eg/to/9PX8VNCQXPDQ0R6R52JX116NF8/en,https://static.shared.propertyfinder.eg/media/images/listing/9PX8VNCQXPDQ0R6R52JX116NF8/4093fecc-c71e-4edb-bf1a-9a65e8fa8c7b/1312x894.jpg,See the details of this Chalet for Sale in Cali Coast.,9235131
74598351,6BR Villa for Sale in Ras Al Hekma,https://www.propertyfinder.eg/to/906R3FKPQZS08G6DEK8ACDXX68/en,https://static.shared.propertyfinder.eg/media/images/listing/906R3FKPQZS08G6DEK8ACDXX68/d32037b9-d5b9-4b19-a515-00890e74e30d/1312x894.jpg,See the details of this Villa for Sale in The Med.,99756589
74596575,4BR Villa for Sale in New Cairo City,https://www.propertyfinder.eg/to/ZVA82H1ASVCCHYHMMFSFW18Q7G/en,https://static.shared.propertyfinder.eg/media/images/listing/ZVA82H1ASVCCHYHMMFSFW18Q7G/f4b1bc1f-6ef1-43fc-9815-330acc92758b/1312x894.jpg,See the details of this Villa for Sale in Amara.,30000000
74596488,4BR Villa for Sale in 6 October City,https://www.propertyfinder.eg/to/YRFD5R5TFCKWFVYJTFE6HJTMQ0/en,https://static.shared.propertyfinder.eg/media/images/listing/YRFD5R5TFCKWFVYJTFE6HJTMQ0/618d37b1-e41c-4df8-b6f3-9314eb92a107/1312x894.jpg,See the details of this Villa for Sale in Dara Gardens.,35000000
74596323,2BR Apartment for Sale in Mostakbal City - Future City,https://www.propertyfinder.eg/to/8KHSX556W2EB0R8V2M6068GVPM/en,https://static.shared.propertyfinder.eg/media/images/listing/8KHSX556W2EB0R8V2M6068GVPM/4ba95706-c30b-4a01-8b48-a537fb1a7969/1312x894.jpg,See the details of this Apartment for Sale in Bloomfields.,9100000
74595397,4BR Twin House for Sale in Sheikh Zayed City,https://www.propertyfinder.eg/to/WQF3WKVMW4EHEMZW3SB885M634/en,https://static.shared.propertyfinder.eg/media/images/listing/WQF3WKVMW4EHEMZW3SB885M634/a72cd02c-8c00-4ad7-b8a7-d2713b04fc71/1312x894.jpg,See the details of this Twin House for Sale in Greens.,30000000
74594526,1BR Chalet for Sale in Ras Al Hekma,https://www.propertyfinder.eg/to/T2RB6FJT51CGF76ZZF6SFMRY8R/en,https://static.shared.propertyfinder.eg/media/images/listing/T2RB6FJT51CGF76ZZF6SFMRY8R/4c3e6734-7623-4dc0-9779-38472874ae74/1312x894.jpg,See the details of this Chalet for Sale in Hacienda West.,7470000
74594353,5BR Villa for Sale in New Cairo City,https://www.propertyfinder.eg/to/AX0PD4DAYNK127Q4GY1JET4P8C/en,https://static.shared.propertyfinder.eg/media/images/listing/AX0PD4DAYNK127Q4GY1JET4P8C/5b2d92cb-3e5f-45e3-b862-cbd7559e2207/1312x894.jpg,See the details of this Villa for Sale in Bellagio.,52000000
74594182,2BR Apartment for Sale in New Cairo City,https://www.propertyfinder.eg/to/40YX5F0C8P70KEXD9F36EXTQ60/en,https://static.shared.propertyfinder.eg/media/images/listing/40YX5F0C8P70KEXD9F36EXTQ60/9dcb9d36-7533-412e-912d-03beb674de14/1312x894.jpg,See the details of this Apartment for Sale in Village Gardens Katameya.,9800000
74592807,3BR Apartment for Sale in New Cairo City,https://www.propertyfinder.eg/to/EWC0SY9AABWHM263NM7X5DXW34/en,https://static.shared.propertyfinder.eg/media/images/listing/EWC0SY9AABWHM263NM7X5DXW34/4ea6f82d-0ffc-46e5-a7dd-3f15d17acdeb/1312x894.jpg,See the details of this Apartment for Sale in Zed East.,7007000
74592263,3BR Villa for Sale in Mostakbal City - Future City,https://www.propertyfinder.eg/to/QZ9ECQGH25G3S4MX6Q5WPKG2A0/en,https://static.shared.propertyfinder.eg/media/images/listing/QZ9ECQGH25G3S4MX6Q5WPKG2A0/97ff2035-ec4f-472a-b728-b016f69e02f4/1312x894.jpg,See the details of this Villa for Sale in Elan Sarai.,7410000
74592261,3BR Apartment for Sale in New Cairo City,https://www.propertyfinder.eg/to/JM54DVRFWX9XRP09WTTDQAPGG8/en,https://static.shared.propertyfinder.eg/media/images/listing/JM54DVRFWX9XRP09WTTDQAPGG8/c7d6f670-9b7b-4d6c-ada2-fdced76ca8db/1312x894.jpg,See the details of this Apartment for Sale in Mountain View iCity.,6500000
74591143,3BR Chalet for Sale in Al Ain Al Sokhna,https://www.propertyfinder.eg/to/VZV3VA01DGM8N0XEBASH3BXZRM/en,https://static.shared.propertyfinder.eg/media/images/listing/VZV3VA01DGM8N0XEBASH3BXZRM/98c5db8a-10bc-424f-bb2b-71380e864d70/1312x894.jpg,See the details of this Chalet for Sale in Telal Al Sokhna.,7620000
74591052,2BR Apartment for Sale in Mostakbal City - Future City,https://www.propertyfinder.eg/to/MSFGBH9B6KKQB38EZBZK32BN1R/en,https://static.shared.propertyfinder.eg/media/images/listing/MSFGBH9B6KKQB38EZBZK32BN1R/0c0f5a62-edd6-48a9-abda-16114c43a606/1312x894.jpg,See the details of this Apartment for Sale in Esse Residence.,3723000
74590770,3BR Apartment for Sale in New Cairo City,https://www.propertyfinder.eg/to/TDEPZ0NBG6ZASJ3PPR67XWTDRM/en,https://static.shared.propertyfinder.eg/media/images/listing/TDEPZ0NBG6ZASJ3PPR67XWTDRM/fab65e99-ed39-43a5-b708-c2bc20e1f065/1312x894.jpg,See the details of this Apartment for Sale in Lake View Residence 2.,14587000
74590753,5BR Villa for Sale in New Heliopolis,https://www.propertyfinder.eg/to/SY1C8NS88BDH3NQ0ENGE46KYMR/en,https://static.shared.propertyfinder.eg/media/images/listing/SY1C8NS88BDH3NQ0ENGE46KYMR/dc832498-8e9a-49eb-8b12-88208e19d28f/1312x894.jpg,See the details of this Villa for Sale in Sodic East.,26000000
74590445,3BR Apartment for Sale in New Cairo City,https://www.propertyfinder.eg/to/BQCFQ13KYDF1HVRVB5YA0A296G/en,https://static.shared.propertyfinder.eg/media/images/listing/BQCFQ13KYDF1HVRVB5YA0A296G/5db9197b-9199-49b7-90c4-afd0950777e8/1312x894.jpg,See the details of this Apartment for Sale in District 5.,9900000
74590432,4BR Townhouse for Sale in New Cairo City,https://www.propertyfinder.eg/to/1CG0J774PXK3HZXD7H8DDPYAX4/en,https://static.shared.propertyfinder.eg/media/images/listing/1CG0J774PXK3HZXD7H8DDPYAX4/54ad9241-0c3f-4631-9896-a12a3643570c/1312x894.jpg,See the details of this Townhouse for Sale in Garden Residence.,11000000
74590275,2BR Twin House for Sale in Hurghada,https://www.propertyfinder.eg/to/VFN4A9BRG0K939C3WJYQNBNEEG/en,https://static.shared.propertyfinder.eg/media/images/listing/VFN4A9BRG0K939C3WJYQNBNEEG/c4348d4c-8485-4569-9443-ce715f9185ea/1312x894.jpg,See the details of this Twin House for Sale in Bay West.,23900000
74590033,2BR Villa for Sale in New Capital City,https://www.propertyfinder.eg/to/YKCNKVV252G7CSS8PDKEE9QBG4/en,https://static.shared.propertyfinder.eg/media/images/listing/YKCNKVV252G7CSS8PDKEE9QBG4/0652a901-8281-430d-841d-2b1850930955/1312x894.jpg,See the details of this Villa for Sale in La Vista City.,47000000
74589913,4BR Townhouse for Sale in 6 October City,https://www.propertyfinder.eg/to/RJRKVV1M97B64TN9H1VBN0WN7C/en,https://static.shared.propertyfinder.eg/media/images/listing/RJRKVV1M97B64TN9H1VBN0WN7C/393248bd-679c-418b-abb2-17d79c08da22/1312x894.jpg,See the details of this Townhouse for Sale in O West.,8361000
74589015,3BR Duplex for Sale in New Cairo City,https://www.propertyfinder.eg/to/G10BKKZ0C5VX4ZFEWRTTSD7CB4/en,https://static.shared.propertyfinder.eg/media/images/listing/G10BKKZ0C5VX4ZFEWRTTSD7CB4/2020338e-4b3e-449d-a060-f4216e6692a0/1312x894.jpg,See the details of this Duplex for Sale in Eastown.,23500000
74588809,4BR Twin House for Sale in New Cairo City,https://www.propertyfinder.eg/to/EEPM52NNWMW5RCGSQ95X87R018/en,https://static.shared.propertyfinder.eg/media/images/listing/EEPM52NNWMW5RCGSQ95X87R018/b5a9866e-e0b9-4bb7-868e-4de37441675a/1312x894.jpg,See the details of this Twin House for Sale in Saada Compound.,38000000
74588499,4BR Duplex for Sale in New Cairo City,https://www.propertyfinder.eg/to/CX1ZGVGER8YHYW286CKT0G1KSR/en,https://static.shared.propertyfinder.eg/media/images/listing/CX1ZGVGER8YHYW286CKT0G1KSR/f55912fd-34b5-4ca3-9177-2eebf772f554/1312x894.jpg,See the details of this Duplex for Sale in City Gate.,27000000
74587719,3BR Duplex for Sale in New Cairo City,https://www.propertyfinder.eg/to/HREEP980P1CPHHZ929XT84DSTC/en,https://static.shared.propertyfinder.eg/media/images/listing/HREEP980P1CPHHZ929XT84DSTC/b050c2d7-d44d-47a1-90e9-1fc223eccc17/1312x894.jpg,See the details of this Duplex for Sale in Eastown.,27000000
74587345,3BR Villa for Sale in Sheikh Zayed City,https://www.propertyfinder.eg/to/YBK63J6HVQQP01NFJPKV712FQ0/en,https://static.shared.propertyfinder.eg/media/images/listing/YBK63J6HVQQP01NFJPKV712FQ0/c2293cd9-0d6c-45d7-89c3-11b6bc683656/1312x894.jpg,See the details of this Villa for Sale in Karmell.,21525128
74586902,4BR Townhouse for Sale in New Heliopolis,https://www.propertyfinder.eg/to/QKPGRWYWMW91EW9KY33GGSRB30/en,https://static.shared.propertyfinder.eg/media/images/listing/QKPGRWYWMW91EW9KY33GGSRB30/ee392b24-a81f-456c-bef3-c5d547808ecd/1312x894.jpg,See the details of this Townhouse for Sale in Sodic East.,11500000
74586641,4BR Penthouse for Sale in Mostakbal City - Future City,https://www.propertyfinder.eg/to/AWZ79NMJCBC6F6PG9C26E147AC/en,https://static.shared.propertyfinder.eg/media/images/listing/AWZ79NMJCBC6F6PG9C26E147AC/45ffa352-b197-4a7b-a08d-d89c16bee588/1312x894.jpg,See the details of this Penthouse for Sale in S1.,9500000
74586468,4BR Villa for Sale in Mostakbal City - Future City,https://www.propertyfinder.eg/to/QPE81XNSVD5SQKYDV62HSSN3XR/en,https://static.shared.propertyfinder.eg/media/images/listing/QPE81XNSVD5SQKYDV62HSSN3XR/bbc63b8f-7dbb-42b0-a03d-1137f1a0ae9a/1312x894.jpg,See the details of this Villa for Sale in Croons Sarai.,17600000
74586085,3BR Chalet for Sale in Ras Al Hekma,https://www.propertyfinder.eg/to/D1J04KF84VQXEZCA40WHR62NA0/en,https://static.shared.propertyfinder.eg/media/images/listing/D1J04KF84VQXEZCA40WHR62NA0/31f219c8-c881-4ef7-b49c-8c72ae98a66f/1312x894.jpg,See the details of this Chalet for Sale in Mountain View.,9500000
74585940,3BR Chalet for Sale in Ras Al Hekma,https://www.propertyfinder.eg/to/333K3T92KWSDTAS830J20CZZ74/en,https://static.shared.propertyfinder.eg/media/images/listing/333K3T92KWSDTAS830J20CZZ74/a78f2d16-4680-4384-8db6-3c9d1848356d/1312x894.jpg,See the details of this Chalet for Sale in Mountain View.,6400000
74585516,2BR Apartment for Sale in Mostakbal City - Future City,https://www.propertyfinder.eg/to/RADK8ME7JH8BAVXGMB24A10RYR/en,https://static.shared.propertyfinder.eg/media/images/listing/RADK8ME7JH8BAVXGMB24A10RYR/d5c87658-c670-4626-a2bf-d098d51bcfcf/1312x894.jpg,See the details of this Apartment for Sale in The Butterfly.,130000
74584664,2BR Apartment for Sale in New Cairo City,https://www.propertyfinder.eg/to/QTYZBPE2CD7QW7YCNW41DQ5KAR/en,https://static.shared.propertyfinder.eg/media/images/listing/QTYZBPE2CD7QW7YCNW41DQ5KAR/c0c21b43-585c-492d-82a4-71a0ceedceb7/1312x894.jpg,See the details of this Apartment for Sale in The Icon Residence II.,3555000
74584022,3BR Apartment for Sale in New Cairo City,https://www.propertyfinder.eg/to/JF0YFC6F4Q3WC3GEEGG18M4XCC/en,https://static.shared.propertyfinder.eg/media/images/listing/JF0YFC6F4Q3WC3GEEGG18M4XCC/92fc93ec-f252-4a17-bebf-ddfc461e4fa0/1312x894.jpg,See the details of this Apartment for Sale in Mountain View iCity.,9460000
74584012,2BR Apartment for Sale in New Cairo City,https://www.propertyfinder.eg/to/J99S11F74E20F2ZNN7GATET08W/en,https://static.shared.propertyfinder.eg/media/images/listing/J99S11F74E20F2ZNN7GATET08W/6b2da2ee-7de5-45db-99a0-e14aed1d1b28/1312x894.jpg,See the details of this Apartment for Sale in Lake View Residence.,9800000
74582885,3BR Apartment for Sale in New Cairo City,https://www.propertyfinder.eg/to/B2CXE2J5RY2EW96QE7RD2QYRAC/en,https://static.shared.propertyfinder.eg/media/images/listing/B2CXE2J5RY2EW96QE7RD2QYRAC/6a079dc8-59ab-4086-a1d0-ba3e75e2638f/1312x894.jpg,See the details of this Apartment for Sale in Moon Residences.,14000000
74582307,1BR Apartment for Sale in New Cairo City,https://www.propertyfinder.eg/to/S2SNGH1MBHEFBRPTEAD6WXT1S4/en,https://static.shared.propertyfinder.eg/media/images/listing/S2SNGH1MBHEFBRPTEAD6WXT1S4/9504d021-ce15-4117-b5d2-cf07c81733a1/1312x894.jpg,See the details of this Apartment for Sale in Hyde Park Central.,7500000
74582205,2BR Apartment for Sale in New Cairo City,https://www.propertyfinder.eg/to/RKTKSECTSZ63D12RQVE5EGXPJ8/en,https://static.shared.propertyfinder.eg/media/images/listing/RKTKSECTSZ63D12RQVE5EGXPJ8/ea8263d1-fcdd-41e9-9f39-d32d3df55d8f/1312x894.jpg,See the details of this Apartment for Sale in Taj City.,6730000
74581661,3BR Apartment for Sale in Mostakbal City - Future City,https://www.propertyfinder.eg/to/G54SQ63SSZPHCCTJDPPZWQNTBR/en,https://static.shared.propertyfinder.eg/media/images/listing/G54SQ63SSZPHCCTJDPPZWQNTBR/b55f6299-c35b-488a-ae9a-295f051f3fbd/1312x894.jpg,See the details of this Apartment for Sale in Bloomfields.,10000000
74581653,3BR Duplex for Sale in New Cairo City,https://www.propertyfinder.eg/to/MRXT5TVKNZ50T4DDRP5JQ4XB90/en,https://static.shared.propertyfinder.eg/media/images/listing/MRXT5TVKNZ50T4DDRP5JQ4XB90/1ca0b38c-6c89-4469-877b-09f50f3de36d/1312x894.jpg,See the details of this Duplex for Sale in Taj City.,11550000
74581343,2BR Apartment for Sale in Mostakbal City - Future City,https://www.propertyfinder.eg/to/07NM8GGNGY044WSRC52AN0XQJW/en,https://static.shared.propertyfinder.eg/media/images/listing/07NM8GGNGY044WSRC52AN0XQJW/e6618320-9224-40a6-828c-9f74d4835ea6/1312x894.jpg,See the details of this Apartment for Sale in L'avenir.,6230338
74581041,2BR Apartment for Sale in Mostakbal City - Future City,https://www.propertyfinder.eg/to/8PVPF83WNBPX3WKPQPBT84N91W/en,https://static.shared.propertyfinder.eg/media/images/listing/8PVPF83WNBPX3WKPQPBT84N91W/c824648b-73ee-4db0-9ae7-0017df73ba34/1312x894.jpg,See the details of this Apartment for Sale in Bloomfields.,6230338
74580802,1BR Apartment for Sale in Mostakbal City - Future City,https://www.propertyfinder.eg/to/32P31EH98P1ASV3HP3ESZRAN7G/en,https://static.shared.propertyfinder.eg/media/images/listing/32P31EH98P1ASV3HP3ESZRAN7G/3181a782-6d21-4eb8-a04d-9ec822cadb27/1312x894.jpg,See the details of this Apartment for Sale in Green Square.,4419628
74580667,6BR Villa for Sale in New Heliopolis,https://www.propertyfinder.eg/to/VZ625Z08698R556RYTHYP20SK0/en,https://static.shared.propertyfinder.eg/media/images/listing/VZ625Z08698R556RYTHYP20SK0/bf8b3476-4f51-4369-bd19-46c7daa683dd/1312x894.jpg,See the details of this Villa for Sale in Sodic East.,24000000
74580629,3BR Apartment for Sale in New Heliopolis,https://www.propertyfinder.eg/to/CF35VGEV5HPC2C197BHNEECQDR/en,https://static.shared.propertyfinder.eg/media/images/listing/CF35VGEV5HPC2C197BHNEECQDR/650f8810-0a3a-4c57-8be5-a94a74abd714/1312x894.jpg,See the details of this Apartment for Sale in Sodic East.,11140000
74580585,4BR Duplex for Sale in Hay Sharq,https://www.propertyfinder.eg/to/TT220ZYGY6M3TW0M9Y94YC2PCR/en,https://static.shared.propertyfinder.eg/media/images/listing/TT220ZYGY6M3TW0M9Y94YC2PCR/623081b2-a6e6-483b-a986-930df7e7dc82/1312x894.jpg,See the details of this Duplex for Sale in Sky line.,14000000
74580472,5BR Duplex for Sale in New Heliopolis,https://www.propertyfinder.eg/to/49Q6GAZB77RXJ35RHKQ12F1DE4/en,https://static.shared.propertyfinder.eg/media/images/listing/49Q6GAZB77RXJ35RHKQ12F1DE4/f731a234-0b36-4f1b-a857-a7cfb628cbb2/1312x894.jpg,See the details of this Duplex for Sale in Sodic East.,20940000
74578907,3BR Townhouse for Sale in New Cairo City,https://www.propertyfinder.eg/to/9CGRPVNKQJNXT2JTR2207WKJ80/en,https://static.shared.propertyfinder.eg/media/images/listing/9CGRPVNKQJNXT2JTR2207WKJ80/05002e1f-9865-496d-9803-c08e98bfe2de/1312x894.jpg,See the details of this Townhouse for Sale in Layan Residence.,20000000
74479168,1BR Apartment for Sale in New Capital City,https://www.propertyfinder.eg/to/JAFZ03XSTPT3X5XVR8JBP60MD8/en,https://static.shared.propertyfinder.eg/media/images/listing/JAFZ03XSTPT3X5XVR8JBP60MD8/1d4e1f5c-21e5-454d-a5aa-2e7b96eccd3a/1312x894.jpg,See the details of this Apartment for Sale in New Garden City.,720000
74323912,3BR Apartment for Sale in New Cairo City,https://www.propertyfinder.eg/to/R8J7YRFZED0XJJPADNBEMRQ268/en,https://static.shared.propertyfinder.eg/media/images/listing/R8J7YRFZED0XJJPADNBEMRQ268/7056919d-22a4-434e-850a-05095d5dffd5/1312x894.jpg,See the details of this Apartment for Sale in City Gate.,16530300
74322470,3BR Apartment for Sale in 6 October City,https://www.propertyfinder.eg/to/3YCRH9JPKKQWRCE9WY45M3JH4M/en,https://static.shared.propertyfinder.eg/media/images/listing/3YCRH9JPKKQWRCE9WY45M3JH4M/55511d4c-701d-49e1-a990-effa3cec7fd2/1312x894.jpg,See the details of this Apartment for Sale in Palm Parks   Palm Hills.,4000000
74319757,1BR Apartment for Sale in 6 October City,https://www.propertyfinder.eg/to/C812062P8CPNDGN5P5ZMXSVA8W/en,https://static.shared.propertyfinder.eg/media/images/listing/C812062P8CPNDGN5P5ZMXSVA8W/f20f4eb4-63da-42a4-afe2-9b9bd9837fb3/1312x894.jpg,See the details of this Apartment for Sale in One33.,4395650
74318894,4BR Villa for Sale in New Capital City,https://www.propertyfinder.eg/to/FW56CC3ZKXYYQVHSY9RATH73NW/en,https://static.shared.propertyfinder.eg/media/images/listing/FW56CC3ZKXYYQVHSY9RATH73NW/866011a9-d9c3-44e1-ad07-5dd54efa16d8/1312x894.jpg,See the details of this Villa for Sale in La Vista City.,24500000
74318740,2BR Chalet for Sale in Al Ain Al Sokhna,https://www.propertyfinder.eg/to/NYW3KF9TWM5BNG7HMWDHCSJ7B8/en,https://static.shared.propertyfinder.eg/media/images/listing/NYW3KF9TWM5BNG7HMWDHCSJ7B8/191b0911-69ea-4a42-b592-f1b484079ac6/1312x894.jpg,See the details of this Chalet for Sale in Azha.,6000000
74318704,2BR Chalet for Sale in Al Alamein,https://www.propertyfinder.eg/to/RT283NZ6X06ZMS4SN1RAV5QXGG/en,https://static.shared.propertyfinder.eg/media/images/listing/RT283NZ6X06ZMS4SN1RAV5QXGG/beb9a9a3-3429-4801-8bc0-149d9dde567d/1312x894.jpg,See the details of this Chalet for Sale in Marina 5.,2000000
74318459,3BR Chalet for Sale in Qesm Marsa Matrouh,https://www.propertyfinder.eg/to/V0VNKE9VDMBH4X7C5MTFH5SN4C/en,https://static.shared.propertyfinder.eg/media/images/listing/V0VNKE9VDMBH4X7C5MTFH5SN4C/4dada172-450d-4bfa-95f5-2ce5fc10d74f/1312x894.jpg,See the details of this Chalet for Sale in Silver Sands.,16000000
74317387,Retail Space for Sale in 6 October City,https://www.propertyfinder.eg/to/4PV1R42H8XP2CHNX5050S4D8ZM/en,https://static.shared.propertyfinder.eg/media/images/listing/4PV1R42H8XP2CHNX5050S4D8ZM/dc5e0617-3993-4155-820a-aa6b62a15ff2/1312x894.jpg,See the details of this Retail Space for Sale in Centrada Plaza.,19213000
74317013,4BR Twin House for Sale in Sheikh Zayed City,https://www.propertyfinder.eg/to/FTJWM3KQARN94VQ9G4ERD36RKM/en,https://static.shared.propertyfinder.eg/media/images/listing/FTJWM3KQARN94VQ9G4ERD36RKM/515bab30-5885-491b-876e-3a004ca5a290/1312x894.jpg,See the details of this Twin House for Sale in Village West.,17000000
74316293,4BR Penthouse for Sale in New Cairo City,https://www.propertyfinder.eg/to/KFAX0RMQWZNJZ46WTT22E9G204/en,https://static.shared.propertyfinder.eg/media/images/listing/KFAX0RMQWZNJZ46WTT22E9G204/2923942c-7bd5-413c-b004-ff95890ec677/1312x894.jpg,See the details of this Penthouse for Sale in Stone Residence.,3100000
74316124,2BR Apartment for Sale in Mostakbal City - Future City,https://www.propertyfinder.eg/to/5D1TJKVVF3W8X11Q1ADSKPHRH0/en,https://static.shared.propertyfinder.eg/media/images/listing/5D1TJKVVF3W8X11Q1ADSKPHRH0/28dea9cc-3718-4d7c-93e9-d5b26272a86c/1312x894.jpg,See the details of this Apartment for Sale in Green Square.,7800000
74314986,3BR Apartment for Sale in New Cairo City,https://www.propertyfinder.eg/to/Y1DXJZPV6BD2H4D0FGWSW50ZN4/en,https://static.shared.propertyfinder.eg/media/images/listing/Y1DXJZPV6BD2H4D0FGWSW50ZN4/14a5d695-ce35-4fb0-a86a-97446d9d7952/1312x894.jpg,See the details of this Apartment for Sale in Taj City.,5757000
74314816,3BR iVilla for Sale in New Cairo City,https://www.propertyfinder.eg/to/X5B6V2521M709590FY5GSZT1CC/en,https://static.shared.propertyfinder.eg/media/images/listing/X5B6V2521M709590FY5GSZT1CC/02aa36bf-13e8-4a11-90e9-44258a56da6c/1312x894.jpg,See the details of this iVilla for Sale in Mountain View Hyde Park.,18500000
74314437,3BR Apartment for Sale in New Cairo City,https://www.propertyfinder.eg/to/GNH37H4JGWZ5JG3SA8JBRYK1Z4/en,https://static.shared.propertyfinder.eg/media/images/listing/GNH37H4JGWZ5JG3SA8JBRYK1Z4/8d71f809-a3d3-480d-a9a1-8be9d740a263/1312x894.jpg,See the details of this Apartment for Sale in Lake View Residence.,20000000
74314349,3BR Twin House for Sale in Al Ain Al Sokhna,https://www.propertyfinder.eg/to/510EEXTZTHCFAJ53Y8YSM5838W/en,https://static.shared.propertyfinder.eg/media/images/listing/510EEXTZTHCFAJ53Y8YSM5838W/3af8ffda-c33c-4812-841b-a6a4b6259ad7/1312x894.jpg,See the details of this Twin House for Sale in Telal Al Sokhna.,11500000
74313719,3BR Townhouse for Sale in New Heliopolis,https://www.propertyfinder.eg/to/5Q62HDGS6ZMTD0YTGSQ9F5BK64/en,https://static.shared.propertyfinder.eg/media/images/listing/5Q62HDGS6ZMTD0YTGSQ9F5BK64/824d3cd1-0552-446d-8e47-74d6552682cf/1312x894.jpg,See the details of this Townhouse for Sale in Talala.,6842000
74313196,3BR Chalet for Sale in Ras Al Hekma,https://www.propertyfinder.eg/to/981H34A48K33KN8V2SW7S4X1Y4/en,https://static.shared.propertyfinder.eg/media/images/listing/981H34A48K33KN8V2SW7S4X1Y4/49427cbb-6ca6-485e-8982-5b178eb1522d/1312x894.jpg,See the details of this Chalet for Sale in Koun.,3850000
74313151,2BR Apartment for Sale in New Heliopolis,https://www.propertyfinder.eg/to/0Y3K6BA9RG16BT8AMB364QGPKC/en,https://static.shared.propertyfinder.eg/media/images/listing/0Y3K6BA9RG16BT8AMB364QGPKC/f147158c-b4d4-4a07-b9dc-d8fe460ba8c0/1312x894.jpg,See the details of this Apartment for Sale in Talala.,3535000
74312985,2BR Chalet for Sale in Ras Al Hekma,https://www.propertyfinder.eg/to/1B0QWVADB08BT1KCN5EM8V3H1G/en,https://static.shared.propertyfinder.eg/media/images/listing/1B0QWVADB08BT1KCN5EM8V3H1G/e0c05f1c-33c9-4310-9e6c-820d1da0bffb/1312x894.jpg,See the details of this Chalet for Sale in June.,14000000
74312970,3BR Chalet for Sale in Ras Al Hekma,https://www.propertyfinder.eg/to/J7E1WEN27NDX50SYPVSZ4BJD20/en,https://static.shared.propertyfinder.eg/media/images/listing/J7E1WEN27NDX50SYPVSZ4BJD20/373d70a4-92e5-4e83-a4b3-ed07ae1363c7/1312x894.jpg,See the details of this Chalet for Sale in June.,9900000
74312358,3BR Apartment for Sale in New Cairo City,https://www.propertyfinder.eg/to/G10EW2222A879783RBPVHH11Z4/en,https://static.shared.propertyfinder.eg/media/images/listing/G10EW2222A879783RBPVHH11Z4/d1bcd3a7-d7c6-4395-8708-8871266e8197/1312x894.jpg,See the details of this Apartment for Sale in Mountain View iCity.,7300000
74311946,Office for Sale in New Cairo City,https://www.propertyfinder.eg/to/Y1M0YN899Z93XH52BDSDXVKCC8/en,https://static.shared.propertyfinder.eg/media/images/listing/Y1M0YN899Z93XH52BDSDXVKCC8/c93dce60-048b-4af5-b116-315b8c26426f/1312x894.jpg,See the details of this Office for Sale in Hyde Park Business District Mall.,20000000
74310351,4BR Villa for Sale in Al Alamein,https://www.propertyfinder.eg/to/CRXF7QWAEJP23QRXQ20EBX2MWC/en,https://static.shared.propertyfinder.eg/media/images/listing/CRXF7QWAEJP23QRXQ20EBX2MWC/636840f5-8b27-4535-86d0-5abc66f02d3b/1312x894.jpg,See the details of this Villa for Sale in Diamond Beach.,10000000
74309491,4BR Villa for Sale in 6 October City,https://www.propertyfinder.eg/to/XJPPEV3FR5DK8J84XPZXFVBSW8/en,https://static.shared.propertyfinder.eg/media/images/listing/XJPPEV3FR5DK8J84XPZXFVBSW8/f8a425e4-55e2-4d4d-b78d-df9b197c4242/1312x894.jpg,See the details of this Villa for Sale in O West.,14632000
74309484,2BR Apartment for Sale in New Cairo City,https://www.propertyfinder.eg/to/9XWVC1A26E37VR9F0DBWDSPY4W/en,https://static.shared.propertyfinder.eg/media/images/listing/9XWVC1A26E37VR9F0DBWDSPY4W/35e7e979-4d4f-4269-acfc-de6ea015e881/1312x894.jpg,See the details of this Apartment for Sale in Lake View Residence.,13000000
74309310,2BR Apartment for Sale in New Cairo City,https://www.propertyfinder.eg/to/YG0YTXT23214RRBNR5NZAH8NT8/en,https://static.shared.propertyfinder.eg/media/images/listing/YG0YTXT23214RRBNR5NZAH8NT8/6f7604bd-af3c-4aa1-98c8-8d06b31ea09d/1312x894.jpg,See the details of this Apartment for Sale in District 5.,9800000
74309307,3BR Townhouse for Sale in New Cairo City,https://www.propertyfinder.eg/to/16DQFQFWTWZAZBJ81BVKBR9SVC/en,https://static.shared.propertyfinder.eg/media/images/listing/16DQFQFWTWZAZBJ81BVKBR9SVC/673cc71f-1b74-4c66-9d98-0f619a5c2152/1312x894.jpg,See the details of this Townhouse for Sale in Creek Town.,11946477
74308961,4BR Penthouse for Sale in New Cairo City,https://www.propertyfinder.eg/to/PAR5NVZ2HCW1W8KCESAKPC6YQR/en,https://static.shared.propertyfinder.eg/media/images/listing/PAR5NVZ2HCW1W8KCESAKPC6YQR/d0cc958b-dcbf-4205-b841-5b8fa8eb4987/1312x894.jpg,See the details of this Penthouse for Sale in Villette.,20000000
74308951,2BR Apartment for Sale in New Cairo City,https://www.propertyfinder.eg/to/5BBKZ5DWB69ZCE9C9KG3G2Q9GG/en,https://static.shared.propertyfinder.eg/media/images/listing/5BBKZ5DWB69ZCE9C9KG3G2Q9GG/98bef9c5-864c-41f2-abba-ed372d3c6785/1312x894.jpg,See the details of this Apartment for Sale in Villette.,11500000
74308851,2BR Apartment for Sale in 6 October City,https://www.propertyfinder.eg/to/W6TZQKFN0TK8WX0WJBYC2XPQJ8/en,https://static.shared.propertyfinder.eg/media/images/listing/W6TZQKFN0TK8WX0WJBYC2XPQJ8/03d2aa17-a955-4fc6-aa99-587107d76dc2/1312x894.jpg,See the details of this Apartment for Sale in Badya Palm Hills.,4600000
74308435,3BR Apartment for Sale in Mokattam,https://www.propertyfinder.eg/to/CZG1XBVJ3V88855CEJ37DQAQBW/en,https://static.shared.propertyfinder.eg/media/images/listing/CZG1XBVJ3V88855CEJ37DQAQBW/6c0eb95f-66b8-4518-a183-fa89e047dbbf/1312x894.jpg,See the details of this Apartment for Sale in The Fourteen Golf Residences.,20500000
74306957,4BR Villa for Sale in Mokattam,https://www.propertyfinder.eg/to/XPP55FN2GQKYQ1570K2MDR3DCW/en,https://static.shared.propertyfinder.eg/media/images/listing/XPP55FN2GQKYQ1570K2MDR3DCW/1e739640-db59-46c7-bdf9-581ed1be7393/1312x894.jpg,See the details of this Villa for Sale in Alba Spendia.,55487000
74306853,2BR Apartment for Sale in New Cairo City,https://www.propertyfinder.eg/to/MV2PTCQJPCYRB9FJKWJ67QT8VM/en,https://static.shared.propertyfinder.eg/media/images/listing/MV2PTCQJPCYRB9FJKWJ67QT8VM/56ce8dc0-8467-448e-98c5-6d36ca9d4d76/1312x894.jpg,See the details of this Apartment for Sale in El Patio Oro.,11000000
74305575,2BR Apartment for Sale in Mokattam,https://www.propertyfinder.eg/to/RBBVX8T9Y58DKPJB4TWVY0BEE0/en,https://static.shared.propertyfinder.eg/media/images/listing/RBBVX8T9Y58DKPJB4TWVY0BEE0/521c685b-6664-4185-ac69-6351cee44b0d/1312x894.jpg,See the details of this Apartment for Sale in Alto.,15750000
74305256,3BR Townhouse for Sale in New Cairo City,https://www.propertyfinder.eg/to/CJPJEY3W2DDMQRQSXFP3XVGQZ8/en,https://static.shared.propertyfinder.eg/media/images/listing/CJPJEY3W2DDMQRQSXFP3XVGQZ8/bcc33ef1-0862-42c2-9021-1b0ed43c4013/1312x894.jpg,See the details of this Townhouse for Sale in Mivida.,27800000
74305233,3BR Apartment for Sale in New Cairo City,https://www.propertyfinder.eg/to/DWF0BT5A2B6Y9E8FNKZX1RM49C/en,https://static.shared.propertyfinder.eg/media/images/listing/DWF0BT5A2B6Y9E8FNKZX1RM49C/04251e19-0471-4e5d-8dd3-32a979ed9f39/1312x894.jpg,See the details of this Apartment for Sale in Villette.,11500000
74305184,2BR Apartment for Sale in New Cairo City,https://www.propertyfinder.eg/to/6S6C1ZJC1MTCJE45DJVAB4TM10/en,https://static.shared.propertyfinder.eg/media/images/listing/6S6C1ZJC1MTCJE45DJVAB4TM10/b1f1c293-29d2-4da5-9ddb-24323790fd58/1312x894.jpg,See the details of this Apartment for Sale in Village Gardens Katameya.,8300000
74304849,2BR Apartment for Sale in Mokattam,https://www.propertyfinder.eg/to/EX8D9X0KA5W19QCC6G1XH11264/en,https://static.shared.propertyfinder.eg/media/images/listing/EX8D9X0KA5W19QCC6G1XH11264/21cb5969-f1d7-4406-a3a9-a8b54609377e/1312x894.jpg,See the details of this Apartment for Sale in The Fourteen Golf Residences.,14319000
74304769,3BR Apartment for Sale in Mokattam,https://www.propertyfinder.eg/to/GMHRQT2VEH5J01XVRW79KPF0AG/en,https://static.shared.propertyfinder.eg/media/images/listing/GMHRQT2VEH5J01XVRW79KPF0AG/702a8aa3-9284-4863-b7ca-07e08e7a4743/1312x894.jpg,See the details of this Apartment for Sale in Alto.,17600000
74304670,5BR Villa for Sale in Mokattam,https://www.propertyfinder.eg/to/BNAYQF95QKR2FY49AATNTECP0W/en,https://static.shared.propertyfinder.eg/media/images/listing/BNAYQF95QKR2FY49AATNTECP0W/68b3c01c-bb42-4801-9828-cb911cdadd18/1312x894.jpg,See the details of this Villa for Sale in Alba Aliyah.,53300000
7413131,Shop for Sale in Sheikh Zayed City,https://www.propertyfinder.eg/to/01JY6BJXCHNX1HVAWDBJ9D1Q0Q/en,https://static.shared.propertyfinder.eg/media/images/listing/01JY6BJXCHNX1HVAWDBJ9D1Q0Q/f1d45533-586c-4381-85a9-67ccfc5939ca/1312x894.jpg,See the details of this Shop for Sale in Arkan Palm 205.,11900000
74049098,4BR Twin House for Sale in Al Ain Al Sokhna,https://www.propertyfinder.eg/to/ZKT6B8WNPPXB8Z0W29J005R4KW/en,https://static.shared.propertyfinder.eg/media/images/listing/ZKT6B8WNPPXB8Z0W29J005R4KW/9eb2a5d5-0c16-4667-98d5-4483c35ede28/1312x894.jpg,See the details of this Twin House for Sale in Azha.,23000000
74049096,4BR Villa for Sale in Al Ain Al Sokhna,https://www.propertyfinder.eg/to/TB4732ZAXT00ESJG3JZR32JG8G/en,https://static.shared.propertyfinder.eg/media/images/listing/TB4732ZAXT00ESJG3JZR32JG8G/faa09a81-6ca0-4e13-b52d-eff2f27a2c89/1312x894.jpg,See the details of this Villa for Sale in IL Monte Galala.,19000000
74048031,2BR Chalet for Sale in Ras Al Hekma,https://www.propertyfinder.eg/to/57AM0BSMPDEDKHFW1NA7WNWXEC/en,https://static.shared.propertyfinder.eg/media/images/listing/57AM0BSMPDEDKHFW1NA7WNWXEC/51446b71-a5ba-4cd2-99d2-17eb0a645197/1312x894.jpg,See the details of this Chalet for Sale in Mar Bay.,14674000
74046886,4BR Townhouse for Sale in New Cairo City,https://www.propertyfinder.eg/to/6AE78PYY6BFWTE9QDJNTBEZCPR/en,https://static.shared.propertyfinder.eg/media/images/listing/6AE78PYY6BFWTE9QDJNTBEZCPR/8e3eab00-eef3-4d5c-9d5f-23edfb9e3be0/1312x894.jpg,See the details of this Townhouse for Sale in Mountain View 1.1.,17000000
74045025,3BR Chalet for Sale in Ras Al Hekma,https://www.propertyfinder.eg/to/1PKYDC058RB6PTZTTBRPEA5YZM/en,https://static.shared.propertyfinder.eg/media/images/listing/1PKYDC058RB6PTZTTBRPEA5YZM/025f3c94-80f7-4abb-8227-ec4c59c62040/1312x894.jpg,See the details of this Chalet for Sale in Hacienda West.,3500000
74044967,2BR Apartment for Sale in New Cairo City,https://www.propertyfinder.eg/to/MQCC62GGHMEZ1YQGFR8HCGDH1M/en,https://static.shared.propertyfinder.eg/media/images/listing/MQCC62GGHMEZ1YQGFR8HCGDH1M/7505ac12-cd51-404d-9f52-48cb64d81a86/1312x894.jpg,See the details of this Apartment for Sale in The Icon Residence.,3132000
74044715,Office for Sale in New Cairo City,https://www.propertyfinder.eg/to/WGP5JACK1F5GR5EED5QEBD0Y70/en,https://static.shared.propertyfinder.eg/media/images/listing/WGP5JACK1F5GR5EED5QEBD0Y70/41b7f9c7-0892-4650-9ac2-6c25bab1dee3/1312x894.jpg,See the details of this Office for Sale in Hyde Park Business District Mall.,12000000
74043047,4BR Villa for Sale in Mostakbal City - Future City,https://www.propertyfinder.eg/to/0ZY91XMT5XZ0A3SA5J27AAW6D0/en,https://static.shared.propertyfinder.eg/media/images/listing/0ZY91XMT5XZ0A3SA5J27AAW6D0/dc3ac92b-30c7-4084-83b1-994983fa24b3/1312x894.jpg,See the details of this Villa for Sale in Sheya Residence.,10430000
74042855,4BR Villa for Sale in New Cairo City,https://www.propertyfinder.eg/to/6SGY72HSHKJ32512VZ4SF5JSRC/en,https://static.shared.propertyfinder.eg/media/images/listing/6SGY72HSHKJ32512VZ4SF5JSRC/fb0124d2-8303-4e13-88ec-247080295f13/1312x894.jpg,See the details of this Villa for Sale in Swan Lake Residence.,68000000
74042252,2BR Apartment for Sale in Mostakbal City - Future City,https://www.propertyfinder.eg/to/Z54E8J8D2Y7TJJGPRV4Z0KGH20/en,https://static.shared.propertyfinder.eg/media/images/listing/Z54E8J8D2Y7TJJGPRV4Z0KGH20/180f0308-8b0e-4b14-a708-48328c07c3d0/1312x894.jpg,See the details of this Apartment for Sale in HAP Town.,9700000
74041892,2BR Apartment for Sale in Ring Road,https://www.propertyfinder.eg/to/9CBWFVG5AQ38THDKY5DBF0H54R/en,https://static.shared.propertyfinder.eg/media/images/listing/9CBWFVG5AQ38THDKY5DBF0H54R/bbc816f0-2b0b-499d-8217-7a93fb83fa8a/1312x894.jpg,See the details of this Apartment for Sale in Tag Sultan.,6950000
74041204,Retail Space for Sale in New Cairo City,https://www.propertyfinder.eg/to/VKQCHPAWKY5E0NSEY35V5K1130/en,https://static.shared.propertyfinder.eg/media/images/listing/VKQCHPAWKY5E0NSEY35V5K1130/79bdcfe6-368e-4355-8b50-449bfac3a199/1312x894.jpg,See the details of this Retail Space for Sale in Three Sixty.,107000000
74040592,5BR Villa for Sale in New Cairo City,https://www.propertyfinder.eg/to/BFT9XWSWS7GZNV2CN5ZG5GG99R/en,https://static.shared.propertyfinder.eg/media/images/listing/BFT9XWSWS7GZNV2CN5ZG5GG99R/855f628d-2cc7-4275-94da-ad03f7f8fe51/1312x894.jpg,See the details of this Villa for Sale in Swan Lake Residence.,90000000
74040519,6BR Twin House for Sale in New Cairo City,https://www.propertyfinder.eg/to/CPJN2DVX42E9S8BZ4JHMD4QDNW/en,https://static.shared.propertyfinder.eg/media/images/listing/CPJN2DVX42E9S8BZ4JHMD4QDNW/19268cb4-4f93-4893-a17d-8760f72ae4d1/1312x894.jpg,See the details of this Twin House for Sale in Swan Lake Residence.,41000000
74040469,3BR Apartment for Sale in New Cairo City,https://www.propertyfinder.eg/to/57PQVSB7JQ07RHM63T05R6GJN8/en,https://static.shared.propertyfinder.eg/media/images/listing/57PQVSB7JQ07RHM63T05R6GJN8/339481bc-ebd9-4679-98be-9d76209632e9/1312x894.jpg,See the details of this Apartment for Sale in Cairo Festival City.,21000000
74040332,2BR Apartment for Sale in New Cairo City,https://www.propertyfinder.eg/to/YCME55PA6V4T1R1E0WF0T4WY8G/en,https://static.shared.propertyfinder.eg/media/images/listing/YCME55PA6V4T1R1E0WF0T4WY8G/dd3203d4-91e4-4052-b845-e7afe8856a7c/1312x894.jpg,See the details of this Apartment for Sale in Lake View Residence 2.,4224150
74037251,4BR Villa for Sale in New Cairo City,https://www.propertyfinder.eg/to/6P0RKTPXVQWVSFDDYM4CN51T3G/en,https://static.shared.propertyfinder.eg/media/images/listing/6P0RKTPXVQWVSFDDYM4CN51T3G/4c63d90c-b46b-4dd6-a554-0b11fefb3d09/1312x894.jpg,See the details of this Villa for Sale in Taj City.,26300000
74037097,3BR Villa for Sale in New Cairo City,https://www.propertyfinder.eg/to/DM64VVNXBR3Z6MYAN8AE1H9Y9W/en,https://static.shared.propertyfinder.eg/media/images/listing/DM64VVNXBR3Z6MYAN8AE1H9Y9W/24707c63-a1c2-4ebe-8ae5-c7fa007b0a1b/1312x894.jpg,See the details of this Villa for Sale in Taj City.,21100000
74036197,3BR Villa for Sale in Madinaty,https://www.propertyfinder.eg/to/NPMG972Z3VQ11RDM8MGQX07208/en,https://static.shared.propertyfinder.eg/media/images/listing/NPMG972Z3VQ11RDM8MGQX07208/730e6dfc-5c2d-428b-bc66-4823d32843e4/1312x894.jpg,See the details of this Villa for Sale in Privado.,13500000
74035937,3BR Villa for Sale in Madinaty,https://www.propertyfinder.eg/to/664ZVR09XB7D0YQGE7YCW560D8/en,https://static.shared.propertyfinder.eg/media/images/listing/664ZVR09XB7D0YQGE7YCW560D8/424a0ca3-86a9-4e24-a677-3d08dc7e24d8/1312x894.jpg,See the details of this Villa for Sale in Privado.,11500000
74030060,2BR Apartment for Sale in Shorouk City,https://www.propertyfinder.eg/to/CMQ7BX1MAHPM9FFS557FDP8200/en,https://static.shared.propertyfinder.eg/media/images/listing/CMQ7BX1MAHPM9FFS557FDP8200/a2a6509b-f7e2-4139-b833-823bc152f73e/1312x894.jpg,See the details of this Apartment for Sale in Al Burouj Compound.,6000000
74029440,4BR Villa for Sale in New Cairo City,https://www.propertyfinder.eg/to/WVT07G6EFXFZPG23HX3Y9NADX4/en,https://static.shared.propertyfinder.eg/media/images/listing/WVT07G6EFXFZPG23HX3Y9NADX4/de3a72d5-c170-4eb0-bc00-72044429b175/1312x894.jpg,See the details of this Villa for Sale in City Gate.,53757000
74029024,4BR Villa for Sale in New Cairo City,https://www.propertyfinder.eg/to/WTKBYJHQPX868ZEQQGQ8REFVVG/en,https://static.shared.propertyfinder.eg/media/images/listing/WTKBYJHQPX868ZEQQGQ8REFVVG/8346b60a-7d33-4b10-a27d-fe03a56a8844/1312x894.jpg,See the details of this Villa for Sale in City Gate.,38000000
74028369,3BR Duplex for Sale in New Cairo City,https://www.propertyfinder.eg/to/38DR62BFZBXKH167KYD9Q9MS7R/en,https://static.shared.propertyfinder.eg/media/images/listing/38DR62BFZBXKH167KYD9Q9MS7R/81518d43-6f73-4b0c-b4af-29b865fafba7/1312x894.jpg,See the details of this Duplex for Sale in Eastown.,28000000
74028071,3BR Apartment for Sale in New Cairo City,https://www.propertyfinder.eg/to/7RPFX9ZSVCFHG66B1X67Z14RYM/en,https://static.shared.propertyfinder.eg/media/images/listing/7RPFX9ZSVCFHG66B1X67Z14RYM/56e77a11-ceff-4e88-87d9-1f4fba097e75/1312x894.jpg,See the details of this Apartment for Sale in City Gate.,16730000
74027014,2BR Apartment for Sale in New Cairo City,https://www.propertyfinder.eg/to/14FT7ASVP7HSEBG9RNMGNZ5QVM/en,https://static.shared.propertyfinder.eg/media/images/listing/14FT7ASVP7HSEBG9RNMGNZ5QVM/9a7b856f-c0ff-49b9-9197-661d8a4d76fa/1312x894.jpg,See the details of this Apartment for Sale in Lake View Residence.,13000000
73772954,3BR Apartment for Sale in Sheikh Zayed City,https://www.propertyfinder.eg/to/SMBRPPVFHA932B4BRCC9B6AZY4/en,https://static.shared.propertyfinder.eg/media/images/listing/SMBRPPVFHA932B4BRCC9B6AZY4/8b01c012-2041-4b92-947c-a1f5d4bfb108/1312x894.jpg,See the details of this Apartment for Sale in The Address.,7700000
73770234,3BR Apartment for Sale in New Cairo City,https://www.propertyfinder.eg/to/JV9CWTG2MKMWYGJK3NFJ00P6AM/en,https://static.shared.propertyfinder.eg/media/images/listing/JV9CWTG2MKMWYGJK3NFJ00P6AM/94180544-6eb7-492f-8eab-55307cc10a74/1312x894.jpg,See the details of this Apartment for Sale in Hyde Park.,8700000
73770172,2BR Apartment for Sale in New Cairo City,https://www.propertyfinder.eg/to/514FD4WB1RK3RJQXE3NM3FJERR/en,https://static.shared.propertyfinder.eg/media/images/listing/514FD4WB1RK3RJQXE3NM3FJERR/45646605-6dfa-408f-909d-41e6fde5ae34/1312x894.jpg,See the details of this Apartment for Sale in Eastown.,11300000
73769939,3BR Chalet for Sale in Ras Al Hekma,https://www.propertyfinder.eg/to/3TX0P6KSN02JK91P10KN0MZRHG/en,https://static.shared.propertyfinder.eg/media/images/listing/3TX0P6KSN02JK91P10KN0MZRHG/c343177e-003e-4624-9c3c-3bcba9fe1104/1312x894.jpg,See the details of this Chalet for Sale in June.,12600000
73766539,4BR Villa for Sale in Ras Al Hekma,https://www.propertyfinder.eg/to/S7RV00HT5SWKDVKSQXRGWJPZBG/en,https://static.shared.propertyfinder.eg/media/images/listing/S7RV00HT5SWKDVKSQXRGWJPZBG/14fb1b26-5285-409a-8928-a2e029127293/1312x894.jpg,See the details of this Villa for Sale in Ogami.,36000000
73766446,2BR Chalet for Sale in Ras Al Hekma,https://www.propertyfinder.eg/to/FMGR8YM23WSDZX1A42N59RNWDG/en,https://static.shared.propertyfinder.eg/media/images/listing/FMGR8YM23WSDZX1A42N59RNWDG/b415bb8d-087c-406f-b5a5-9bc9d1057f9e/1312x894.jpg,See the details of this Chalet for Sale in Koun.,6800000
73766286,3BR Apartment for Sale in New Cairo City,https://www.propertyfinder.eg/to/FPH3X4R62GYNC9SR8QQP6DN55M/en,https://static.shared.propertyfinder.eg/media/images/listing/FPH3X4R62GYNC9SR8QQP6DN55M/1364f61c-aced-416c-b496-7acd3274ad4e/1312x894.jpg,See the details of this Apartment for Sale in Waterway East.,13300000
73765891,3BR Apartment for Sale in New Cairo City,https://www.propertyfinder.eg/to/GYJ73SB1NDNN7B2YJ9HVD38Y9G/en,https://static.shared.propertyfinder.eg/media/images/listing/GYJ73SB1NDNN7B2YJ9HVD38Y9G/08f92f6b-c64b-463d-9dfb-d8bf0295148b/1312x894.jpg,See the details of this Apartment for Sale in The Crest.,8100000
73765683,4BR Townhouse for Sale in Qesm Marsa Matrouh,https://www.propertyfinder.eg/to/DPBWD2W13QEF9Y4K1QB1AQAB6R/en,https://static.shared.propertyfinder.eg/media/images/listing/DPBWD2W13QEF9Y4K1QB1AQAB6R/480534cd-b3ff-4e34-9e71-2eea54bd99a5/1312x894.jpg,See the details of this Townhouse for Sale in Caesar.,4500000
73765674,4BR Twin House for Sale in Ras Al Hekma,https://www.propertyfinder.eg/to/HEX7M8Y4K6XE2FAEH35KNC1FTW/en,https://static.shared.propertyfinder.eg/media/images/listing/HEX7M8Y4K6XE2FAEH35KNC1FTW/068f9aca-06c1-4189-8ef7-93f60ead7d01/1312x894.jpg,See the details of this Twin House for Sale in June.,20500000
73764219,3BR Apartment for Sale in Shorouk City,https://www.propertyfinder.eg/to/S9XT68ZET2ZYVSTZ2EQGK6T1QG/en,https://static.shared.propertyfinder.eg/media/images/listing/S9XT68ZET2ZYVSTZ2EQGK6T1QG/0d09ade6-6950-489d-8982-15965fd269aa/1312x894.jpg,See the details of this Apartment for Sale in Al Burouj Compound.,6500000
73763766,3BR Chalet for Sale in Ras Al Hekma,https://www.propertyfinder.eg/to/N344BRXQ5GQ5T796B3PMJSSV50/en,https://static.shared.propertyfinder.eg/media/images/listing/N344BRXQ5GQ5T796B3PMJSSV50/71fd4512-f500-45ac-aa6e-005644e647a3/1312x894.jpg,See the details of this Chalet for Sale in June.,9900000
73763480,Studio Apartment for Sale in 6 October City,https://www.propertyfinder.eg/to/90F9RNXCT1Z81NTFZVJT81TCZG/en,https://static.shared.propertyfinder.eg/media/images/listing/90F9RNXCT1Z81NTFZVJT81TCZG/a62a2dac-3a16-41f6-a9a9-cc163e4d509b/1312x894.jpg,See the details of this Apartment for Sale in One33.,4395000
73763399,4BR Villa for Sale in Sheikh Zayed City,https://www.propertyfinder.eg/to/67VTN2TNJ8JAAEWKWJ16ST2M7W/en,https://static.shared.propertyfinder.eg/media/images/listing/67VTN2TNJ8JAAEWKWJ16ST2M7W/f0b61903-519d-40f4-b1dc-c8549baf08ec/1312x894.jpg,See the details of this Villa for Sale in Karmell.,21526000
73761447,3BR Townhouse for Sale in Ras Al Hekma,https://www.propertyfinder.eg/to/HK03QMMMBA4DG3NV6CW8Y6K3DG/en,https://static.shared.propertyfinder.eg/media/images/listing/HK03QMMMBA4DG3NV6CW8Y6K3DG/5f77bbae-7cec-48ae-a0d2-08ad303d730c/1312x894.jpg,See the details of this Townhouse for Sale in June.,22000000
73761434,3BR Chalet for Sale in Ras Al Hekma,https://www.propertyfinder.eg/to/8RM4F5RJ1STQW3E3Y6SW47JBJ8/en,https://static.shared.propertyfinder.eg/media/images/listing/8RM4F5RJ1STQW3E3Y6SW47JBJ8/4d23fac3-ac01-4790-9341-e87c54cd0d7b/1312x894.jpg,See the details of this Chalet for Sale in June.,14200000
73761183,4BR Twin House for Sale in Sheikh Zayed City,https://www.propertyfinder.eg/to/S84YKEV9T6STMH5ZDYF0NJMS34/en,https://static.shared.propertyfinder.eg/media/images/listing/S84YKEV9T6STMH5ZDYF0NJMS34/48797cfd-5583-4fbb-af59-95188b555245/1312x894.jpg,See the details of this Twin House for Sale in Patio Al Zahraa.,27000000
73760785,3BR Apartment for Sale in New Cairo City,https://www.propertyfinder.eg/to/0HV956204KX92K40SW2BMZ6VQG/en,https://static.shared.propertyfinder.eg/media/images/listing/0HV956204KX92K40SW2BMZ6VQG/5dfa81a0-3613-4676-b7f4-91fa8803fd91/1312x894.jpg,See the details of this Apartment for Sale in Nest Cairo.,12790000
73760093,3BR Apartment for Sale in New Cairo City,https://www.propertyfinder.eg/to/Y825HV74KJ688TW4NW972BPJY8/en,https://static.shared.propertyfinder.eg/media/images/listing/Y825HV74KJ688TW4NW972BPJY8/0c8c05e8-95a9-4e41-80d6-261d3bbbb696/1312x894.jpg,See the details of this Apartment for Sale in The Address East.,6200000
73759954,2BR Chalet for Sale in Al Alamein,https://www.propertyfinder.eg/to/4GDGYP947WHA5GY4PJM5B55ZDC/en,https://static.shared.propertyfinder.eg/media/images/listing/4GDGYP947WHA5GY4PJM5B55ZDC/2c5f339a-22ca-44a9-ad2d-82460493772a/1312x894.jpg,See the details of this Chalet for Sale in Mazarine.,7400000
73759910,3BR Twin House for Sale in Al Ain Al Sokhna,https://www.propertyfinder.eg/to/FB3G5J5GGP5CSZQCXAXPXKZM0R/en,https://static.shared.propertyfinder.eg/media/images/listing/FB3G5J5GGP5CSZQCXAXPXKZM0R/97c618ff-9840-4bff-a599-3ce67b61dab4/1312x894.jpg,See the details of this Twin House for Sale in Azha.,19800000
73759611,4BR Villa for Sale in Al Ain Al Sokhna,https://www.propertyfinder.eg/to/TDY0WAAY1SWSK8RRMZN1CNYYM0/en,https://static.shared.propertyfinder.eg/media/images/listing/TDY0WAAY1SWSK8RRMZN1CNYYM0/e350f3e9-f05e-41c5-bd7f-29f3ed7c3e2c/1312x894.jpg,See the details of this Villa for Sale in Azha.,33000000
73759447,3BR Chalet for Sale in Al Ain Al Sokhna,https://www.propertyfinder.eg/to/H2VKYY4EN9DP9KJPKRHSE4334M/en,https://static.shared.propertyfinder.eg/media/images/listing/H2VKYY4EN9DP9KJPKRHSE4334M/bfff9d3b-7159-41c5-9462-3a0ab01acfd1/1312x894.jpg,See the details of this Chalet for Sale in Azha.,12800000
73759433,2BR Apartment for Sale in New Cairo City,https://www.propertyfinder.eg/to/JPTKP8HX1Q7A5HVWX03GX93KBR/en,https://static.shared.propertyfinder.eg/media/images/listing/JPTKP8HX1Q7A5HVWX03GX93KBR/40028abe-b747-4525-8b93-bf79a44828bc/1312x894.jpg,See the details of this Apartment for Sale in El Patio Riva.,6000000
73759364,3BR Chalet for Sale in Al Ain Al Sokhna,https://www.propertyfinder.eg/to/JYWTK5W10FSKX5TCPMNHDN57CM/en,https://static.shared.propertyfinder.eg/media/images/listing/JYWTK5W10FSKX5TCPMNHDN57CM/9df2ad9e-fd63-479a-8346-621b3f725aba/1312x894.jpg,See the details of this Chalet for Sale in Azha.,9800000
73759266,2BR Chalet for Sale in Al Ain Al Sokhna,https://www.propertyfinder.eg/to/H6XVX07YD2AFAG6DS65F2ZAS9M/en,https://static.shared.propertyfinder.eg/media/images/listing/H6XVX07YD2AFAG6DS65F2ZAS9M/ef667359-e47b-44c0-a13b-20c926985610/1312x894.jpg,See the details of this Chalet for Sale in Azha.,7800000
73758973,4BR Villa for Sale in Mokattam,https://www.propertyfinder.eg/to/A7JJRPN7YT8C3S5FMKYABCDAJC/en,https://static.shared.propertyfinder.eg/media/images/listing/A7JJRPN7YT8C3S5FMKYABCDAJC/4773defe-41e8-417b-8dd6-d1643bd41c9b/1312x894.jpg,See the details of this Villa for Sale in Levana.,36000000
73758737,7BR Villa for Sale in Mokattam,https://www.propertyfinder.eg/to/0KM0RSRNTDPBF9PDHW5P8MN2EC/en,https://static.shared.propertyfinder.eg/media/images/listing/0KM0RSRNTDPBF9PDHW5P8MN2EC/a39a3b58-179c-4d0d-ba8a-5a6eee173183/1312x894.jpg,See the details of this Villa for Sale in Celesta Hills.,168824000
73758490,5BR Villa for Sale in Mokattam,https://www.propertyfinder.eg/to/2YTAX8C1X25NW83A7C2ZR5YETC/en,https://static.shared.propertyfinder.eg/media/images/listing/2YTAX8C1X25NW83A7C2ZR5YETC/b63a3cff-4135-430b-9f96-4965ddfc16d3/1312x894.jpg,See the details of this Villa for Sale in Terencia.,72000000
73758236,Retail Space for Sale in New Cairo City,https://www.propertyfinder.eg/to/NV151JGH0GQ5AJ1HCFG7YVMEJC/en,https://static.shared.propertyfinder.eg/media/images/listing/NV151JGH0GQ5AJ1HCFG7YVMEJC/03921f47-b97d-4b88-97cf-a8aebade09ef/1312x894.jpg,See the details of this Retail Space for Sale in North Plus Mall.,37000000
73758225,Office for Sale in New Cairo City,https://www.propertyfinder.eg/to/HN0KR6NTHPB4NZAGAS7F5T3VJM/en,https://static.shared.propertyfinder.eg/media/images/listing/HN0KR6NTHPB4NZAGAS7F5T3VJM/42286ae0-0943-4700-96a3-281a30f4fd67/1312x894.jpg,See the details of this Office for Sale in American University Housing District.,10000000
73508283,4BR Villa for Sale in Sheikh Zayed City,https://www.propertyfinder.eg/to/GN4K9WWNXN9BKJ6JQ9CDJJEEQR/en,https://static.shared.propertyfinder.eg/media/images/listing/GN4K9WWNXN9BKJ6JQ9CDJJEEQR/eaae417d-d182-416d-a056-f1c62bb78aa2/1312x894.jpg,See the details of this Villa for Sale in Eden.,50000000
73506873,3BR Apartment for Sale in New Cairo City,https://www.propertyfinder.eg/to/054TB42VRD7TY369NADG0GG2KC/en,https://static.shared.propertyfinder.eg/media/images/listing/054TB42VRD7TY369NADG0GG2KC/698b38cf-c96e-47c7-ae7f-585fc4744e51/1312x894.jpg,See the details of this Apartment for Sale in Swan Lake Residence.,15500000
73506872,3BR Apartment for Sale in New Cairo City,https://www.propertyfinder.eg/to/F348KNP8H33KPQ8WSVSRS9Y67M/en,https://static.shared.propertyfinder.eg/media/images/listing/F348KNP8H33KPQ8WSVSRS9Y67M/48d648ea-6ea2-479b-94bb-d666a1457f35/1312x894.jpg,See the details of this Apartment for Sale in Swan Lake Residence.,12300000
73505403,4BR Townhouse for Sale in 6 October City,https://www.propertyfinder.eg/to/R91SEFXGCJ3YPHE5MBTPCZ6GZC/en,https://static.shared.propertyfinder.eg/media/images/listing/R91SEFXGCJ3YPHE5MBTPCZ6GZC/8ea11115-a8fb-45e0-8a67-4bbf83f56b9b/1312x894.jpg,See the details of this Townhouse for Sale in Mountain View Chill Out Park.,12500000
73505145,4BR Apartment for Sale in 6 October City,https://www.propertyfinder.eg/to/ZBY2MZZ0300AYRC36AS2WE88AG/en,https://static.shared.propertyfinder.eg/media/images/listing/ZBY2MZZ0300AYRC36AS2WE88AG/b892527a-e94d-478d-a6ae-7c1cd6f37643/1312x894.jpg,See the details of this Apartment for Sale in O West.,16808000
73505009,Office for Sale in New Cairo City,https://www.propertyfinder.eg/to/GFE3WC7EQDG5T5KMQEAT7170MG/en,https://static.shared.propertyfinder.eg/media/images/listing/GFE3WC7EQDG5T5KMQEAT7170MG/417d13c5-151c-46bf-939f-8efebb24ecd1/1312x894.jpg,See the details of this Office for Sale in Eastown.,32000000
73502724,4BR Townhouse for Sale in Sheikh Zayed City,https://www.propertyfinder.eg/to/8KSYNJ2XYS1JWVQ8CBY37ET20W/en,https://static.shared.propertyfinder.eg/media/images/listing/8KSYNJ2XYS1JWVQ8CBY37ET20W/44242e72-e560-4218-8499-3c3c8b1951c2/1312x894.jpg,See the details of this Townhouse for Sale in New Zayed City.,8000000
73502661,4BR Townhouse for Sale in New Cairo City,https://www.propertyfinder.eg/to/F8YHR4AK014ACSSWBS1Z4ABFTW/en,https://static.shared.propertyfinder.eg/media/images/listing/F8YHR4AK014ACSSWBS1Z4ABFTW/61a4249d-492a-49c3-9403-d3ecfacdde26/1312x894.jpg,See the details of this Townhouse for Sale in Swan Lake Residence.,27000000
73502312,3BR Apartment for Sale in New Cairo City,https://www.propertyfinder.eg/to/H3STG7TYSXA7N9HTF5QHGKA09G/en,https://static.shared.propertyfinder.eg/media/images/listing/H3STG7TYSXA7N9HTF5QHGKA09G/72c67db2-360c-4ae0-99d5-3bc9b5d20748/1312x894.jpg,See the details of this Apartment for Sale in The Address East.,7175000
73501857,3BR Apartment for Sale in New Cairo City,https://www.propertyfinder.eg/to/ZEJKK5EJZNS3S015HPBWDSR208/en,https://static.shared.propertyfinder.eg/media/images/listing/ZEJKK5EJZNS3S015HPBWDSR208/6936d717-9d2d-4a6e-9c24-3d8633e17d02/1312x894.jpg,See the details of this Apartment for Sale in The Address East.,6500000
73501044,3BR Apartment for Sale in New Cairo City,https://www.propertyfinder.eg/to/W4FG0EKTD988GC6FYCNAF53N3C/en,https://static.shared.propertyfinder.eg/media/images/listing/W4FG0EKTD988GC6FYCNAF53N3C/07371b11-4968-4952-84ca-9b26139c05f0/1312x894.jpg,See the details of this Apartment for Sale in The Address East.,8500000
73500306,4BR Chalet for Sale in Qesm Ad Dabaah,https://www.propertyfinder.eg/to/DD8BX7RWGXCB4ETVJBKCYKDDQ8/en,https://static.shared.propertyfinder.eg/media/images/listing/DD8BX7RWGXCB4ETVJBKCYKDDQ8/3c2d773b-4b61-4a74-9705-a428479945d1/1312x894.jpg,See the details of this Chalet for Sale in Swan Lake North Coast.,22500000
73496725,3BR Apartment for Sale in New Cairo City,https://www.propertyfinder.eg/to/MTXQSR0S6A3PX85EP3KZX59XA8/en,https://static.shared.propertyfinder.eg/media/images/listing/MTXQSR0S6A3PX85EP3KZX59XA8/87018d89-8442-4ad0-9b4d-655dcb9578a3/1312x894.jpg,See the details of this Apartment for Sale in The Address East.,8500000
73496339,3BR Apartment for Sale in Hay Sharq,https://www.propertyfinder.eg/to/TWY0H5ZKWPPZTW2G2Q11WXF7PM/en,https://static.shared.propertyfinder.eg/media/images/listing/TWY0H5ZKWPPZTW2G2Q11WXF7PM/108e84eb-9820-4eaa-af28-6f9bb0037200/1312x894.jpg,See the details of this Apartment for Sale in Vee Muruj.,7500000
73496233,3BR Apartment for Sale in New Cairo City,https://www.propertyfinder.eg/to/CQR64P41P2WK6A914KWBARM2XM/en,https://static.shared.propertyfinder.eg/media/images/listing/CQR64P41P2WK6A914KWBARM2XM/70013b8c-a958-44e0-9ede-7b144bab54f4/1312x894.jpg,See the details of this Apartment for Sale in Lake View Residence.,15800000
73493169,3BR Apartment for Sale in New Heliopolis,https://www.propertyfinder.eg/to/NC925ZWG2CRXEYVG6R1P8EV8RR/en,https://static.shared.propertyfinder.eg/media/images/listing/NC925ZWG2CRXEYVG6R1P8EV8RR/31d4b20c-e8de-4656-9d7b-7c998e34566a/1312x894.jpg,See the details of this Apartment for Sale in Sodic East.,6900000
73493162,3BR Twin House for Sale in New Heliopolis,https://www.propertyfinder.eg/to/9Y5TFQKCPTM5TE07F7WT8G2WMW/en,https://static.shared.propertyfinder.eg/media/images/listing/9Y5TFQKCPTM5TE07F7WT8G2WMW/a7ec7a85-0008-4741-b7e5-41bd563aa228/1312x894.jpg,See the details of this Twin House for Sale in Sodic East.,11688000
73492911,3BR Apartment for Sale in New Cairo City,https://www.propertyfinder.eg/to/HABZ8HYZ06PZSQXZQKZDQ0EQCC/en,https://static.shared.propertyfinder.eg/media/images/listing/HABZ8HYZ06PZSQXZQKZDQ0EQCC/c2654257-af0b-4f72-9035-67321b7a8ab7/1312x894.jpg,See the details of this Apartment for Sale in Mountain View iCity.,7875000
73232046,4BR Penthouse for Sale in 6 October City,https://www.propertyfinder.eg/to/96062GTVKGHTB8CD17AWR2RWAR/en,https://static.shared.propertyfinder.eg/media/images/listing/96062GTVKGHTB8CD17AWR2RWAR/887fc064-d85d-464f-977d-bfa8c902551e/1312x894.jpg,See the details of this Penthouse for Sale in Joya.,6000000
72721569,2BR Apartment for Sale in New Capital City,https://www.propertyfinder.eg/to/H79A884CP4QPS7XKS6T3YHH09C/en,https://static.shared.propertyfinder.eg/media/images/listing/H79A884CP4QPS7XKS6T3YHH09C/37df5592-f042-46fa-b4ac-3f3059751b33/1312x894.jpg,See the details of this Apartment for Sale in Celia.,4249000
72717788,3BR Apartment for Sale in New Cairo City,https://www.propertyfinder.eg/to/16S74KP849TBXPR5VMTHHCZZRW/en,https://static.shared.propertyfinder.eg/media/images/listing/16S74KP849TBXPR5VMTHHCZZRW/120cdc80-0efc-4c23-983b-028a772beac2/1312x894.jpg,See the details of this Apartment for Sale in Mivida.,19000000
72717778,Studio Apartment for Sale in New Cairo City,https://www.propertyfinder.eg/to/DNCZDVDSF3H0SF963TS0TA6HXW/en,https://static.shared.propertyfinder.eg/media/images/listing/DNCZDVDSF3H0SF963TS0TA6HXW/155558fd-d9aa-4014-a31b-6f077d7e48a5/1312x894.jpg,See the details of this Apartment for Sale in Mivida.,11407000
72717772,4BR Villa for Sale in New Cairo City,https://www.propertyfinder.eg/to/XGX5MDNH48KWAK3FFSW0K6QFFR/en,https://static.shared.propertyfinder.eg/media/images/listing/XGX5MDNH48KWAK3FFSW0K6QFFR/81cff5c1-3a4a-49c9-beda-209732971aa2/1312x894.jpg,See the details of this Villa for Sale in Mivida.,52500000
72717766,2BR Apartment for Sale in New Cairo City,https://www.propertyfinder.eg/to/4XP5304B2PAS1B3B20E6H8MW90/en,https://static.shared.propertyfinder.eg/media/images/listing/4XP5304B2PAS1B3B20E6H8MW90/be8d7466-be99-4846-aff6-69beeee84041/1312x894.jpg,See the details of this Apartment for Sale in Mivida.,16500000
72716908,3BR Apartment for Sale in Mostakbal City - Future City,https://www.propertyfinder.eg/to/WZDHZTA1HT55GV0ZN26WX6CWYW/en,https://static.shared.propertyfinder.eg/media/images/listing/WZDHZTA1HT55GV0ZN26WX6CWYW/8df071d5-42bb-47b0-beb3-a011be5fc9d2/1312x894.jpg,See the details of this Apartment for Sale in Sarai.,7000000
72715363,2BR Chalet for Sale in Al Alamein,https://www.propertyfinder.eg/to/W5XCAB2AEK1P156NK62Z3672BW/en,https://static.shared.propertyfinder.eg/media/images/listing/W5XCAB2AEK1P156NK62Z3672BW/63876ef3-bf3a-422f-a07f-d306fd41888f/1312x894.jpg,See the details of this Chalet for Sale in Marina 3.,3800000
72715041,4BR Apartment for Sale in 6 October City,https://www.propertyfinder.eg/to/9MQGC3GT1GDMZS11FAW3PFGZTM/en,https://static.shared.propertyfinder.eg/media/images/listing/9MQGC3GT1GDMZS11FAW3PFGZTM/7d2fbad4-c93b-478e-9f0d-69aec390c85d/1312x894.jpg,See the details of this Apartment for Sale in Nyoum Pyramids.,10387000
72713681,3BR Apartment for Sale in New Cairo City,https://www.propertyfinder.eg/to/FCTPSJ1VDMTKK498ZBGQ6P5X18/en,https://static.shared.propertyfinder.eg/media/images/listing/FCTPSJ1VDMTKK498ZBGQ6P5X18/1383c1a4-c5e2-4f75-9209-40bad7f9551b/1312x894.jpg,See the details of this Apartment for Sale in JAYD Residence.,1500000
72711739,2BR Chalet for Sale in Al Ain Al Sokhna,https://www.propertyfinder.eg/to/M35BBD16NFKNC23CYBAVWM7NCM/en,https://static.shared.propertyfinder.eg/media/images/listing/M35BBD16NFKNC23CYBAVWM7NCM/7be85a55-8175-49f4-88b7-7dd74a62c46d/1312x894.jpg,See the details of this Chalet for Sale in La Vista 7.,960000
72711313,5BR Apartment for Sale in New Cairo City,https://www.propertyfinder.eg/to/4NVCPXKTFSMS8FGQR73ZRMM7F8/en,https://static.shared.propertyfinder.eg/media/images/listing/4NVCPXKTFSMS8FGQR73ZRMM7F8/d2b65e5e-780a-4448-b721-f710cbf46ee0/1312x894.jpg,See the details of this Apartment for Sale in Villette.,56000000
72708549,3BR Apartment for Sale in Mostakbal City - Future City,https://www.propertyfinder.eg/to/AV6JGVM3RTKSPK3CRGV4RE8XW8/en,https://static.shared.propertyfinder.eg/media/images/listing/AV6JGVM3RTKSPK3CRGV4RE8XW8/35f617ba-8756-4247-865b-dbd3979c08de/1312x894.jpg,See the details of this Apartment for Sale in Elm Tree Park.,5627000
72707168,5BR Villa for Sale in Ras Al Hekma,https://www.propertyfinder.eg/to/M867AW92CRYM67JMN3J5Y6448C/en,https://static.shared.propertyfinder.eg/media/images/listing/M867AW92CRYM67JMN3J5Y6448C/1e3732e5-84b8-40aa-93b4-450a3842a550/1312x894.jpg,See the details of this Villa for Sale in Azha North.,37500000
72706763,Studio Apartment for Sale in Mostakbal City - Future City,https://www.propertyfinder.eg/to/ZRWZGX2FA94PFN4H810NQWZ6HG/en,https://static.shared.propertyfinder.eg/media/images/listing/ZRWZGX2FA94PFN4H810NQWZ6HG/ccf764dd-aea9-4991-9d25-a0846e8e6d99/1312x894.jpg,See the details of this Apartment for Sale in Elm Tree Park.,2150000
72703514,4BR Twin House for Sale in 6 October City,https://www.propertyfinder.eg/to/7Y6DQFZ9GQ9NGMJKDE71SNH15G/en,https://static.shared.propertyfinder.eg/media/images/listing/7Y6DQFZ9GQ9NGMJKDE71SNH15G/f64c1443-38f6-45b9-9873-83302277ff54/1312x894.jpg,See the details of this Twin House for Sale in Tawny Hyde Park.,600000
72457731,Office for Sale in New Cairo City,https://www.propertyfinder.eg/to/R6B7ZKRJDABSTVWY12VVPR40K8/en,https://static.shared.propertyfinder.eg/media/images/listing/R6B7ZKRJDABSTVWY12VVPR40K8/5f387296-bd66-4d4e-89aa-1b8d52c51ca1/1312x894.jpg,See the details of this Office for Sale in One Ninety Mall.,45400000
72457653,Office for Sale in New Cairo City,https://www.propertyfinder.eg/to/S6HDCGRG6VBQ0EH8E0AEWJZPQM/en,https://static.shared.propertyfinder.eg/media/images/listing/S6HDCGRG6VBQ0EH8E0AEWJZPQM/b06a16b9-1a8b-4574-b914-08797805e07d/1312x894.jpg,See the details of this Office for Sale in One Ninety Mall.,64536000
72457617,2BR Hotel Apartment for Sale in Zamalek,https://www.propertyfinder.eg/to/9V9K77ZQKSX0RNZ99FBW51H9VW/en,https://static.shared.propertyfinder.eg/media/images/listing/9V9K77ZQKSX0RNZ99FBW51H9VW/2b25878d-4b9b-42c1-bf72-32162347c6b2/1312x894.jpg,See the details of this Hotel Apartment for Sale in Abou Al Feda St..,16000000
72454420,3BR Apartment for Sale in Alexandria Compounds,https://www.propertyfinder.eg/to/GD7H4D8TA2DPFGWVSS3NQ9RMT4/en,https://static.shared.propertyfinder.eg/media/images/listing/GD7H4D8TA2DPFGWVSS3NQ9RMT4/b420fba6-37b6-465b-ae2d-951703a3bb6f/1312x894.jpg,See the details of this Apartment for Sale in Palm Hills.,14790000
72451513,4BR Townhouse for Sale in Sheikh Zayed City,https://www.propertyfinder.eg/to/3RM3NY82ANDAS8JJ8KDY0TNF10/en,https://static.shared.propertyfinder.eg/media/images/listing/3RM3NY82ANDAS8JJ8KDY0TNF10/26cf9777-4174-4b53-889e-6df547ee4f33/1312x894.jpg,See the details of this Townhouse for Sale in Village West.,14400000
72451064,3BR Apartment for Sale in New Cairo City,https://www.propertyfinder.eg/to/E24GW8PT1JJPDNWBZ2RDYHR0AR/en,https://static.shared.propertyfinder.eg/media/images/listing/E24GW8PT1JJPDNWBZ2RDYHR0AR/8533d6ba-606d-4ab5-8eb5-ac1f27da03ef/1312x894.jpg,See the details of this Apartment for Sale in City Gate.,14000000
72450836,2BR Chalet for Sale in Sidi Abdel Rahman,https://www.propertyfinder.eg/to/6NTW5BYC4K1TT0J09ZJTTHK7D8/en,https://static.shared.propertyfinder.eg/media/images/listing/6NTW5BYC4K1TT0J09ZJTTHK7D8/4e1f8e6e-a1f8-4984-a023-0ccb9e43988f/1312x894.jpg,See the details of this Chalet for Sale in Amwaj.,7300000
72450538,4BR Penthouse for Sale in 6 October City,https://www.propertyfinder.eg/to/2J4GEESY3A1A30WHB034W8D30W/en,https://static.shared.propertyfinder.eg/media/images/listing/2J4GEESY3A1A30WHB034W8D30W/4201fee4-5ee4-4661-bd6f-13bd28159a1a/1312x894.jpg,See the details of this Penthouse for Sale in Sun Capital.,8500000
72450368,2BR Apartment for Sale in Mostakbal City - Future City,https://www.propertyfinder.eg/to/TQM10CFRD7SNENCH7PWK384TA0/en,https://static.shared.propertyfinder.eg/media/images/listing/TQM10CFRD7SNENCH7PWK384TA0/f96e74d0-1690-4597-9003-ee8b81c8c305/1312x894.jpg,See the details of this Apartment for Sale in East Vale.,15000000
72450348,3BR Villa for Sale in Mostakbal City - Future City,https://www.propertyfinder.eg/to/2ZE7Q1VGE6FWJ7HJ9VDTW4TWQ8/en,https://static.shared.propertyfinder.eg/media/images/listing/2ZE7Q1VGE6FWJ7HJ9VDTW4TWQ8/1abeaf9f-8096-4d98-806b-2fe5ce649703/1312x894.jpg,See the details of this Villa for Sale in East Vale.,55000000
72450178,2BR Chalet for Sale in Al Ain Al Sokhna,https://www.propertyfinder.eg/to/Z0VXB5DDCTGW0EXBVHRG95VF7W/en,https://static.shared.propertyfinder.eg/media/images/listing/Z0VXB5DDCTGW0EXBVHRG95VF7W/ce75c6cd-3aea-40b3-94e9-c0065fc30b72/1312x894.jpg,See the details of this Chalet for Sale in Telal Al Sokhna.,8300000
72449942,3BR Twin House for Sale in Al Ain Al Sokhna,https://www.propertyfinder.eg/to/PAX84GNDQJ97DNMPX1E3D3W2MC/en,https://static.shared.propertyfinder.eg/media/images/listing/PAX84GNDQJ97DNMPX1E3D3W2MC/11321707-da3f-4cec-b4aa-6020f65b82d1/1312x894.jpg,See the details of this Twin House for Sale in Telal Al Sokhna.,11500000
72449771,6BR Twin House for Sale in Sidi Abdel Rahman,https://www.propertyfinder.eg/to/1PK3ASC0YGKSWTC06QHPEQYT20/en,https://static.shared.propertyfinder.eg/media/images/listing/1PK3ASC0YGKSWTC06QHPEQYT20/ae177407-f9d3-4d27-ae6c-415b83bf0eec/1312x894.jpg,See the details of this Twin House for Sale in Playa Resort.,84000000
72449313,2BR Chalet for Sale in Al Ain Al Sokhna,https://www.propertyfinder.eg/to/EGC0KZ9ZHEZ7TTEKCTKC30XBA8/en,https://static.shared.propertyfinder.eg/media/images/listing/EGC0KZ9ZHEZ7TTEKCTKC30XBA8/9570e138-adee-400d-b570-c523f1a0f0dc/1312x894.jpg,See the details of this Chalet for Sale in Telal Al Sokhna.,8500000
72449022,3BR Duplex for Sale in New Cairo City,https://www.propertyfinder.eg/to/ZQD7YDD7N93PVR8PABCAKDYPB0/en,https://static.shared.propertyfinder.eg/media/images/listing/ZQD7YDD7N93PVR8PABCAKDYPB0/5b637685-4af6-4346-a490-04136380f14c/1312x894.jpg,See the details of this Duplex for Sale in TRIO.,11800000
72448241,2BR Chalet for Sale in Hurghada,https://www.propertyfinder.eg/to/DKFK2ZRACGR1GPRCCNV9TH8CK8/en,https://static.shared.propertyfinder.eg/media/images/listing/DKFK2ZRACGR1GPRCCNV9TH8CK8/407e6a53-6915-42c5-8726-29e0844fd95a/1312x894.jpg,See the details of this Chalet for Sale in Hurghada Hub.,1060000
72446621,2BR Apartment for Sale in New Cairo City,https://www.propertyfinder.eg/to/DCTTEZPDNR2RZ9FMX8T7NB66H8/en,https://static.shared.propertyfinder.eg/media/images/listing/DCTTEZPDNR2RZ9FMX8T7NB66H8/693898cf-de65-41cd-aed3-24622a877d5e/1312x894.jpg,See the details of this Apartment for Sale in District 5.,7630000
72446052,3BR Apartment for Sale in New Cairo City,https://www.propertyfinder.eg/to/FDJH7TD1GNM4CY8MMJ82MHQ0X4/en,https://static.shared.propertyfinder.eg/media/images/listing/FDJH7TD1GNM4CY8MMJ82MHQ0X4/5276bdfb-5474-4ac8-99e9-4a4f1abc07ed/1312x894.jpg,See the details of this Apartment for Sale in District 5.,10380000
72444969,3BR Villa for Sale in New Cairo City,https://www.propertyfinder.eg/to/7JX54RB223PKE33WPA5CHJM3TG/en,https://static.shared.propertyfinder.eg/media/images/listing/7JX54RB223PKE33WPA5CHJM3TG/03ce56cd-4ac3-4862-b301-e8ddcfbbbece/1312x894.jpg,See the details of this Villa for Sale in District 5.,15000000
72444327,3BR Apartment for Sale in Hay Sharq,https://www.propertyfinder.eg/to/EC4RY1428QSP3TAB0NGG0FB0XC/en,https://static.shared.propertyfinder.eg/media/images/listing/EC4RY1428QSP3TAB0NGG0FB0XC/ff3928cc-ef3c-4d62-a93e-46a3f886b065/1312x894.jpg,See the details of this Apartment for Sale in Sky line.,6900000
72444133,3BR Apartment for Sale in Shorouk City,https://www.propertyfinder.eg/to/GBRQTR9MNVS1FD5NCX237SMFF0/en,https://static.shared.propertyfinder.eg/media/images/listing/GBRQTR9MNVS1FD5NCX237SMFF0/3a9a15f7-e152-4f1b-a8cb-d83a21647dc7/1312x894.jpg,See the details of this Apartment for Sale in Aljar.,800000
72443992,3BR Penthouse for Sale in New Cairo City,https://www.propertyfinder.eg/to/GWE7JTV6Z0AV69JJWRQ2DR5WKM/en,https://static.shared.propertyfinder.eg/media/images/listing/GWE7JTV6Z0AV69JJWRQ2DR5WKM/8a436cf3-a77e-4228-99d0-1619ecde7b84/1312x894.jpg,See the details of this Penthouse for Sale in El Patio Oro.,13100000
72443837,3BR Apartment for Sale in New Cairo City,https://www.propertyfinder.eg/to/43BPNAY969C0W01RA7KCA8AQ80/en,https://static.shared.propertyfinder.eg/media/images/listing/43BPNAY969C0W01RA7KCA8AQ80/155f663a-b44c-4101-ae37-bf760ffa7322/1312x894.jpg,See the details of this Apartment for Sale in El Patio Oro.,9550000
72442536,3BR Apartment for Sale in New Cairo City,https://www.propertyfinder.eg/to/0GWVWS57DH92D5TWQ2D9JXDZK0/en,https://static.shared.propertyfinder.eg/media/images/listing/0GWVWS57DH92D5TWQ2D9JXDZK0/b914d626-332a-4057-b8b9-66ec897b7b89/1312x894.jpg,See the details of this Apartment for Sale in El Patio Oro.,13500000
72438421,3BR Twin House for Sale in New Cairo City,https://www.propertyfinder.eg/to/DNCXY3ZX9N265VV8G3168KE728/en,https://static.shared.propertyfinder.eg/media/images/listing/DNCXY3ZX9N265VV8G3168KE728/d2c31a12-de43-43b3-8051-600f135afdbd/1312x894.jpg,See the details of this Twin House for Sale in City Gate.,9735280
72438307,2BR Apartment for Sale in New Cairo City,https://www.propertyfinder.eg/to/52RYKGY614RZDDYV1WP3KX6HWM/en,https://static.shared.propertyfinder.eg/media/images/listing/52RYKGY614RZDDYV1WP3KX6HWM/7a3dfca4-4c8a-46bd-8de5-d575ac8cd73f/1312x894.jpg,See the details of this Apartment for Sale in Mohamed Naguib Axis.,851400
72187183,3BR Apartment for Sale in New Cairo City,https://www.propertyfinder.eg/to/M3PBD4ENFT2EHBSEA70T7ZRNQG/en,https://static.shared.propertyfinder.eg/media/images/listing/M3PBD4ENFT2EHBSEA70T7ZRNQG/d6bf7a24-894c-4a63-a596-215c4f4d338f/1312x894.jpg,See the details of this Apartment for Sale in Swan Lake Residence.,12300000
72186573,2BR Chalet for Sale in Qesm Marsa Matrouh,https://www.propertyfinder.eg/to/2FG7EEMJ0QS6ZC60E3G508NC68/en,https://static.shared.propertyfinder.eg/media/images/listing/2FG7EEMJ0QS6ZC60E3G508NC68/5200eb73-74c2-4da5-9978-c6b49ea8f50a/1312x894.jpg,See the details of this Chalet for Sale in Silver Sands.,8000000
72185147,3BR Apartment for Sale in New Heliopolis,https://www.propertyfinder.eg/to/J9TTQ3YZ0VSAZ6ZMC6B541KTER/en,https://static.shared.propertyfinder.eg/media/images/listing/J9TTQ3YZ0VSAZ6ZMC6B541KTER/420f39bc-3ef8-4509-8b39-e0e62d2033f0/1312x894.jpg,See the details of this Apartment for Sale in Sodic East.,10310000
72181299,1BR Apartment for Sale in New Cairo City,https://www.propertyfinder.eg/to/XM8809THT4BA1VMHX119KB0WWC/en,https://static.shared.propertyfinder.eg/media/images/listing/XM8809THT4BA1VMHX119KB0WWC/092da4ad-67cc-4fc9-9e29-dfbc7bffb856/1312x894.jpg,See the details of this Apartment for Sale in Hyde Park Central.,6000000
72181298,3BR Apartment for Sale in El Nozha,https://www.propertyfinder.eg/to/5CCQWQMMNAQ31Y2S7KR6PK2VXW/en,https://static.shared.propertyfinder.eg/media/images/listing/5CCQWQMMNAQ31Y2S7KR6PK2VXW/91692289-c25c-4d85-b16d-64dd01709b9a/1312x894.jpg,See the details of this Apartment for Sale in Stoda.,8450000
72181290,3BR Apartment for Sale in New Cairo City,https://www.propertyfinder.eg/to/FEHNNK60CG0P8A5SE1C8CWKW40/en,https://static.shared.propertyfinder.eg/media/images/listing/FEHNNK60CG0P8A5SE1C8CWKW40/3e49cb83-1688-4891-a46f-3942091e1559/1312x894.jpg,See the details of this Apartment for Sale in Hyde Park Central.,11000000
72181267,4BR Roof for Sale in New Cairo City,https://www.propertyfinder.eg/to/5S9DRXRNSB5AZW0R33VE6ND178/en,https://static.shared.propertyfinder.eg/media/images/listing/5S9DRXRNSB5AZW0R33VE6ND178/e18629c3-ca5c-48a1-83d0-1a5ad1ae4f2b/1312x894.jpg,See the details of this Roof for Sale in Hyde Park Central.,15000000
72180031,1BR Apartment for Sale in Sheikh Zayed City,https://www.propertyfinder.eg/to/Q3DN649148J6QF67REK4AYCVP8/en,https://static.shared.propertyfinder.eg/media/images/listing/Q3DN649148J6QF67REK4AYCVP8/3a713c3d-fba5-4392-8566-7277b5c70b6e/1312x894.jpg,See the details of this Apartment for Sale in Al  Rabwa.,2700000
72180021,3BR Apartment for Sale in Sheikh Zayed City,https://www.propertyfinder.eg/to/CN1M8Y2KRVSGP4Z7DWV7YGKAHR/en,https://static.shared.propertyfinder.eg/media/images/listing/CN1M8Y2KRVSGP4Z7DWV7YGKAHR/56d779ee-a087-4f53-8146-f058019dace6/1312x894.jpg,See the details of this Apartment for Sale in Al  Rabwa.,4750000
72179986,2BR Apartment for Sale in Sheikh Zayed City,https://www.propertyfinder.eg/to/PGA4341Y2SF01MBTTEFP1ZZR6R/en,https://static.shared.propertyfinder.eg/media/images/listing/PGA4341Y2SF01MBTTEFP1ZZR6R/0f299640-ec0d-4cf7-a02d-972cc85e86db/1312x894.jpg,See the details of this Apartment for Sale in Al  Rabwa.,3400000
72178858,2BR Apartment for Sale in New Cairo City,https://www.propertyfinder.eg/to/QFHENGMF5AZW1VMY1HRHHJEQ28/en,https://static.shared.propertyfinder.eg/media/images/listing/QFHENGMF5AZW1VMY1HRHHJEQ28/d3f8650e-3ce3-45f9-a7d0-c12d71de1b56/1312x894.jpg,See the details of this Apartment for Sale in JAYD Residence.,1365000
72176008,3BR Apartment for Sale in Hay Than El Montazah,https://www.propertyfinder.eg/to/3Q4R53GPF8NA8GPCE9CAKWW7KM/en,https://static.shared.propertyfinder.eg/media/images/listing/3Q4R53GPF8NA8GPCE9CAKWW7KM/16eec758-9ddb-4e5f-9356-7897588f90c5/1312x894.jpg,See the details of this Apartment for Sale in Ahmed Tayseer St..,5800000
72175968,3BR Apartment for Sale in New Cairo City,https://www.propertyfinder.eg/to/H9NSH4A1295X1CANVZPQ2S99Z4/en,https://static.shared.propertyfinder.eg/media/images/listing/H9NSH4A1295X1CANVZPQ2S99Z4/ecdbf9f7-366a-413c-9965-80277f7f62c4/1312x894.jpg,See the details of this Apartment for Sale in Lake View Residence 2.,6700000
72175745,3BR Apartment for Sale in Mostakbal City - Future City,https://www.propertyfinder.eg/to/68KMNFCW282Z1PN977V9HP91JM/en,https://static.shared.propertyfinder.eg/media/images/listing/68KMNFCW282Z1PN977V9HP91JM/242c4ed8-2b20-41ba-9590-03a76e37ffd5/1312x894.jpg,See the details of this Apartment for Sale in L'avenir.,5500000
72175013,3BR Apartment for Sale in 6 October City,https://www.propertyfinder.eg/to/7F3D7RV8WE505JNW7S522WSZWW/en,https://static.shared.propertyfinder.eg/media/images/listing/7F3D7RV8WE505JNW7S522WSZWW/f807378e-4c1a-49a3-8585-905d08acf74e/1312x894.jpg,See the details of this Apartment for Sale in October Plaza.,9200000
72172415,3BR Apartment for Sale in New Cairo City,https://www.propertyfinder.eg/to/A7ZT8YWXC5JKQCK7JFJJM73DW0/en,https://static.shared.propertyfinder.eg/media/images/listing/A7ZT8YWXC5JKQCK7JFJJM73DW0/29cd9219-fe9f-4502-bd99-46bd35886786/1312x894.jpg,See the details of this Apartment for Sale in Eastown.,20500000
72172302,3BR Apartment for Sale in New Cairo City,https://www.propertyfinder.eg/to/BJJZBZ48VBHS8HN7BP3E627KFW/en,https://static.shared.propertyfinder.eg/media/images/listing/BJJZBZ48VBHS8HN7BP3E627KFW/ff889481-e567-40f6-93ee-999cd80d7a6c/1312x894.jpg,See the details of this Apartment for Sale in Eastown.,22000000
72172242,3BR Apartment for Sale in New Cairo City,https://www.propertyfinder.eg/to/JBNXMQ0Z0QXNQDQZ4SX4XFQS2M/en,https://static.shared.propertyfinder.eg/media/images/listing/JBNXMQ0Z0QXNQDQZ4SX4XFQS2M/43ac276b-f406-41b1-ae48-85502c12a7c1/1312x894.jpg,See the details of this Apartment for Sale in Eastown.,18000000
72172214,2BR Apartment for Sale in New Cairo City,https://www.propertyfinder.eg/to/34V4B5DPK4G70SFYHS5PFMX3CC/en,https://static.shared.propertyfinder.eg/media/images/listing/34V4B5DPK4G70SFYHS5PFMX3CC/4ac485bb-fa12-4679-a3d3-c1e47bd2050a/1312x894.jpg,See the details of this Apartment for Sale in Eastown.,14200000
72171343,4BR Chalet for Sale in Sidi Abdel Rahman,https://www.propertyfinder.eg/to/3RHBRZPECVABH1YZKGPRV2XSK4/en,https://static.shared.propertyfinder.eg/media/images/listing/3RHBRZPECVABH1YZKGPRV2XSK4/06a61f30-376b-45c6-9b03-f84a66465cce/1312x894.jpg,See the details of this Chalet for Sale in Seashell.,19000000
72168671,Studio Apartment for Sale in Mostakbal City - Future City,https://www.propertyfinder.eg/to/8TAE6PTK6Y12WJVFYZ8EY1AA68/en,https://static.shared.propertyfinder.eg/media/images/listing/8TAE6PTK6Y12WJVFYZ8EY1AA68/b2f88d49-aa73-4cca-b1a8-87da5fbbd952/1312x894.jpg,See the details of this Apartment for Sale in The Butterfly.,300000
71919876,4BR Apartment for Sale in Hay Sharq,https://www.propertyfinder.eg/to/1MZ0GR7M5VHPH20P88EP4JRZV4/en,https://static.shared.propertyfinder.eg/media/images/listing/1MZ0GR7M5VHPH20P88EP4JRZV4/58cd8305-feca-4ccd-8d7b-1c411510988e/1312x894.jpg,See the details of this Apartment for Sale in Al Geish Road.,8000000
71919609,3BR Apartment for Sale in 6 October City,https://www.propertyfinder.eg/to/DEGE27WMZTHDV0QX1ZFM3NZZ9R/en,https://static.shared.propertyfinder.eg/media/images/listing/DEGE27WMZTHDV0QX1ZFM3NZZ9R/85bad130-139f-4e98-862c-275285e8c0f3/1312x894.jpg,See the details of this Apartment for Sale in October Plaza.,11000000
71918570,2BR Apartment for Sale in New Cairo City,https://www.propertyfinder.eg/to/5PWYXEB10Z5GZ769G4PHS0PYHR/en,https://static.shared.propertyfinder.eg/media/images/listing/5PWYXEB10Z5GZ769G4PHS0PYHR/20e99cec-cfe8-463d-b1dd-49892876c12a/1312x894.jpg,See the details of this Apartment for Sale in Palm Hills New Cairo.,7500000
71918552,1BR Apartment for Sale in New Cairo City,https://www.propertyfinder.eg/to/RPCVTRJ5Q278VESPW2J42GEEH8/en,https://static.shared.propertyfinder.eg/media/images/listing/RPCVTRJ5Q278VESPW2J42GEEH8/02d4d9ca-d16f-4a5a-a4ea-6926c48b3140/1312x894.jpg,See the details of this Apartment for Sale in Palm Hills New Cairo.,4200000
71918172,4BR Apartment for Sale in Hay Awal El Montazah,https://www.propertyfinder.eg/to/EPKJ72983J07KFZH8QS7TS6PMM/en,https://static.shared.propertyfinder.eg/media/images/listing/EPKJ72983J07KFZH8QS7TS6PMM/0d368e36-2781-427e-af0f-eab8001b72e1/1312x894.jpg,See the details of this Apartment for Sale in Gamal Abdel Nasser Road.,4000000
71917460,4BR Apartment for Sale in New Cairo City,https://www.propertyfinder.eg/to/XYWCC66RCWGAPH4GEGBQATJKHC/en,https://static.shared.propertyfinder.eg/media/images/listing/XYWCC66RCWGAPH4GEGBQATJKHC/eb01396c-2d7a-4a72-94f4-bbaf4389d46a/1312x894.jpg,See the details of this Apartment for Sale in Swan Lake Residence.,24000000
71912329,3BR Villa for Sale in Sheikh Zayed City,https://www.propertyfinder.eg/to/B3W6DCKBN7Q4FRBQCRB43Y22CW/en,https://static.shared.propertyfinder.eg/media/images/listing/B3W6DCKBN7Q4FRBQCRB43Y22CW/1eaf82b4-188e-4fc7-86ad-a89db5da83e6/1312x894.jpg,See the details of this Villa for Sale in Belle Vie.,18000000
71911514,4BR Chalet for Sale in Sidi Abdel Rahman,https://www.propertyfinder.eg/to/D9Y5PG3881CB9Z5SZMXYDW5FRW/en,https://static.shared.propertyfinder.eg/media/images/listing/D9Y5PG3881CB9Z5SZMXYDW5FRW/4af54ce5-d29b-4a39-915b-871892ad386d/1312x894.jpg,See the details of this Chalet for Sale in Hacienda Red.,40000000
71909727,5BR Twin House for Sale in New Cairo City,https://www.propertyfinder.eg/to/5G67YYS2W7QCZ45YMXVBXNHRF0/en,https://static.shared.propertyfinder.eg/media/images/listing/5G67YYS2W7QCZ45YMXVBXNHRF0/28a826ad-29f7-475b-a779-0837a7b20ce2/1312x894.jpg,See the details of this Twin House for Sale in Palm Hills New Cairo.,22500000
71909715,3BR Apartment for Sale in New Cairo City,https://www.propertyfinder.eg/to/A8WD79Z3MP2BQGCTFMPV586NWG/en,https://static.shared.propertyfinder.eg/media/images/listing/A8WD79Z3MP2BQGCTFMPV586NWG/eeff9766-16a5-4184-9b07-c85e913b7912/1312x894.jpg,See the details of this Apartment for Sale in Palm Hills New Cairo.,9125000
71909714,4BR Twin House for Sale in New Capital City,https://www.propertyfinder.eg/to/XCWRMMWT3DH76P7RT8YTR3V0Y0/en,https://static.shared.propertyfinder.eg/media/images/listing/XCWRMMWT3DH76P7RT8YTR3V0Y0/e6052bfb-79aa-4d74-a169-4415268d6375/1312x894.jpg,See the details of this Twin House for Sale in La Vista City.,18650000
71909711,3BR Apartment for Sale in New Cairo City,https://www.propertyfinder.eg/to/DTWP4A1EVYMHAHZ30VM998R8BC/en,https://static.shared.propertyfinder.eg/media/images/listing/DTWP4A1EVYMHAHZ30VM998R8BC/ee2724fa-7ce2-4aad-b473-78c3e1223697/1312x894.jpg,See the details of this Apartment for Sale in Palm Hills New Cairo.,8600000
71909707,3BR Penthouse for Sale in New Cairo City,https://www.propertyfinder.eg/to/6NBV5WPTBBYF14B854VBZ95K2R/en,https://static.shared.propertyfinder.eg/media/images/listing/6NBV5WPTBBYF14B854VBZ95K2R/b851e9ca-74e2-44c8-9533-5f5ecfbc1d6f/1312x894.jpg,See the details of this Penthouse for Sale in Palm Hills New Cairo.,16000000
71909704,5BR Villa for Sale in New Cairo City,https://www.propertyfinder.eg/to/XFF85DJFDR70EMJGTYKG34V2GC/en,https://static.shared.propertyfinder.eg/media/images/listing/XFF85DJFDR70EMJGTYKG34V2GC/43f7414e-7f2a-4a6e-9e65-246cef9bd7e5/1312x894.jpg,See the details of this Villa for Sale in Palm Hills New Cairo.,30000000
71909701,4BR Villa for Sale in New Capital City,https://www.propertyfinder.eg/to/QEFQ8E9377DT98MGW4MYX0S9MC/en,https://static.shared.propertyfinder.eg/media/images/listing/QEFQ8E9377DT98MGW4MYX0S9MC/0f068170-4ec4-4aef-aa4c-ce2ef54a6776/1312x894.jpg,See the details of this Villa for Sale in La Vista City.,30000000
71909700,3BR Townhouse for Sale in New Capital City,https://www.propertyfinder.eg/to/WBPXZR72QA87WD3T26FXJF64H0/en,https://static.shared.propertyfinder.eg/media/images/listing/WBPXZR72QA87WD3T26FXJF64H0/7de66345-9293-49a8-a475-2cea595477fd/1312x894.jpg,See the details of this Townhouse for Sale in La Vista City.,15000000
71909698,4BR Apartment for Sale in New Cairo City,https://www.propertyfinder.eg/to/EXNWWGE9CAEN8THZQ6FKQYP2VW/en,https://static.shared.propertyfinder.eg/media/images/listing/EXNWWGE9CAEN8THZQ6FKQYP2VW/6f03a5d3-dcb6-476d-a065-60f1dade91d5/1312x894.jpg,See the details of this Apartment for Sale in Palm Hills New Cairo.,11900000
71909661,4BR Penthouse for Sale in New Cairo City,https://www.propertyfinder.eg/to/VDB9FT70Q24FW2TT00DGGJB130/en,https://static.shared.propertyfinder.eg/media/images/listing/VDB9FT70Q24FW2TT00DGGJB130/68650ddd-77e8-4b5f-849f-cbb81b50de6c/1312x894.jpg,See the details of this Penthouse for Sale in Lake View Residence 2.,13200000
71908250,4BR Townhouse for Sale in Sidi Abdel Rahman,https://www.propertyfinder.eg/to/CAP56GRVHWQYY8GBTBXMRT99R8/en,https://static.shared.propertyfinder.eg/media/images/listing/CAP56GRVHWQYY8GBTBXMRT99R8/6d64665b-a3ed-402f-b142-d6177f1ecede/1312x894.jpg,See the details of this Townhouse for Sale in Hacienda Bay.,23000000
71908248,3BR Apartment for Sale in New Cairo City,https://www.propertyfinder.eg/to/V4BE3YCH1KEKFGVQXBWHYYJ6B4/en,https://static.shared.propertyfinder.eg/media/images/listing/V4BE3YCH1KEKFGVQXBWHYYJ6B4/f2c50882-95d7-4eed-972a-b9d1d8065b9d/1312x894.jpg,See the details of this Apartment for Sale in Eastown.,28000000
71908246,3BR Apartment for Sale in New Cairo City,https://www.propertyfinder.eg/to/H0RXSHSAZ98QDXNR74EMBKJ590/en,https://static.shared.propertyfinder.eg/media/images/listing/H0RXSHSAZ98QDXNR74EMBKJ590/7da199eb-440e-4214-9b94-8764aa24aa2a/1312x894.jpg,See the details of this Apartment for Sale in Eastown.,27000000
71907976,6BR Villa for Sale in 6 October City,https://www.propertyfinder.eg/to/2863DTCAYKFFHV09G0NPJCHKJ4/en,https://static.shared.propertyfinder.eg/media/images/listing/2863DTCAYKFFHV09G0NPJCHKJ4/90293a35-2482-48a1-a0f2-df40e679b6ea/1312x894.jpg,See the details of this Villa for Sale in Palm Villa.,22000000
71907731,2BR Chalet for Sale in Sidi Abdel Rahman,https://www.propertyfinder.eg/to/DGDK8KSVTQNMSQZCBYNM9PDEJC/en,https://static.shared.propertyfinder.eg/media/images/listing/DGDK8KSVTQNMSQZCBYNM9PDEJC/42328f88-fef9-4ea6-ab35-6a3a4897e0e8/1312x894.jpg,See the details of this Chalet for Sale in Amwaj.,8250000
71906906,3BR Chalet for Sale in Al Ain Al Sokhna,https://www.propertyfinder.eg/to/869NXNNBRG5V7HA0KZ5WSXQ5B0/en,https://static.shared.propertyfinder.eg/media/images/listing/869NXNNBRG5V7HA0KZ5WSXQ5B0/2b938272-40f1-41e4-b443-6748c5c05e6e/1312x894.jpg,See the details of this Chalet for Sale in Azha.,11000000
71906786,3BR Apartment for Sale in New Cairo City,https://www.propertyfinder.eg/to/GS2JHZR2YBCSNC1PJ80V676YKM/en,https://static.shared.propertyfinder.eg/media/images/listing/GS2JHZR2YBCSNC1PJ80V676YKM/3a0c44c1-2b6a-4aa9-b4ee-c2328549c4c5/1312x894.jpg,See the details of this Apartment for Sale in Zed East.,8962000
71905115,4BR Apartment for Sale in New Cairo City,https://www.propertyfinder.eg/to/XJ4EXVWPJXZ5626FYE8QHQTV8W/en,https://static.shared.propertyfinder.eg/media/images/listing/XJ4EXVWPJXZ5626FYE8QHQTV8W/084b524a-7cf4-4c42-a400-b3cd7a5cde8e/1312x894.jpg,See the details of this Apartment for Sale in West Golf Extension.,10500000
71660661,2BR Chalet for Sale in Al Alamein,https://www.propertyfinder.eg/to/X24GXF93ZKAEWJWHN1PVCMNJCC/en,https://static.shared.propertyfinder.eg/media/images/listing/X24GXF93ZKAEWJWHN1PVCMNJCC/5e96cee4-ac36-42a8-8007-fc030306e440/1312x894.jpg,See the details of this Chalet for Sale in Marina 8.,3300000
71657509,3BR Apartment for Sale in Alexandria Compounds,https://www.propertyfinder.eg/to/NEXVJAV6D3CCWM8FFB225BX1M8/en,https://static.shared.propertyfinder.eg/media/images/listing/NEXVJAV6D3CCWM8FFB225BX1M8/71bbeb1f-8abd-4408-83b3-a4af54b4126d/1312x894.jpg,See the details of this Apartment for Sale in Alex West.,6800000
71657454,3BR Apartment for Sale in Hay Sharq,https://www.propertyfinder.eg/to/PN2S71ZHBJQNJDZTRHRV84DGBM/en,https://static.shared.propertyfinder.eg/media/images/listing/PN2S71ZHBJQNJDZTRHRV84DGBM/98adb314-7d6d-476c-8560-ab4d56769476/1312x894.jpg,See the details of this Apartment for Sale in Valore Smouha.,9500000
71656787,3BR Apartment for Sale in Hay Sharq,https://www.propertyfinder.eg/to/DP2S6D20FSJ7DA677E29TJDFK8/en,https://static.shared.propertyfinder.eg/media/images/listing/DP2S6D20FSJ7DA677E29TJDFK8/4d58caed-7759-4a3e-9a11-3cf43c5132f8/1312x894.jpg,See the details of this Apartment for Sale in Muruj.,7224300
71655679,Office for Sale in New Cairo City,https://www.propertyfinder.eg/to/PHFXF5TFB4V1X4QQVWAEXXKBSC/en,https://static.shared.propertyfinder.eg/media/images/listing/PHFXF5TFB4V1X4QQVWAEXXKBSC/3ad60928-b372-4d44-9cc9-4077430a2328/1312x894.jpg,See the details of this Office for Sale in Cairo Festival City.,111280000
71655649,Office for Sale in New Cairo City,https://www.propertyfinder.eg/to/EM4AEW991Q3SXMQYDTGTKT5DZC/en,https://static.shared.propertyfinder.eg/media/images/listing/EM4AEW991Q3SXMQYDTGTKT5DZC/9b433444-a41b-4f1a-9c0b-e59685055e83/1312x894.jpg,See the details of this Office for Sale in Cairo Festival City.,37440000
71655634,Office for Sale in New Cairo City,https://www.propertyfinder.eg/to/9Q34F1HFHSYSKR492T6X8MM6PG/en,https://static.shared.propertyfinder.eg/media/images/listing/9Q34F1HFHSYSKR492T6X8MM6PG/46a4e37f-ef30-4330-b3c3-1789cd3a3df3/1312x894.jpg,See the details of this Office for Sale in Eastown.,31255000
71655212,1BR Apartment for Sale in New Cairo City,https://www.propertyfinder.eg/to/Z5ZNWD94MKXYVXSF6PDTWZHV08/en,https://static.shared.propertyfinder.eg/media/images/listing/Z5ZNWD94MKXYVXSF6PDTWZHV08/a3a9759e-0bdc-432c-81cf-f1a5011081ca/1312x894.jpg,See the details of this Apartment for Sale in Taj City.,3697500
71655027,2BR Apartment for Sale in Hay Sharq,https://www.propertyfinder.eg/to/YWM5XT70X6434GKN20B86MGNRR/en,https://static.shared.propertyfinder.eg/media/images/listing/YWM5XT70X6434GKN20B86MGNRR/22b5133e-0476-4ad2-8a0e-c142200a3aa8/1312x894.jpg,See the details of this Apartment for Sale in Muruj.,6480000
71654292,2BR Apartment for Sale in New Cairo City,https://www.propertyfinder.eg/to/2V0KWJPQ6N8K2HHHFHVMGD6DX0/en,https://static.shared.propertyfinder.eg/media/images/listing/2V0KWJPQ6N8K2HHHFHVMGD6DX0/f7aaad0d-964e-4450-921a-8a1c214f19f0/1312x894.jpg,See the details of this Apartment for Sale in Garden Residence.,6300000
71652354,2BR Chalet for Sale in Qesm Marsa Matrouh,https://www.propertyfinder.eg/to/0QVJ3M93HVX3WN9AXZ34V8WTP0/en,https://static.shared.propertyfinder.eg/media/images/listing/0QVJ3M93HVX3WN9AXZ34V8WTP0/02dce499-133e-4e4b-879e-3931301de478/1312x894.jpg,See the details of this Chalet for Sale in Marsa Baghush.,9100000
71647638,3BR Apartment for Sale in New Cairo City,https://www.propertyfinder.eg/to/PFRRWGKKA0KPM8RSV01WWHVMRM/en,https://static.shared.propertyfinder.eg/media/images/listing/PFRRWGKKA0KPM8RSV01WWHVMRM/c63e18b5-5061-43e0-bef9-371d68b13972/1312x894.jpg,See the details of this Apartment for Sale in El Patio Vida.,7600000
71646829,4BR Apartment for Sale in Hay Sharq,https://www.propertyfinder.eg/to/ABTZY1H633XQWX1AY28DD07QGC/en,https://static.shared.propertyfinder.eg/media/images/listing/ABTZY1H633XQWX1AY28DD07QGC/4b40ea75-4608-4920-9302-12ee56db81e1/1312x894.jpg,See the details of this Apartment for Sale in Al Fath St..,5000000
71646142,3BR Townhouse for Sale in New Cairo City,https://www.propertyfinder.eg/to/4XEZTWPY0XWFNXZPCMMWRQ7DWW/en,https://static.shared.propertyfinder.eg/media/images/listing/4XEZTWPY0XWFNXZPCMMWRQ7DWW/46d297e8-6410-4b4f-ae28-77ff08433177/1312x894.jpg,See the details of this Townhouse for Sale in District 5.,21500000
71645167,5BR Apartment for Sale in Hay Wasat,https://www.propertyfinder.eg/to/EH5N1PGSE77FQAMBKJ2QZQGRNC/en,https://static.shared.propertyfinder.eg/media/images/listing/EH5N1PGSE77FQAMBKJ2QZQGRNC/4fc96932-10d1-4277-bf42-d63d5f3c3f35/1312x894.jpg,See the details of this Apartment for Sale in Al Geish Road.,20800000
71396983,3BR Apartment for Sale in Sheikh Zayed City,https://www.propertyfinder.eg/to/C5BKM6R8YZE5YADMANJX39KP2M/en,https://static.shared.propertyfinder.eg/media/images/listing/C5BKM6R8YZE5YADMANJX39KP2M/90c62c68-b07c-4179-b6b3-6391343a6f96/1312x894.jpg,See the details of this Apartment for Sale in Village West.,7000000
71394448,2BR Chalet for Sale in Al Ain Al Sokhna,https://www.propertyfinder.eg/to/DE640C91PAK62XJ5P2B4PT5JP4/en,https://static.shared.propertyfinder.eg/media/images/listing/DE640C91PAK62XJ5P2B4PT5JP4/567a03ad-1a9a-4c02-8bd6-ad58541adc75/1312x894.jpg,See the details of this Chalet for Sale in Telal Al Sokhna.,500000
71393579,1BR Chalet for Sale in Qesm Ad Dabaah,https://www.propertyfinder.eg/to/Z554QGH2FS1KNW2FD6M3Q40VQW/en,https://static.shared.propertyfinder.eg/media/images/listing/Z554QGH2FS1KNW2FD6M3Q40VQW/442768f4-9739-4562-acec-3ab977372dfa/1312x894.jpg,See the details of this Chalet for Sale in D.O.S.E North Coast.,3500000
71392810,2BR Apartment for Sale in New Cairo City,https://www.propertyfinder.eg/to/0RJ7RV27FD62YJBGYNH0GP85Y8/en,https://static.shared.propertyfinder.eg/media/images/listing/0RJ7RV27FD62YJBGYNH0GP85Y8/9c35263e-fd12-41d4-b34e-3464f404f3fe/1312x894.jpg,See the details of this Apartment for Sale in Shalya Taj City.,5280000
71392563,3BR Apartment for Sale in Alexandria Compounds,https://www.propertyfinder.eg/to/CT65RV0BCJ5QKSD57GV5TQVNJC/en,https://static.shared.propertyfinder.eg/media/images/listing/CT65RV0BCJ5QKSD57GV5TQVNJC/3da54889-1cfa-42f9-88ce-8598d2d186fe/1312x894.jpg,See the details of this Apartment for Sale in Alex West.,8244900
71385538,2BR Chalet for Sale in Markaz Al Hamam,https://www.propertyfinder.eg/to/QME6V4KHBDZH5BVQ56KX4FVAZ8/en,https://static.shared.propertyfinder.eg/media/images/listing/QME6V4KHBDZH5BVQ56KX4FVAZ8/9e00843e-a94e-4339-bfce-8ec436fd7c6f/1312x894.jpg,See the details of this Chalet for Sale in Marseilia Beach 1.,1050000
70878380,5BR Villa for Sale in 6 October City,https://www.propertyfinder.eg/to/RZXGSKF3GKS3HFBVCQ4H3W1EKR/en,https://static.shared.propertyfinder.eg/media/images/listing/RZXGSKF3GKS3HFBVCQ4H3W1EKR/1a0dd0f4-d4f5-45b7-9db7-4822a2309193/1312x894.jpg,See the details of this Villa for Sale in Badya Palm Hills.,21075000
70878239,3BR Apartment for Sale in New Cairo City,https://www.propertyfinder.eg/to/W4RXCBWGTCV22GYEW8RF3DNX6R/en,https://static.shared.propertyfinder.eg/media/images/listing/W4RXCBWGTCV22GYEW8RF3DNX6R/f98ef1c9-6684-428d-a01c-e30c17712ca4/1312x894.jpg,See the details of this Apartment for Sale in Mountain View iCity.,8000000
70635079,3BR Villa for Sale in Mostakbal City - Future City,https://www.propertyfinder.eg/to/5402SD44VHW3D3S2DJQP4M0HRC/en,https://static.shared.propertyfinder.eg/media/images/listing/5402SD44VHW3D3S2DJQP4M0HRC/0ed3522e-7c11-4463-8cfb-7871e4c009d0/1312x894.jpg,See the details of this Villa for Sale in S1.,8000000
70632891,3BR Townhouse for Sale in 6 October City,https://www.propertyfinder.eg/to/XFT7W73XK8TQ38CH045NXTWAV0/en,https://static.shared.propertyfinder.eg/media/images/listing/XFT7W73XK8TQ38CH045NXTWAV0/3e6f0460-8712-49e8-a7a1-28dc1f02ab37/1312x894.jpg,See the details of this Townhouse for Sale in O West.,8800000
70632419,2BR Apartment for Sale in Al Alamein,https://www.propertyfinder.eg/to/MMNNRX8BP5ZB10GMD82TGSNWEG/en,https://static.shared.propertyfinder.eg/media/images/listing/MMNNRX8BP5ZB10GMD82TGSNWEG/a37087ba-bc6d-4cfc-8422-2383af4e1abf/1312x894.jpg,See the details of this Apartment for Sale in Marina 5.,6000000
70632239,Office for Sale in New Cairo City,https://www.propertyfinder.eg/to/5899Q0Y9SHFHW42TC23AP5F578/en,https://static.shared.propertyfinder.eg/media/images/listing/5899Q0Y9SHFHW42TC23AP5F578/1c4c1a7d-a77b-45f9-b0d0-ae1705e72bf6/1312x894.jpg,See the details of this Office for Sale in Zed East.,14563500
70630771,3BR Apartment for Sale in New Cairo City,https://www.propertyfinder.eg/to/DFV6P8ZGZD68HR17MKN1V3QN7G/en,https://static.shared.propertyfinder.eg/media/images/listing/DFV6P8ZGZD68HR17MKN1V3QN7G/947ece9d-2439-4de5-a2e2-7525ce1cc9ac/1312x894.jpg,See the details of this Apartment for Sale in Mountain View iCity.,7175000
70630702,2BR Duplex for Sale in New Cairo City,https://www.propertyfinder.eg/to/9HTZ5VF5HVPCZ22NB695H82V6R/en,https://static.shared.propertyfinder.eg/media/images/listing/9HTZ5VF5HVPCZ22NB695H82V6R/2a9e36dd-d5c3-4665-bac2-9094ee5b458c/1312x894.jpg,See the details of this Duplex for Sale in Mountain View iCity.,4732500
70628214,2BR Apartment for Sale in New Cairo City,https://www.propertyfinder.eg/to/6T4Q5DKTJHVM7CDX6AJ0ZYY1K4/en,https://static.shared.propertyfinder.eg/media/images/listing/6T4Q5DKTJHVM7CDX6AJ0ZYY1K4/a1ee1363-3ab1-4ffc-8eeb-6c1978e325d1/1312x894.jpg,See the details of this Apartment for Sale in Lake View Residence 2.,15035000
70628153,3BR Apartment for Sale in New Cairo City,https://www.propertyfinder.eg/to/KZ8CV2SA72PDEZB3GAHZYABXJ0/en,https://static.shared.propertyfinder.eg/media/images/listing/KZ8CV2SA72PDEZB3GAHZYABXJ0/bad97547-1b4c-42ca-b59a-e9ccf3c2ef87/1312x894.jpg,See the details of this Apartment for Sale in Lake View Residence 2.,15591500
70627975,3BR Apartment for Sale in New Cairo City,https://www.propertyfinder.eg/to/1GH1S2AJ1P7CT4PNBQECHR7K78/en,https://static.shared.propertyfinder.eg/media/images/listing/1GH1S2AJ1P7CT4PNBQECHR7K78/7a09523e-3476-400e-a566-4d07aa028591/1312x894.jpg,See the details of this Apartment for Sale in El Patio Vida.,7100000
70627914,2BR Chalet for Sale in Al Ain Al Sokhna,https://www.propertyfinder.eg/to/Z9VNAKE75C9YR4SB31GHHAH0J8/en,https://static.shared.propertyfinder.eg/media/images/listing/Z9VNAKE75C9YR4SB31GHHAH0J8/7c4d847a-aaa2-45c9-90ee-a960b8075b8b/1312x894.jpg,See the details of this Chalet for Sale in La Vista 6.,1550000
70369289,3BR Apartment for Sale in Mokattam,https://www.propertyfinder.eg/to/953TJ8SWG96ZTTP91MTYHMARYC/en,https://static.shared.propertyfinder.eg/media/images/listing/953TJ8SWG96ZTTP91MTYHMARYC/e6b70c10-2718-479b-b550-91dea2e16d3f/1312x894.jpg,See the details of this Apartment for Sale in The Sierras.,16500000
70368270,2BR Chalet for Sale in Ras Al Hekma,https://www.propertyfinder.eg/to/FAPWXHN8V7QPC2VQ6WMQ07E26W/en,https://static.shared.propertyfinder.eg/media/images/listing/FAPWXHN8V7QPC2VQ6WMQ07E26W/f04d5479-c725-4cb4-83c7-f2df81429ffb/1312x894.jpg,See the details of this Chalet for Sale in June.,9500000
70357903,3BR Apartment for Sale in New Cairo City,https://www.propertyfinder.eg/to/TWMGSKXES6XN3VV2X9HJHJNE74/en,https://static.shared.propertyfinder.eg/media/images/listing/TWMGSKXES6XN3VV2X9HJHJNE74/e711dae1-1fca-4a86-8b64-00d1413992be/1312x894.jpg,See the details of this Apartment for Sale in Hyde Park.,11300000
70095886,Office for Sale in New Cairo City,https://www.propertyfinder.eg/to/S1ZJJ3PJKKSZR6T6J6S46KFM3R/en,https://static.shared.propertyfinder.eg/media/images/listing/S1ZJJ3PJKKSZR6T6J6S46KFM3R/0a16ea9c-458e-44bd-8d94-ce3d0f7ea598/1312x894.jpg,See the details of this Office for Sale in Eastown.,32000000
70094734,4BR Townhouse for Sale in Sheikh Zayed City,https://www.propertyfinder.eg/to/HEQ4QWK4VSJ3TMK866MH8EEJK0/en,https://static.shared.propertyfinder.eg/media/images/listing/HEQ4QWK4VSJ3TMK866MH8EEJK0/02405ca7-20fd-474a-9960-ecb60a8063f3/1312x894.jpg,See the details of this Townhouse for Sale in Etapa.,12000000
70091538,1BR Chalet for Sale in Al Alamein,https://www.propertyfinder.eg/to/7MRCWRWKQX9CPHCGV38R0NAZRG/en,https://static.shared.propertyfinder.eg/media/images/listing/7MRCWRWKQX9CPHCGV38R0NAZRG/04ec91f1-7be0-4da7-88ba-7b910ce26ffa/1312x894.jpg,See the details of this Chalet for Sale in Marina 5.,1000000
70091142,4BR Apartment for Sale in Hay Wasat,https://www.propertyfinder.eg/to/RF0JPF3XG2PZSYGW4FDGGSMBP4/en,https://static.shared.propertyfinder.eg/media/images/listing/RF0JPF3XG2PZSYGW4FDGGSMBP4/f351626a-d3af-46ff-a6b3-fea0bd88307c/1312x894.jpg,See the details of this Apartment for Sale in Green St..,3700000
70089079,3BR iVilla for Sale in New Cairo City,https://www.propertyfinder.eg/to/1WFDA9AAFDV76E8W4PJ4WD9AJC/en,https://static.shared.propertyfinder.eg/media/images/listing/1WFDA9AAFDV76E8W4PJ4WD9AJC/f85c4713-f945-4975-846f-c79c944b4f75/1312x894.jpg,See the details of this iVilla for Sale in Mountain View Hyde Park.,11500000
69837168,4BR Apartment for Sale in New Cairo City,https://www.propertyfinder.eg/to/F8ERDKP3KWV25DAZT72TV3VVZR/en,https://static.shared.propertyfinder.eg/media/images/listing/F8ERDKP3KWV25DAZT72TV3VVZR/2ba24406-18dd-4dc9-a092-721908490e82/1312x894.jpg,See the details of this Apartment for Sale in Mountain View iCity.,27000000
69835484,3BR Apartment for Sale in New Heliopolis,https://www.propertyfinder.eg/to/CJVCP5S54GMF0TY6BS49B0SZ7M/en,https://static.shared.propertyfinder.eg/media/images/listing/CJVCP5S54GMF0TY6BS49B0SZ7M/8907fdf2-f1b4-40a4-97ff-f34f6b6c689c/1312x894.jpg,See the details of this Apartment for Sale in Sodic East.,7900000
69833265,2BR Apartment for Sale in New Cairo City,https://www.propertyfinder.eg/to/YVK701DX55ED5NJGYTVWY6970M/en,https://static.shared.propertyfinder.eg/media/images/listing/YVK701DX55ED5NJGYTVWY6970M/c7511515-5d81-4743-aa24-078b2c1f42c9/1312x894.jpg,See the details of this Apartment for Sale in El Patio Oro.,7000000
69832227,2BR Apartment for Sale in Mostakbal City - Future City,https://www.propertyfinder.eg/to/F3GBJK0SXKYEWFRY25HNSCYS28/en,https://static.shared.propertyfinder.eg/media/images/listing/F3GBJK0SXKYEWFRY25HNSCYS28/2c309d80-91f9-43e6-aa2c-593d83c95edb/1312x894.jpg,See the details of this Apartment for Sale in S2.,4100000
69831466,3BR Apartment for Sale in New Cairo City,https://www.propertyfinder.eg/to/EGKR9AXAH5JGYPJJV3183EM5E0/en,https://static.shared.propertyfinder.eg/media/images/listing/EGKR9AXAH5JGYPJJV3183EM5E0/3269dfd3-40e3-4545-b325-e033d5e60abe/1312x894.jpg,See the details of this Apartment for Sale in The Address East.,6745000
69830405,2BR Apartment for Sale in New Cairo City,https://www.propertyfinder.eg/to/DBW0KF79NYW1BAECNZBTDTR55C/en,https://static.shared.propertyfinder.eg/media/images/listing/DBW0KF79NYW1BAECNZBTDTR55C/3f9ffd21-77c0-4b78-a50b-4ace35a2d553/1312x894.jpg,See the details of this Apartment for Sale in Mountain View Hyde Park.,6800000
69578072,5BR Villa for Sale in Qesm Ad Dabaah,https://www.propertyfinder.eg/to/MQ2XH9QPV6A8V392SPMQRZ59AW/en,https://static.shared.propertyfinder.eg/media/images/listing/MQ2XH9QPV6A8V392SPMQRZ59AW/d24de14e-6cd4-4caf-91f9-9b25efe78767/1312x894.jpg,See the details of this Villa for Sale in La Vista Bay.,13200000
69576202,3BR Townhouse for Sale in New Cairo City,https://www.propertyfinder.eg/to/8B9JFSDCX73QH7RT8VDJ475KBW/en,https://static.shared.propertyfinder.eg/media/images/listing/8B9JFSDCX73QH7RT8VDJ475KBW/e38492bf-82d3-4cb6-976f-5ad23cf99b03/1312x894.jpg,See the details of this Townhouse for Sale in Cairo Festival City.,29250000
69576197,4BR Twin House for Sale in New Cairo City,https://www.propertyfinder.eg/to/MGV10SKQ7Z7PQ6H4952S9T6RWW/en,https://static.shared.propertyfinder.eg/media/images/listing/MGV10SKQ7Z7PQ6H4952S9T6RWW/409ff998-8e67-4fa4-88cf-92a74eae5ade/1312x894.jpg,See the details of this Twin House for Sale in Cairo Festival City.,42250000
69576191,3BR Apartment for Sale in New Cairo City,https://www.propertyfinder.eg/to/A4PG5VXSNNTN1G7WTJCJWDRPZ4/en,https://static.shared.propertyfinder.eg/media/images/listing/A4PG5VXSNNTN1G7WTJCJWDRPZ4/9c98c440-fbd4-419f-89c8-b976922b0977/1312x894.jpg,See the details of this Apartment for Sale in Cairo Festival City.,29550000
69576182,3BR Apartment for Sale in New Cairo City,https://www.propertyfinder.eg/to/38VNS4CS47P97V3F1E2ZRFCNZ0/en,https://static.shared.propertyfinder.eg/media/images/listing/38VNS4CS47P97V3F1E2ZRFCNZ0/523ea62b-a2b7-480e-8566-264305034de2/1312x894.jpg,See the details of this Apartment for Sale in Cairo Festival City.,19207500
69575042,3BR Apartment for Sale in Hay Sharq,https://www.propertyfinder.eg/to/2BDZNTSWT328SY4DGHYFC2W448/en,https://static.shared.propertyfinder.eg/media/images/listing/2BDZNTSWT328SY4DGHYFC2W448/8b0e661e-1691-498e-b8f1-427f3fc33fac/1312x894.jpg,See the details of this Apartment for Sale in Abo Qir St..,6800000
69572029,3BR Apartment for Sale in Al Ain Al Sokhna,https://www.propertyfinder.eg/to/H9DRVX177D1KQR2KQGQ4MHFA4R/en,https://static.shared.propertyfinder.eg/media/images/listing/H9DRVX177D1KQR2KQGQ4MHFA4R/b75697f7-d615-41d4-9767-d84e1bda8fbd/1312x894.jpg,See the details of this Apartment for Sale in La Vista Topaz.,1200000
69571646,3BR Apartment for Sale in New Cairo City,https://www.propertyfinder.eg/to/3SN24V89JQNNFWXES1RY05JTWM/en,https://static.shared.propertyfinder.eg/media/images/listing/3SN24V89JQNNFWXES1RY05JTWM/aee9491a-ab54-4636-8aad-7f25bf4ce217/1312x894.jpg,See the details of this Apartment for Sale in El Patio Oro.,8300000
69571624,2BR Chalet for Sale in Al Alamein,https://www.propertyfinder.eg/to/NY143PJ73NXVCHQ7V8SHPT1YFC/en,https://static.shared.propertyfinder.eg/media/images/listing/NY143PJ73NXVCHQ7V8SHPT1YFC/f3d0afe0-c181-4aca-b777-5df52a3c0b27/1312x894.jpg,See the details of this Chalet for Sale in Mazarine.,5700000
69571615,3BR Townhouse for Sale in New Heliopolis,https://www.propertyfinder.eg/to/8DSBYWX459B67A55E0FQYSA1BR/en,https://static.shared.propertyfinder.eg/media/images/listing/8DSBYWX459B67A55E0FQYSA1BR/4c071287-7027-4f73-94bc-50d20652c12e/1312x894.jpg,See the details of this Townhouse for Sale in Sodic East.,11000000
69568738,3BR Apartment for Sale in New Capital City,https://www.propertyfinder.eg/to/J5WQRNCRQP5VPKP8M2K2BPS2JW/en,https://static.shared.propertyfinder.eg/media/images/listing/J5WQRNCRQP5VPKP8M2K2BPS2JW/cb79e329-9d2c-4caf-b331-f8830d529638/1312x894.jpg,See the details of this Apartment for Sale in The Islands.,6800000
69567868,3BR Apartment for Sale in New Heliopolis,https://www.propertyfinder.eg/to/XX01QDWTQ13KRWS9P7EDZ86RXW/en,https://static.shared.propertyfinder.eg/media/images/listing/XX01QDWTQ13KRWS9P7EDZ86RXW/0d492e32-ac27-4373-8e48-a4fbe9cd5a91/1312x894.jpg,See the details of this Apartment for Sale in Sodic East.,206100
69567129,2BR Apartment for Sale in New Cairo City,https://www.propertyfinder.eg/to/3M99KPECX8XP53T1VAE0GAGD84/en,https://static.shared.propertyfinder.eg/media/images/listing/3M99KPECX8XP53T1VAE0GAGD84/bfe7dcf0-dfd0-4907-b116-796bd2639848/1312x894.jpg,See the details of this Apartment for Sale in Lake View Residence.,10000000
69562678,3BR Apartment for Sale in New Cairo City,https://www.propertyfinder.eg/to/X529PABR3M951XVXKRSHRC7YVC/en,https://static.shared.propertyfinder.eg/media/images/listing/X529PABR3M951XVXKRSHRC7YVC/4101cf22-3124-41c3-bae3-6e2b015a1b76/1312x894.jpg,See the details of this Apartment for Sale in Mountain View iCity.,8700000
69315196,1BR Apartment for Sale in Al Alamein,https://www.propertyfinder.eg/to/9XBBG5YX92FJR2NV2MHWBQFYTM/en,https://static.shared.propertyfinder.eg/media/images/listing/9XBBG5YX92FJR2NV2MHWBQFYTM/192b622c-0707-40ed-9d3e-55282da02527/1312x894.jpg,See the details of this Apartment for Sale in Marina 7.,1300000
69312037,2BR Chalet for Sale in Al Alamein,https://www.propertyfinder.eg/to/1C5XEJ0QW2V5G362D9PKRJCZ30/en,https://static.shared.propertyfinder.eg/media/images/listing/1C5XEJ0QW2V5G362D9PKRJCZ30/049d52a2-5db3-4d67-bfe8-9ac962748978/1312x894.jpg,See the details of this Chalet for Sale in Marina 3.,3800000
69304202,3BR Apartment for Sale in El Nozha,https://www.propertyfinder.eg/to/68G6SY5JH2BFGHB8ZQN84F740C/en,https://static.shared.propertyfinder.eg/media/images/listing/68G6SY5JH2BFGHB8ZQN84F740C/f685d611-5740-4a5a-a9b2-54219d375036/1312x894.jpg,See the details of this Apartment for Sale in Aljar Sheraton.,7500000
68801282,4BR Chalet for Sale in Al Alamein,https://www.propertyfinder.eg/to/MJKNAWKYYN8JZ3504Z0QKFPC5R/en,https://static.shared.propertyfinder.eg/media/images/listing/MJKNAWKYYN8JZ3504Z0QKFPC5R/2944d07d-95b3-418a-a8b5-4f1ec47bf5cb/1312x894.jpg,See the details of this Chalet for Sale in Marina 8.,15600000
68797613,3BR Apartment for Sale in New Cairo City,https://www.propertyfinder.eg/to/FKMZJZSJ9Y6JPA9VNFJFS8ZVQR/en,https://static.shared.propertyfinder.eg/media/images/listing/FKMZJZSJ9Y6JPA9VNFJFS8ZVQR/eb25db58-1ed2-45c7-8717-6fc7ff340f96/1312x894.jpg,See the details of this Apartment for Sale in Mountain View iCity.,9000000
68796692,3BR Apartment for Sale in 6 October City,https://www.propertyfinder.eg/to/9HZ31T5YMYYCG5NSM13S632B78/en,https://static.shared.propertyfinder.eg/media/images/listing/9HZ31T5YMYYCG5NSM13S632B78/b212dd8a-d278-44e3-86a4-432ccf6764af/1312x894.jpg,See the details of this Apartment for Sale in Sun Capital.,5550000
68795827,3BR Apartment for Sale in New Cairo City,https://www.propertyfinder.eg/to/2Z6HGWNFMYH3VWDKFPAWJE8FRW/en,https://static.shared.propertyfinder.eg/media/images/listing/2Z6HGWNFMYH3VWDKFPAWJE8FRW/081b4834-acdf-4373-8a8c-61ad00b60e98/1312x894.jpg,See the details of this Apartment for Sale in Mountain View iCity.,8619000
68794164,3BR Apartment for Sale in 6 October City,https://www.propertyfinder.eg/to/WCBQXBGDVEP42ZG2MW0Z4ED8SR/en,https://static.shared.propertyfinder.eg/media/images/listing/WCBQXBGDVEP42ZG2MW0Z4ED8SR/f808de7c-dadf-46af-9c2c-cbddb12c3c3f/1312x894.jpg,See the details of this Apartment for Sale in O West.,6400000
68793418,3BR Apartment for Sale in New Cairo City,https://www.propertyfinder.eg/to/HVYQHHNC65WBBG7E9J08CTCHDG/en,https://static.shared.propertyfinder.eg/media/images/listing/HVYQHHNC65WBBG7E9J08CTCHDG/799f8eb6-167c-4716-a883-094eaf6c9a24/1312x894.jpg,See the details of this Apartment for Sale in The Address East.,9500000
68789735,2BR Chalet for Sale in Ras Al Hekma,https://www.propertyfinder.eg/to/D8PCENTDWVQSRDP1C8JCYE74QC/en,https://static.shared.propertyfinder.eg/media/images/listing/D8PCENTDWVQSRDP1C8JCYE74QC/43e3d980-b3cb-44e5-896c-e35eec02ef89/1312x894.jpg,See the details of this Chalet for Sale in Youd.,7000000
68788246,3BR Chalet for Sale in Qesm Ad Dabaah,https://www.propertyfinder.eg/to/R3FMTNVS2GP3SEGTESN8B6XEMG/en,https://static.shared.propertyfinder.eg/media/images/listing/R3FMTNVS2GP3SEGTESN8B6XEMG/588b4d04-9459-4ba0-8c98-a8ecc79e69a9/1312x894.jpg,See the details of this Chalet for Sale in Hacienda Waters.,14650000
68785129,3BR Chalet for Sale in Qesm Marsa Matrouh,https://www.propertyfinder.eg/to/CXEFV8Z139N7AYZCDD7X3RGMC4/en,https://static.shared.propertyfinder.eg/media/images/listing/CXEFV8Z139N7AYZCDD7X3RGMC4/0ab2f4e3-9678-45e5-8a4e-0ed3d833c812/1312x894.jpg,See the details of this Chalet for Sale in Fouka Bay.,16500000
68784710,3BR Chalet for Sale in Qesm Marsa Matrouh,https://www.propertyfinder.eg/to/D3AHC8M1WRBQBXBFTB9JTCB5YW/en,https://static.shared.propertyfinder.eg/media/images/listing/D3AHC8M1WRBQBXBFTB9JTCB5YW/39cdb3c7-29c4-4f14-84ae-04989251623d/1312x894.jpg,See the details of this Chalet for Sale in Silver Sands.,23318614
68784082,2BR Apartment for Sale in Mostakbal City - Future City,https://www.propertyfinder.eg/to/JAYM4RYQYSS2XXDVSRPC5ETRPR/en,https://static.shared.propertyfinder.eg/media/images/listing/JAYM4RYQYSS2XXDVSRPC5ETRPR/a4ba8082-2ad1-411c-a4a4-f89e5e64aa42/1312x894.jpg,See the details of this Apartment for Sale in HAP Town.,4612000
68783281,Shop for Sale in Sheikh Zayed City,https://www.propertyfinder.eg/to/ACY3ZMJBQ5Z5B6FYZGCXJ6HY88/en,https://static.shared.propertyfinder.eg/media/images/listing/ACY3ZMJBQ5Z5B6FYZGCXJ6HY88/b881f766-7247-4ef1-92d7-50f40868294a/1312x894.jpg,See the details of this Shop for Sale in The Gate Plaza Mall.,7500000
68539355,4BR Villa for Sale in New Cairo City,https://www.propertyfinder.eg/to/1H0FPHEYGDECW4GD66CGHN0G9R/en,https://static.shared.propertyfinder.eg/media/images/listing/1H0FPHEYGDECW4GD66CGHN0G9R/4d59581d-67e0-487c-a53c-55e818d6810a/1312x894.jpg,See the details of this Villa for Sale in Mivida.,58000000
68539351,4BR Villa for Sale in New Cairo City,https://www.propertyfinder.eg/to/24GRMXQ3ASQ2EGF78MB31G2W8G/en,https://static.shared.propertyfinder.eg/media/images/listing/24GRMXQ3ASQ2EGF78MB31G2W8G/7952971f-fb17-47ce-b97c-41dca4e0f2dc/1312x894.jpg,See the details of this Villa for Sale in Mivida.,53000000
68539345,3BR Townhouse for Sale in New Cairo City,https://www.propertyfinder.eg/to/VYFA9KG6F235NP49EQN3NT3RTM/en,https://static.shared.propertyfinder.eg/media/images/listing/VYFA9KG6F235NP49EQN3NT3RTM/e47e9387-3ca7-4f4c-adc3-977cf5b8bae8/1312x894.jpg,See the details of this Townhouse for Sale in Mivida.,38000000
68535772,3BR Apartment for Sale in 6 October City,https://www.propertyfinder.eg/to/E4VA530ZTNHGYW4HD40MFBD6T4/en,https://static.shared.propertyfinder.eg/media/images/listing/E4VA530ZTNHGYW4HD40MFBD6T4/6b525641-d87d-410d-8cce-5a6c8927d683/1312x894.jpg,See the details of this Apartment for Sale in Pyramids Heights.,3300000
68533353,3BR Apartment for Sale in New Cairo City,https://www.propertyfinder.eg/to/8QABF7X20EH0SNV9MQX5479ZCM/en,https://static.shared.propertyfinder.eg/media/images/listing/8QABF7X20EH0SNV9MQX5479ZCM/31a367e2-78d7-4065-ba3a-03917d2b5479/1312x894.jpg,See the details of this Apartment for Sale in Garden Residence.,5727650
68533295,2BR Apartment for Sale in New Capital City,https://www.propertyfinder.eg/to/AE3BZZBZEGGFMPTKGJE86HVDE8/en,https://static.shared.propertyfinder.eg/media/images/listing/AE3BZZBZEGGFMPTKGJE86HVDE8/a7c990a0-9de1-42bd-8991-61d2b111177a/1312x894.jpg,See the details of this Apartment for Sale in De Joya.,2600000
68523576,3BR Twin House for Sale in 6 October City,https://www.propertyfinder.eg/to/98ZAXD21CJXNNP17262Z3EZ5B4/en,https://static.shared.propertyfinder.eg/media/images/listing/98ZAXD21CJXNNP17262Z3EZ5B4/badf750d-fd36-468b-bfa8-f110a0b8793d/1312x894.jpg,See the details of this Twin House for Sale in O West.,17500000
68520435,3BR Apartment for Sale in New Cairo City,https://www.propertyfinder.eg/to/TE81MZ81C2C5MHRJ9BV1E5G5KR/en,https://static.shared.propertyfinder.eg/media/images/listing/TE81MZ81C2C5MHRJ9BV1E5G5KR/8c96403a-3734-4035-9812-8a8952313e03/1312x894.jpg,See the details of this Apartment for Sale in Mountain View Hyde Park.,9250000
68269012,2BR Apartment for Sale in New Cairo City,https://www.propertyfinder.eg/to/8F0N5FDCY0S454JK3JW942GJYG/en,https://static.shared.propertyfinder.eg/media/images/listing/8F0N5FDCY0S454JK3JW942GJYG/a89a2b00-e0d1-4c42-8981-31153789b31e/1312x894.jpg,See the details of this Apartment for Sale in 90 Avenue.,10500000
68267878,3BR Apartment for Sale in New Cairo City,https://www.propertyfinder.eg/to/PCY8HZR5DCHQ2FM4S3XJ11S700/en,https://static.shared.propertyfinder.eg/media/images/listing/PCY8HZR5DCHQ2FM4S3XJ11S700/732fe202-426b-4c7a-8047-4adbc4e04ff2/1312x894.jpg,See the details of this Apartment for Sale in TRIO.,6500000
68267256,4BR Villa for Sale in Hay Sharq,https://www.propertyfinder.eg/to/1R5AEMDWTARQKZN2CCVFGGX49G/en,https://static.shared.propertyfinder.eg/media/images/listing/1R5AEMDWTARQKZN2CCVFGGX49G/5c18a20c-775e-43ad-a294-044677c94213/1312x894.jpg,See the details of this Villa for Sale in Sky line.,14000000
68267241,3BR Apartment for Sale in New Cairo City,https://www.propertyfinder.eg/to/AX25T72GNBKYZ8794050M1QTD4/en,https://static.shared.propertyfinder.eg/media/images/listing/AX25T72GNBKYZ8794050M1QTD4/f04adf33-beac-4663-909b-3a33761489bc/1312x894.jpg,See the details of this Apartment for Sale in Mountain View iCity.,7600000
68260585,4BR Duplex for Sale in New Cairo City,https://www.propertyfinder.eg/to/MXMV6XKVA2KWQGJ3SEEX2TMK9R/en,https://static.shared.propertyfinder.eg/media/images/listing/MXMV6XKVA2KWQGJ3SEEX2TMK9R/2ffe00a2-8c99-4441-ad8f-35ad582417b2/1312x894.jpg,See the details of this Duplex for Sale in TRIO.,13000000
67998375,Office for Sale in Hay Sharq,https://www.propertyfinder.eg/to/JJF37T6NERH5Y93JJ2C7FQMGZ8/en,https://static.shared.propertyfinder.eg/media/images/listing/JJF37T6NERH5Y93JJ2C7FQMGZ8/655b8ae0-78b0-416b-b0a3-21723a66c49b/1312x894.jpg,See the details of this Office for Sale in Al Fath St..,2600000
67997637,3BR Apartment for Sale in New Cairo City,https://www.propertyfinder.eg/to/C2TX8NSHG75JYQXPB07A6R6K9C/en,https://static.shared.propertyfinder.eg/media/images/listing/C2TX8NSHG75JYQXPB07A6R6K9C/f9248c6d-5d23-49cf-b362-e9dacfb99f12/1312x894.jpg,See the details of this Apartment for Sale in The Icon Residence.,4150000
67997622,4BR Twin House for Sale in New Heliopolis,https://www.propertyfinder.eg/to/R91PSJ5Y3S4BDRRAP32G5BS5FM/en,https://static.shared.propertyfinder.eg/media/images/listing/R91PSJ5Y3S4BDRRAP32G5BS5FM/b2a8dc63-dac3-44e2-a6a3-03960dbea055/1312x894.jpg,See the details of this Twin House for Sale in Sodic East.,11875000
67997393,2BR Chalet for Sale in Ras Al Hekma,https://www.propertyfinder.eg/to/GFMP26V6SPXTPRC58SBTJTA9C4/en,https://static.shared.propertyfinder.eg/media/images/listing/GFMP26V6SPXTPRC58SBTJTA9C4/97c60ec7-db74-4294-9a64-eb78fadea545/1312x894.jpg,See the details of this Chalet for Sale in Hacienda West.,10140000
67995182,1BR Chalet for Sale in Al Ain Al Sokhna,https://www.propertyfinder.eg/to/PSXN7DZ0R0MT07MKFV84YJE0TM/en,https://static.shared.propertyfinder.eg/media/images/listing/PSXN7DZ0R0MT07MKFV84YJE0TM/7d525309-9915-4818-9324-77b240552788/1312x894.jpg,See the details of this Chalet for Sale in Telal Al Sokhna.,600000
67739760,3BR Chalet for Sale in Ras Al Hekma,https://www.propertyfinder.eg/to/T2NEDEQPWXEEPT3FX35ZTRPE3G/en,https://static.shared.propertyfinder.eg/media/images/listing/T2NEDEQPWXEEPT3FX35ZTRPE3G/e70d11bf-21cf-41a3-bae1-48ad51409b7c/1312x894.jpg,See the details of this Chalet for Sale in Hacienda West.,13530600
67223089,3BR Apartment for Sale in Zamalek,https://www.propertyfinder.eg/to/70H1PZGVV53TZ3CZGPP9MKVG00/en,https://static.shared.propertyfinder.eg/media/images/listing/70H1PZGVV53TZ3CZGPP9MKVG00/ac0fd528-e7c6-4022-a028-5a5bd56daded/1312x894.jpg,See the details of this Apartment for Sale in Abou Al Feda St..,20000000
67219961,3BR Apartment for Sale in New Cairo City,https://www.propertyfinder.eg/to/Y3CBGC7GGC64BTXBTARGX45ST8/en,https://static.shared.propertyfinder.eg/media/images/listing/Y3CBGC7GGC64BTXBTARGX45ST8/705c1689-a1b3-4d20-a00c-58e3362bdb83/1312x894.jpg,See the details of this Apartment for Sale in JAYD Residence.,550000
66966981,2BR Apartment for Sale in Sheikh Zayed City,https://www.propertyfinder.eg/to/8ZTYZ4C12ZM7GB8CAGJJ9MENE0/en,https://static.shared.propertyfinder.eg/media/images/listing/8ZTYZ4C12ZM7GB8CAGJJ9MENE0/ceb208d1-742f-4e76-b913-d01094c7496a/1312x894.jpg,See the details of this Apartment for Sale in Green Revolution.,3675000
66965950,5BR Villa for Sale in Alexandria Compounds,https://www.propertyfinder.eg/to/ZA8MSYMDZEHFWBA4Y6GM6KSPCG/en,https://static.shared.propertyfinder.eg/media/images/listing/ZA8MSYMDZEHFWBA4Y6GM6KSPCG/b7d01570-1cd8-44d3-abce-0618a95b4c58/1312x894.jpg,See the details of this Villa for Sale in Palm Hills.,28000000
66965310,3BR Penthouse for Sale in New Cairo City,https://www.propertyfinder.eg/to/WW6HK7EXJ1T82QT42SB8P67QF8/en,https://static.shared.propertyfinder.eg/media/images/listing/WW6HK7EXJ1T82QT42SB8P67QF8/72fdb58f-bcd4-42da-9e77-5143fbb8de83/1312x894.jpg,See the details of this Penthouse for Sale in District 5.,22000000
66963888,6BR Villa for Sale in Alexandria Compounds,https://www.propertyfinder.eg/to/WB4DENVQZWB7SPYA1ST50J6PR8/en,https://static.shared.propertyfinder.eg/media/images/listing/WB4DENVQZWB7SPYA1ST50J6PR8/ec95da65-5e8d-4398-b389-010145e42b36/1312x894.jpg,See the details of this Villa for Sale in Palm Hills.,22500000
66963321,3BR Apartment for Sale in Sheikh Zayed City,https://www.propertyfinder.eg/to/BR4HRXZW6KVDTSM4H2W939XF08/en,https://static.shared.propertyfinder.eg/media/images/listing/BR4HRXZW6KVDTSM4H2W939XF08/5857cc0e-6fbb-4eb9-b1e1-e79d4a7436c0/1312x894.jpg,See the details of this Apartment for Sale in Green Revolution.,5215000
66962067,2BR Chalet for Sale in Ras Al Hekma,https://www.propertyfinder.eg/to/ZAW3BG7AY5AQW2MHX3EQNQTQ20/en,https://static.shared.propertyfinder.eg/media/images/listing/ZAW3BG7AY5AQW2MHX3EQNQTQ20/a81e5976-f4ad-4413-a835-dd73c9ea0840/1312x894.jpg,See the details of this Chalet for Sale in Solare.,9000000
66962017,3BR Chalet for Sale in Qesm Ad Dabaah,https://www.propertyfinder.eg/to/NK4GVWQ7P1N8363M6H4A8B9DXW/en,https://static.shared.propertyfinder.eg/media/images/listing/NK4GVWQ7P1N8363M6H4A8B9DXW/7bae4d5f-07e7-4ae4-ad28-6fae87949f0f/1312x894.jpg,See the details of this Chalet for Sale in Hacienda Waters.,11800000
66961998,3BR Chalet for Sale in Ras Al Hekma,https://www.propertyfinder.eg/to/YNRXVPPZ9J656PAEJTR218X6G4/en,https://static.shared.propertyfinder.eg/media/images/listing/YNRXVPPZ9J656PAEJTR218X6G4/2917e089-5635-44ae-9020-1a5630fd4e2a/1312x894.jpg,See the details of this Chalet for Sale in La vista Ras El Hikma.,15800000
66961881,2BR Chalet for Sale in Ras Al Hekma,https://www.propertyfinder.eg/to/WRTDB1Z29V3HBS0H1174E7VYA8/en,https://static.shared.propertyfinder.eg/media/images/listing/WRTDB1Z29V3HBS0H1174E7VYA8/870f26b6-4ed2-4125-9322-58973444a41a/1312x894.jpg,See the details of this Chalet for Sale in La vista Ras El Hikma.,12500000
66961542,2BR Chalet for Sale in Ras Al Hekma,https://www.propertyfinder.eg/to/TWCMF0GX1KK3PPXH4282ZJ2GAR/en,https://static.shared.propertyfinder.eg/media/images/listing/TWCMF0GX1KK3PPXH4282ZJ2GAR/a732ce5c-375a-4df7-a1b5-a06e69b1781e/1312x894.jpg,See the details of this Chalet for Sale in Direction White.,12900000
66953292,3BR Apartment for Sale in Hay El Maadi,https://www.propertyfinder.eg/to/WS6T9K2C96768JS49K084Y5SP8/en,https://static.shared.propertyfinder.eg/media/images/listing/WS6T9K2C96768JS49K084Y5SP8/d7b7642b-3d00-45e7-8ad5-33d0448097f4/1312x894.jpg,See the details of this Apartment for Sale in Cornish El Nile St..,21000000
66950394,3BR Townhouse for Sale in Qesm Marsa Matrouh,https://www.propertyfinder.eg/to/N8ME6752A55M8H0HQGPE3ZR4N8/en,https://static.shared.propertyfinder.eg/media/images/listing/N8ME6752A55M8H0HQGPE3ZR4N8/6c38430c-5e87-473d-b5b2-2b22b2f9552b/1312x894.jpg,See the details of this Townhouse for Sale in Fouka Bay.,17000000
66433545,2BR Penthouse for Sale in New Cairo City,https://www.propertyfinder.eg/to/XF2Z8N6BHEZSAHN10YBM7CEPZW/en,https://static.shared.propertyfinder.eg/media/images/listing/XF2Z8N6BHEZSAHN10YBM7CEPZW/cbeba2b7-794a-4f55-ac20-7e0b94f838bb/1312x894.jpg,See the details of this Penthouse for Sale in Galleria Moon Valley.,10000000
66431620,3BR Chalet for Sale in Al Ain Al Sokhna,https://www.propertyfinder.eg/to/Y46QQ1F3EDB89NGJN88ZQQFESW/en,https://static.shared.propertyfinder.eg/media/images/listing/Y46QQ1F3EDB89NGJN88ZQQFESW/46fbb5e9-9cba-4e01-8ac3-879528a7c5b0/1312x894.jpg,See the details of this Chalet for Sale in Blue Blue.,7116000
66429517,3BR Apartment for Sale in Sheikh Zayed City,https://www.propertyfinder.eg/to/8GCPQ43BNMX8NHSX3QA9ENZKG8/en,https://static.shared.propertyfinder.eg/media/images/listing/8GCPQ43BNMX8NHSX3QA9ENZKG8/ffb19933-4ccd-4036-bfb3-f8ef94a542f5/1312x894.jpg,See the details of this Apartment for Sale in Green Revolution.,5215000
66429510,1BR Apartment for Sale in Sheikh Zayed City,https://www.propertyfinder.eg/to/0T18GZTJ7RG0ZT6MCAK8NB3JX0/en,https://static.shared.propertyfinder.eg/media/images/listing/0T18GZTJ7RG0ZT6MCAK8NB3JX0/f42b5757-88d3-4f02-b045-0a2a4746002d/1312x894.jpg,See the details of this Apartment for Sale in Green Revolution.,1820000
66426555,3BR Apartment for Sale in New Cairo City,https://www.propertyfinder.eg/to/A8BWDPZ1P4XEKC35QMG0X0M90R/en,https://static.shared.propertyfinder.eg/media/images/listing/A8BWDPZ1P4XEKC35QMG0X0M90R/9d70e582-3efc-412d-90ad-98900f2b8962/1312x894.jpg,See the details of this Apartment for Sale in The Icon Residence.,4050000
66425303,2BR Apartment for Sale in New Heliopolis,https://www.propertyfinder.eg/to/57AF3G3XYTPNWTVHE1D7ZA7DRW/en,https://static.shared.propertyfinder.eg/media/images/listing/57AF3G3XYTPNWTVHE1D7ZA7DRW/3ad4f9fb-c9d3-4803-a378-1e7e00a5e526/1312x894.jpg,See the details of this Apartment for Sale in Talala.,1060000
65921765,Villa for Sale in Borg El Arab City,https://www.propertyfinder.eg/to/4KM3S1E6KXHAHT7N2YXMX4KKVG/en,https://static.shared.propertyfinder.eg/media/images/listing/4KM3S1E6KXHAHT7N2YXMX4KKVG/804111f6-23e6-48b3-a62d-61650cd598e7/1312x894.jpg,See the details of this Villa for Sale in Malaz.,19400000
65912914,3BR Apartment for Sale in Alexandria Compounds,https://www.propertyfinder.eg/to/WV6MGXDXB2KK49M8CEW6FCGZV0/en,https://static.shared.propertyfinder.eg/media/images/listing/WV6MGXDXB2KK49M8CEW6FCGZV0/7ed07200-ec94-4cf3-87ce-c6bb846b5b61/1312x894.jpg,See the details of this Apartment for Sale in Vee Sawari.,11100000
65663376,2BR Chalet for Sale in Hurghada,https://www.propertyfinder.eg/to/A7W6MYNNYMFYX1DNVN1P7VF19G/en,https://static.shared.propertyfinder.eg/media/images/listing/A7W6MYNNYMFYX1DNVN1P7VF19G/4767769c-2daf-4fe5-ab27-7f0d5c185a59/1312x894.jpg,See the details of this Chalet for Sale in Abu Tig Marina.,1270000
65659716,5BR Villa for Sale in New Cairo City,https://www.propertyfinder.eg/to/PP78J42ANZPNZ2FRKGA76PYGVM/en,https://static.shared.propertyfinder.eg/media/images/listing/PP78J42ANZPNZ2FRKGA76PYGVM/475c42ea-6d30-40da-8933-7a4073b05d9c/1312x894.jpg,See the details of this Villa for Sale in The brooks.,700000
65163816,5BR Apartment for Sale in New Cairo City,https://www.propertyfinder.eg/to/A5C0K49YQQ4CEBNPAWNMJCH8T8/en,https://static.shared.propertyfinder.eg/media/images/listing/A5C0K49YQQ4CEBNPAWNMJCH8T8/e4c37175-9b6e-4e9b-a2ca-1a3b2c7aeb47/1312x894.jpg,See the details of this Apartment for Sale in Palm Hills New Cairo.,12500000
65158276,3BR Apartment for Sale in New Cairo City,https://www.propertyfinder.eg/to/G11FR2K4SK1788562AA0KZMND4/en,https://static.shared.propertyfinder.eg/media/images/listing/G11FR2K4SK1788562AA0KZMND4/0446bd3f-d6ce-4f4f-8ae1-f8861952ef89/1312x894.jpg,See the details of this Apartment for Sale in Taj City.,13500000
64894952,Clinic for Sale in New Cairo City,https://www.propertyfinder.eg/to/1PT5QG2CHTPS3S6RTY6FB957Z0/en,https://static.shared.propertyfinder.eg/media/images/listing/1PT5QG2CHTPS3S6RTY6FB957Z0/21f1dff6-8f68-4ef4-8f30-9b43996cefab/1312x894.jpg,See the details of this Clinic for Sale in ELEGANTRY.,4950000
64636687,2BR Townhouse for Sale in Hurghada,https://www.propertyfinder.eg/to/T9DD37GV8BETZCP74WN9THRQ7R/en,https://static.shared.propertyfinder.eg/media/images/listing/T9DD37GV8BETZCP74WN9THRQ7R/55e2cb77-72fc-4d7c-b20a-ec34b78802e0/1312x894.jpg,See the details of this Townhouse for Sale in Wadi Soma.,70000000
64636664,Office for Sale in New Cairo City,https://www.propertyfinder.eg/to/4B2V15NGAVTZ1SDTZKSBH0YY6C/en,https://static.shared.propertyfinder.eg/media/images/listing/4B2V15NGAVTZ1SDTZKSBH0YY6C/6d992cdb-31e7-4757-8129-892f1a620f3f/1312x894.jpg,See the details of this Office for Sale in One Ninety Mall.,9468000
64144553,2BR Apartment for Sale in New Heliopolis,https://www.propertyfinder.eg/to/E2GCBB7AB9QNWJZR3E6YHJ47A8/en,https://static.shared.propertyfinder.eg/media/images/listing/E2GCBB7AB9QNWJZR3E6YHJ47A8/2d968a91-e425-4a3c-a2e9-b6cb83890c0d/1312x894.jpg,See the details of this Apartment for Sale in Talala.,360000
64140911,Office for Sale in New Cairo City,https://www.propertyfinder.eg/to/9FXZQ0EPM1KMYT191258HARNF4/en,https://static.shared.propertyfinder.eg/media/images/listing/9FXZQ0EPM1KMYT191258HARNF4/640ddcff-f7c7-475c-9be4-dacde1539e8e/1312x894.jpg,See the details of this Office for Sale in One Ninety Mall.,18171000
63889388,4BR Villa for Sale in New Cairo City,https://www.propertyfinder.eg/to/H6Q252KT8QQTB3R1VFXH7WRQJC/en,https://static.shared.propertyfinder.eg/media/images/listing/H6Q252KT8QQTB3R1VFXH7WRQJC/5043d169-f1f8-4a0c-8744-3b6877ad305a/1312x894.jpg,See the details of this Villa for Sale in Katameya Dunes.,1500000
63883416,2BR Chalet for Sale in Al Ain Al Sokhna,https://www.propertyfinder.eg/to/D96F1H6FMC1M0QGJ9YJFH1E0WR/en,https://static.shared.propertyfinder.eg/media/images/listing/D96F1H6FMC1M0QGJ9YJFH1E0WR/d15fcdc7-0027-4a63-8da2-2b2f65a45efe/1312x894.jpg,See the details of this Chalet for Sale in Azha.,2470000
63635109,3BR Twin House for Sale in Sheikh Zayed City,https://www.propertyfinder.eg/to/PQ8RCJ3BB7T7K8ZDZ4XDPJBPR0/en,https://static.shared.propertyfinder.eg/media/images/listing/PQ8RCJ3BB7T7K8ZDZ4XDPJBPR0/2e0b5f80-d95d-455c-865d-1b97be209dee/1312x894.jpg,See the details of this Twin House for Sale in V Levels.,13558600
63147236,4BR Apartment for Sale in New Cairo City,https://www.propertyfinder.eg/to/5XEETKGTR9CVC2C6P1GV8B88XW/en,https://static.shared.propertyfinder.eg/media/images/listing/5XEETKGTR9CVC2C6P1GV8B88XW/296e9915-ab7d-48f4-854c-dfda0df052df/1312x894.jpg,See the details of this Apartment for Sale in District 5.,2700000
63145986,4BR Apartment for Sale in Alexandria Compounds,https://www.propertyfinder.eg/to/HFJWW47VJRGJKCK5ETYHBBEDNR/en,https://static.shared.propertyfinder.eg/media/images/listing/HFJWW47VJRGJKCK5ETYHBBEDNR/26b3a3cf-e2ba-4fa1-af69-86203cb192ef/1312x894.jpg,See the details of this Apartment for Sale in Alex West.,10850000
63140290,3BR Apartment for Sale in Mostakbal City - Future City,https://www.propertyfinder.eg/to/XXW373N8ARAMHH2VP5PS69AQTM/en,https://static.shared.propertyfinder.eg/media/images/listing/XXW373N8ARAMHH2VP5PS69AQTM/fe008b16-227c-4181-984d-2df484ced07e/1312x894.jpg,See the details of this Apartment for Sale in Esse Residence.,4250000
63136189,5BR Duplex for Sale in Al Alamein,https://www.propertyfinder.eg/to/1J91ZER0HE4GS6TSANV0MBBSR8/en,https://static.shared.propertyfinder.eg/media/images/listing/1J91ZER0HE4GS6TSANV0MBBSR8/c6f43781-b9ae-4e33-9c9a-66aaa9088d4f/1312x894.jpg,See the details of this Duplex for Sale in Marina 8.,15100000
63134620,3BR Apartment for Sale in 6 October City,https://www.propertyfinder.eg/to/R5Y2VNC94GCZWSFXKMG5V9AQ5M/en,https://static.shared.propertyfinder.eg/media/images/listing/R5Y2VNC94GCZWSFXKMG5V9AQ5M/b05018ef-bac8-4a83-a01f-f95cf39c8b45/1312x894.jpg,See the details of this Apartment for Sale in Sun Capital.,4950000
63129663,Office for Sale in New Cairo City,https://www.propertyfinder.eg/to/5SMG4HA6Y89C0WFDWW56DGPCEC/en,https://static.shared.propertyfinder.eg/media/images/listing/5SMG4HA6Y89C0WFDWW56DGPCEC/7f7cdfc8-48b9-4d09-b9be-d4b9b49851ae/1312x894.jpg,See the details of this Office for Sale in City Gate.,90000000
62894492,3BR Duplex for Sale in Ras Al Hekma,https://www.propertyfinder.eg/to/X4BZAKJX5A6FSQHZPMYQ919520/en,https://static.shared.propertyfinder.eg/media/images/listing/X4BZAKJX5A6FSQHZPMYQ919520/6d242e05-9b8f-42ce-bbac-600fe2d00cd2/1312x894.jpg,See the details of this Duplex for Sale in Cali Coast.,8086610
62891863,3BR Apartment for Sale in Alexandria Compounds,https://www.propertyfinder.eg/to/EBS070JEKZH36WNGAK9G8KJ9RR/en,https://static.shared.propertyfinder.eg/media/images/listing/EBS070JEKZH36WNGAK9G8KJ9RR/9174d113-fefb-4976-ad20-26fd336fe99d/1312x894.jpg,See the details of this Apartment for Sale in Vee Sawari.,8316000
62889533,3BR Chalet for Sale in Qesm Marsa Matrouh,https://www.propertyfinder.eg/to/76KMGJWN95KNSBEXEJVNBMSK98/en,https://static.shared.propertyfinder.eg/media/images/listing/76KMGJWN95KNSBEXEJVNBMSK98/6a8e34fd-2532-4b37-946c-9a9be29fa934/1312x894.jpg,See the details of this Chalet for Sale in Silver Sands.,10140000
62889291,3BR Apartment for Sale in New Cairo City,https://www.propertyfinder.eg/to/VATXTEAKNV88T9AHEP42RP5TJC/en,https://static.shared.propertyfinder.eg/media/images/listing/VATXTEAKNV88T9AHEP42RP5TJC/ae589521-71f9-41fc-8cfc-4e28109e0870/1312x894.jpg,See the details of this Apartment for Sale in Stone Residence.,9000000
62889175,3BR Apartment for Sale in New Cairo City,https://www.propertyfinder.eg/to/PQ4B1QTW8BRN5EPEXY8J4EW0N0/en,https://static.shared.propertyfinder.eg/media/images/listing/PQ4B1QTW8BRN5EPEXY8J4EW0N0/535feb16-f9f3-4d4c-b6b2-d859a177c756/1312x894.jpg,See the details of this Apartment for Sale in Galleria Moon Valley.,10000000
62889100,3BR Apartment for Sale in El Nozha,https://www.propertyfinder.eg/to/6TR8FFEB6MB2V45JN2MT0GRRB4/en,https://static.shared.propertyfinder.eg/media/images/listing/6TR8FFEB6MB2V45JN2MT0GRRB4/26d64c6b-5fd7-428d-9070-b142f373e051/1312x894.jpg,See the details of this Apartment for Sale in Stoda.,8400000
6271434,3BR Apartment for Sale in New Cairo City,https://www.propertyfinder.eg/to/01JSYJMB1EY5YANF7AB9K07CDK/en,https://static.shared.propertyfinder.eg/media/images/listing/01JSYJMB1EY5YANF7AB9K07CDK/6bc01e71-942f-46dd-a96d-ea06d45651a7/1312x894.jpg,See the details of this Apartment for Sale in The Icon Residence.,7875000
62647996,1BR Apartment for Sale in New Cairo City,https://www.propertyfinder.eg/to/A7KXZ5CEQPT3XT1AYEV571RSC0/en,https://static.shared.propertyfinder.eg/media/images/listing/A7KXZ5CEQPT3XT1AYEV571RSC0/8ab75bfa-05d6-4af7-914b-502991fd8ef9/1312x894.jpg,See the details of this Apartment for Sale in Modon Golf Town.,5200000
62647391,3BR Penthouse for Sale in Hurghada,https://www.propertyfinder.eg/to/WE273T43GRA1C1CQZYQHN2SAV0/en,https://static.shared.propertyfinder.eg/media/images/listing/WE273T43GRA1C1CQZYQHN2SAV0/21dbd622-0f7c-4534-8ca7-8cbde2a9b8e6/1312x894.jpg,See the details of this Penthouse for Sale in Soma Bay.,13150000
62647298,Office for Sale in New Cairo City,https://www.propertyfinder.eg/to/G8AN3YYDV5K23CT4VNW5KFNY8G/en,https://static.shared.propertyfinder.eg/media/images/listing/G8AN3YYDV5K23CT4VNW5KFNY8G/33a43515-db14-40e5-a017-5bc054f457c3/1312x894.jpg,See the details of this Office for Sale in Hyde Park Business District Mall.,21060000
62646978,6BR Villa for Sale in Sheikh Zayed City,https://www.propertyfinder.eg/to/TFWDYS1K65Z8KRCDQYV9S3H8GG/en,https://static.shared.propertyfinder.eg/media/images/listing/TFWDYS1K65Z8KRCDQYV9S3H8GG/549109bb-0ee6-4ec3-ac38-9cfe9f026982/1312x894.jpg,See the details of this Villa for Sale in Alma.,35000000
62405374,Studio Apartment for Sale in Al Ain Al Sokhna,https://www.propertyfinder.eg/to/WSSVP7WM7H8CKN70YVWZA9RMRG/en,https://static.shared.propertyfinder.eg/media/images/listing/WSSVP7WM7H8CKN70YVWZA9RMRG/911fd01b-a2ca-4cc1-a1c3-45fb8b1051aa/1312x894.jpg,See the details of this Apartment for Sale in Telal Al Sokhna.,480000
62402193,3BR Apartment for Sale in New Cairo City,https://www.propertyfinder.eg/to/71V65KD113AZB6X6B00YCVVC7C/en,https://static.shared.propertyfinder.eg/media/images/listing/71V65KD113AZB6X6B00YCVVC7C/8e9210a3-8d2e-42dc-ad89-117c26a8eba4/1312x894.jpg,See the details of this Apartment for Sale in El Patio Oro.,7200000
61687872,1BR Apartment for Sale in El Nozha,https://www.propertyfinder.eg/to/9NCWB0K08AV4K5V5XGKCCM1NV8/en,https://static.shared.propertyfinder.eg/media/images/listing/9NCWB0K08AV4K5V5XGKCCM1NV8/180931d1-25f7-4e91-8d79-3d6439cf01ae/1312x894.jpg,See the details of this Apartment for Sale in Aljar Sheraton.,5900000
61685429,Studio Apartment for Sale in New Heliopolis,https://www.propertyfinder.eg/to/KV052X44B4PYV6YE2GJSSYV6X0/en,https://static.shared.propertyfinder.eg/media/images/listing/KV052X44B4PYV6YE2GJSSYV6X0/c9f8b8be-0bbe-42df-92f7-db3740d4f0de/1312x894.jpg,See the details of this Apartment for Sale in Talala.,1599000
61684343,3BR Penthouse for Sale in New Cairo City,https://www.propertyfinder.eg/to/V1K4BEQH5CDJNRAKC3CDB4FF44/en,https://static.shared.propertyfinder.eg/media/images/listing/V1K4BEQH5CDJNRAKC3CDB4FF44/034a47ab-df38-48f6-b0fe-c7c7e8f47a25/1312x894.jpg,See the details of this Penthouse for Sale in El Patio Oro.,11000000
61682918,2BR Apartment for Sale in El Nozha,https://www.propertyfinder.eg/to/XGH5YK56JPG0GW9H0QH50XBGHC/en,https://static.shared.propertyfinder.eg/media/images/listing/XGH5YK56JPG0GW9H0QH50XBGHC/b708934a-4177-468d-9a81-06c6901de896/1312x894.jpg,See the details of this Apartment for Sale in Aljar Sheraton.,12200000
60711309,3BR Chalet for Sale in Al Ain Al Sokhna,https://www.propertyfinder.eg/to/69HG81SZQW60BBXQTRGX2WEH2R/en,https://static.shared.propertyfinder.eg/media/images/listing/69HG81SZQW60BBXQTRGX2WEH2R/f4a47112-0293-4fbb-bad3-10060a04aee9/1312x894.jpg,See the details of this Chalet for Sale in La Vista 6.,10500000
60235094,4BR Villa for Sale in New Cairo City,https://www.propertyfinder.eg/to/DTRZAVGBATVW8BXT9FM4JN2FBC/en,https://static.shared.propertyfinder.eg/media/images/listing/DTRZAVGBATVW8BXT9FM4JN2FBC/71b34b97-02e9-4b9f-a349-1e5dce5c8f4a/1312x894.jpg,See the details of this Villa for Sale in Creek Town.,1800000
60234630,3BR Chalet for Sale in Ras Al Hekma,https://www.propertyfinder.eg/to/5SG7EQXYEW576QBEA1H70QSJD8/en,https://static.shared.propertyfinder.eg/media/images/listing/5SG7EQXYEW576QBEA1H70QSJD8/4dd98378-f6e3-486f-9579-893911028caa/1312x894.jpg,See the details of this Chalet for Sale in June.,2400000
60234022,2BR Apartment for Sale in El Nozha,https://www.propertyfinder.eg/to/9P8ZVGHX4X4N0WW64B59D1T590/en,https://static.shared.propertyfinder.eg/media/images/listing/9P8ZVGHX4X4N0WW64B59D1T590/96de39e9-3eb1-41b4-b976-83638929e77d/1312x894.jpg,See the details of this Apartment for Sale in Stoda.,6600000
59992505,2BR Apartment for Sale in New Cairo City,https://www.propertyfinder.eg/to/YV9DY5RJ0KJT78KPJFNQZPY284/en,https://static.shared.propertyfinder.eg/media/images/listing/YV9DY5RJ0KJT78KPJFNQZPY284/42df1689-0ba6-4290-8919-be6949efde00/1312x894.jpg,See the details of this Apartment for Sale in The Icon Residence.,3511000
59487057,3BR Villa for Sale in Al Ain Al Sokhna,https://www.propertyfinder.eg/to/TZJP8EYAPJ2M4XWB1JN9SHMH20/en,https://static.shared.propertyfinder.eg/media/images/listing/TZJP8EYAPJ2M4XWB1JN9SHMH20/f568a942-0933-404f-b8c0-2cd61ccf3d6f/1312x894.jpg,See the details of this Villa for Sale in Telal Al Sokhna.,998000
59237065,2BR Chalet for Sale in Ras Al Hekma,https://www.propertyfinder.eg/to/5ND11E5BZNFZS3V8MP6NMGM3FM/en,https://static.shared.propertyfinder.eg/media/images/listing/5ND11E5BZNFZS3V8MP6NMGM3FM/9d273c6e-2a5e-4fc3-bd6c-c982cdb0f2b6/1312x894.jpg,See the details of this Chalet for Sale in Al Masyaf.,13440000
2QCQBU29OBU,3BR Chalet for Sale in Al Ain Al Sokhna,https://www.propertyfinder.eg/to/DPBDKJMGRHBC3X3NFK3N3K8QRW/en,https://static.shared.propertyfinder.eg/media/images/listing/DPBDKJMGRHBC3X3NFK3N3K8QRW/f2968861-d825-4ff2-958b-e2857a42c66b/1312x894.jpg,See the details of this Chalet for Sale in La Vista 6.,1100000
2Q7MIfz8RF2,3BR Apartment for Sale in New Cairo City,https://www.propertyfinder.eg/to/NT3GVP61XYA7JDGVJFVPC7WXCW/en,https://static.shared.propertyfinder.eg/media/images/listing/NT3GVP61XYA7JDGVJFVPC7WXCW/595a09be-7969-4b54-8040-b6381279ea7d/1312x894.jpg,See the details of this Apartment for Sale in The Icon Residence.,4260000
2Q3WAALnEBM,4BR Penthouse for Sale in New Cairo City,https://www.propertyfinder.eg/to/SWVE9F5ZG6E4HQ4YBVCM1CKME0/en,https://static.shared.propertyfinder.eg/media/images/listing/SWVE9F5ZG6E4HQ4YBVCM1CKME0/b22acc39-3047-48a8-aea4-229b748f1401/1312x894.jpg,See the details of this Penthouse for Sale in The Icon Residence.,6555000
2Ps2kBEMpzU,3BR Apartment for Sale in Shorouk City,https://www.propertyfinder.eg/to/TENPA5S2H1TY011ZZ3KFVPFSE8/en,https://static.shared.propertyfinder.eg/media/images/listing/TENPA5S2H1TY011ZZ3KFVPFSE8/98b85a38-d5cf-41b2-9ca8-994bf5734798/1312x894.jpg,See the details of this Apartment for Sale in Al Burouj Compound.,6200000
2PrzeAZcLpI,3BR Apartment for Sale in Shorouk City,https://www.propertyfinder.eg/to/F5XE6JAZW15ATWMWQZ1RNEKCCW/en,https://static.shared.propertyfinder.eg/media/images/listing/F5XE6JAZW15ATWMWQZ1RNEKCCW/f2258a09-5bd5-4a9a-9464-32032fd44754/1312x894.jpg,See the details of this Apartment for Sale in El Patio Sola.,8800000
2PqAfhmE5AG,3BR Apartment for Sale in Shorouk City,https://www.propertyfinder.eg/to/V3R7NT6H6KRXMCPFJXC44TS35W/en,https://static.shared.propertyfinder.eg/media/images/listing/V3R7NT6H6KRXMCPFJXC44TS35W/78998fc2-9782-45fd-b61f-9323c5ca5d5e/1312x894.jpg,See the details of this Apartment for Sale in Al Burouj Compound.,16800000
2Pobq5FAQs4,4BR Townhouse for Sale in Shorouk City,https://www.propertyfinder.eg/to/4QNKN8NAMFSSQE7TVDPH4DNT98/en,https://static.shared.propertyfinder.eg/media/images/listing/4QNKN8NAMFSSQE7TVDPH4DNT98/106732ad-5d69-4c3f-92ff-477841989efd/1312x894.jpg,See the details of this Townhouse for Sale in Maadi View.,11700000
2PoWXrbGMwi,2BR Apartment for Sale in Shorouk City,https://www.propertyfinder.eg/to/A7A9FKZXAW928BD2KTN8QJ9HYC/en,https://static.shared.propertyfinder.eg/media/images/listing/A7A9FKZXAW928BD2KTN8QJ9HYC/1392b8aa-916a-4ff8-888f-7776f8a42e61/1312x894.jpg,See the details of this Apartment for Sale in Ivy Residence.,6350000
2Plq8fcywa0,4BR Villa for Sale in Mokattam,https://www.propertyfinder.eg/to/AV5P6M3P4C5SKWRJDYE6CXKGD0/en,https://static.shared.propertyfinder.eg/media/images/listing/AV5P6M3P4C5SKWRJDYE6CXKGD0/f1d09dde-af44-4c94-a57e-8f5cff2ccb1c/1312x894.jpg,See the details of this Villa for Sale in Levana.,57000000
2PjU7T9251E,3BR Apartment for Sale in New Cairo City,https://www.propertyfinder.eg/to/Y6K1SWR7R5RXKXVE64NZSN2B60/en,https://static.shared.propertyfinder.eg/media/images/listing/Y6K1SWR7R5RXKXVE64NZSN2B60/9c6b686b-c38d-41f0-838c-45ce8acf2e2a/1312x894.jpg,See the details of this Apartment for Sale in El Patio Vida.,10000000
2PjTlv19dQo,2BR Apartment for Sale in El Nozha,https://www.propertyfinder.eg/to/BKB50W10BVHRS8QA95F3M6CTJR/en,https://static.shared.propertyfinder.eg/media/images/listing/BKB50W10BVHRS8QA95F3M6CTJR/5fe29f9d-5d21-4b73-b03b-0fac8537bd1a/1312x894.jpg,See the details of this Apartment for Sale in Stoda.,6800000
2Pi6qbm1EpM,3BR Apartment for Sale in New Cairo City,https://www.propertyfinder.eg/to/NAAQN7NPVKR7N9M9R1K08EG8XR/en,https://static.shared.propertyfinder.eg/media/images/listing/NAAQN7NPVKR7N9M9R1K08EG8XR/3d5a8b6f-ba80-4e5c-8267-c38589be5d24/1312x894.jpg,See the details of this Apartment for Sale in Taj City.,6050000
2Phtq3mr1AO,3BR Penthouse for Sale in New Cairo City,https://www.propertyfinder.eg/to/WGGHT9DY49KBSQG19K6JRX5Y9C/en,https://static.shared.propertyfinder.eg/media/images/listing/WGGHT9DY49KBSQG19K6JRX5Y9C/b373cd18-abfe-4244-bfc9-212a7ec78097/1312x894.jpg,See the details of this Penthouse for Sale in Galleria Moon Valley.,12000000
2Pd2dvTkFeK,2BR Apartment for Sale in New Cairo City,https://www.propertyfinder.eg/to/BXGRCSDEX75GVR95BECG98C738/en,https://static.shared.propertyfinder.eg/media/images/listing/BXGRCSDEX75GVR95BECG98C738/75f1c173-18d5-4331-a4bb-96de85631f86/1312x894.jpg,See the details of this Apartment for Sale in Mountain View Hyde Park.,8000000
2PWLTF8cHAW,1BR Apartment for Sale in New Cairo City,https://www.propertyfinder.eg/to/54HCV6TTM5CSJBQ0HTEFSQAERC/en,https://static.shared.propertyfinder.eg/media/images/listing/54HCV6TTM5CSJBQ0HTEFSQAERC/d7ec7971-3a79-434b-96be-d386f65fb61b/1312x894.jpg,See the details of this Apartment for Sale in Hyde Park.,6000000
2PUwxLJ7iPg,2BR Apartment for Sale in Alexandria Compounds,https://www.propertyfinder.eg/to/M1MYZFC6NTF7FQTGRQFTN9CVS8/en,https://static.shared.propertyfinder.eg/media/images/listing/M1MYZFC6NTF7FQTGRQFTN9CVS8/e4cb821a-9844-43bc-9a91-dba023a147f6/1312x894.jpg,See the details of this Apartment for Sale in Palm Hills.,11100000
2PUZmh0Bt1U,4BR Townhouse for Sale in 6 October City,https://www.propertyfinder.eg/to/A1Z1TZEXAPVKHDN92WPAX6WV0R/en,https://static.shared.propertyfinder.eg/media/images/listing/A1Z1TZEXAPVKHDN92WPAX6WV0R/8b69f56f-501b-4597-b3bc-aab88b889801/1312x894.jpg,See the details of this Townhouse for Sale in New Giza.,21000000
