Page URL,Custom label
https://www.propertyfinder.eg/to/PTPS2RQ1V001FNH7Z0N8SJCNQR/en,diamond-sale-eg
https://www.propertyfinder.eg/to/JS3RMGJE5SBKWY1VZBXST23YWM/en,diamond-sale-eg
https://www.propertyfinder.eg/to/FPKATJDE3AEFZC04EWD5V7JJHM/en,diamond-sale-eg
https://www.propertyfinder.eg/to/GT5F87RQ4C8R07AA0C1R8845FM/en,diamond-sale-eg
https://www.propertyfinder.eg/to/74C2BMWC75A1VEECYSFSBGBX08/en,diamond-sale-eg
https://www.propertyfinder.eg/to/PK7076M6N4KW7P9BY1GHMZ8WZ8/en,diamond-sale-eg
https://www.propertyfinder.eg/to/S23KE8GKHZQHDEJJ2X2V1J423G/en,diamond-sale-eg
https://www.propertyfinder.eg/to/X3QTW4GZA9CT7SB45CHCW4RXEG/en,diamond-sale-eg
https://www.propertyfinder.eg/to/WCWVVDPR3WE8V6SYHJJF2CA0GR/en,diamond-sale-eg
https://www.propertyfinder.eg/to/VD5STGDB39FQB4Z9NR1A9TCPMM/en,diamond-sale-eg
https://www.propertyfinder.eg/to/8CCRPDMJNHJBCYR5HRH6BC7NVR/en,diamond-sale-eg
https://www.propertyfinder.eg/to/CBMP1S292V6BYQJ0HE1N7FMHKW/en,diamond-sale-eg
https://www.propertyfinder.eg/to/RAZZS6EPAET9Y4DQVTJMP71W2G/en,diamond-sale-eg
https://www.propertyfinder.eg/to/6WAV55M1S4HG58ZVA1SGK45FN8/en,diamond-sale-eg
https://www.propertyfinder.eg/to/NX1MZW15EM1Y4BTHJ92A94HSR0/en,diamond-sale-eg
https://www.propertyfinder.eg/to/ETBK7YKHE791PBM1MTEVMSDYYC/en,diamond-sale-eg
https://www.propertyfinder.eg/to/MJ3P6P6E0BJ8JPV38PS7ZXD5X0/en,diamond-sale-eg
https://www.propertyfinder.eg/to/T3RN648S42EA2HTTFBJN2MVVB0/en,diamond-sale-eg
https://www.propertyfinder.eg/to/EG7341S4119G5RES8ZXXSWH3XG/en,diamond-sale-eg
https://www.propertyfinder.eg/to/D4951NSAVMDZND3Q2S3TK45BJR/en,diamond-sale-eg
https://www.propertyfinder.eg/to/JWVJY2YRK6CA7Z3AHJ12PSVSF0/en,diamond-sale-eg
https://www.propertyfinder.eg/to/C868CT2TZ52NN3FBR3KVFQAYG0/en,diamond-sale-eg
https://www.propertyfinder.eg/to/S2QP0DZMKG3465GZSTMHMK7N8G/en,diamond-sale-eg
https://www.propertyfinder.eg/to/KDCS996V4BMH22G1EFAV3B2798/en,diamond-sale-eg
https://www.propertyfinder.eg/to/5CZ0BYS51MZSW5TNA0GAXK28EW/en,diamond-sale-eg
https://www.propertyfinder.eg/to/R6QRSS946H64H63ZP05YPS47ZC/en,diamond-sale-eg
https://www.propertyfinder.eg/to/1J810D863K3TSEB3P943F3SX1R/en,diamond-sale-eg
https://www.propertyfinder.eg/to/DQBKX3116B3YTS2TCJR8HKDHX0/en,diamond-sale-eg
https://www.propertyfinder.eg/to/VPTJKPKJ9C8XVENKAX5TQ8AYW0/en,diamond-sale-eg
https://www.propertyfinder.eg/to/1T7HZNKCSWDH5W36NX7MGA452C/en,diamond-sale-eg
https://www.propertyfinder.eg/to/6W3V62A0SAW7TR6SV9ZK5728JG/en,diamond-sale-eg
https://www.propertyfinder.eg/to/A1RR922NF5EZ81KVB7QZ9XMAJM/en,diamond-sale-eg
https://www.propertyfinder.eg/to/B8S6WT34ZCF1YQM5H7EDDP8R30/en,diamond-sale-eg
https://www.propertyfinder.eg/to/E2FPX1Y6ZXE5E4NX722B9KTDQ0/en,diamond-sale-eg
https://www.propertyfinder.eg/to/K2HH5KT150S3V8QMNKC5RG4WH0/en,diamond-sale-eg
https://www.propertyfinder.eg/to/36NPVY34TPCSB5YCGRD7B90FMW/en,diamond-sale-eg
https://www.propertyfinder.eg/to/2TMQ26RPJQD0C2559H8PSHJXMW/en,diamond-sale-eg
https://www.propertyfinder.eg/to/503YT1RSTY4RW8DYKMQD9V4FJC/en,diamond-sale-eg
https://www.propertyfinder.eg/to/01KBST841N97K1W4HBHNZZFCF4/en,diamond-sale-eg
https://www.propertyfinder.eg/to/DT59FGZFF6YYV0HNF2TMJNET88/en,diamond-sale-eg
https://www.propertyfinder.eg/to/01KBMMXVSQXAPEP5R81ZHV7TH0/en,diamond-sale-eg
https://www.propertyfinder.eg/to/444S4HWCPPX8EQ9KH6WDAYAQN4/en,diamond-sale-eg
https://www.propertyfinder.eg/to/01KBCG53QENGTCYPV0AN7TER86/en,diamond-sale-eg
https://www.propertyfinder.eg/to/7D75YP6GJKW31V9GE805SFS6N0/en,diamond-sale-eg
https://www.propertyfinder.eg/to/QFYF9EGJ1SP78WTW08J0QQVWTW/en,diamond-sale-eg
https://www.propertyfinder.eg/to/H83T6H96HZBVSVX6BEJPP6X994/en,diamond-sale-eg
https://www.propertyfinder.eg/to/AAEMAWRRHXYJYDEZXE01W87VEG/en,diamond-sale-eg
https://www.propertyfinder.eg/to/ZXX32GRRZ77GR43TVY623G7RYC/en,diamond-sale-eg
https://www.propertyfinder.eg/to/JRH9ESBHP4VFRF5FJRBR1MEMVM/en,diamond-sale-eg
https://www.propertyfinder.eg/to/S7XDNP2T1S8ARRW676X27KVVGR/en,diamond-sale-eg
https://www.propertyfinder.eg/to/Z0GBWHAPM0W03NWJDXSV8K5EPR/en,diamond-sale-eg
https://www.propertyfinder.eg/to/2AH3SGS8CHEK5KJJEP7RK76RJW/en,diamond-sale-eg
https://www.propertyfinder.eg/to/NDJ21ZX22CVWX4DFT7EHECA3X4/en,diamond-sale-eg
https://www.propertyfinder.eg/to/A44Y3F4RBKA1NXJNZG8NKP4SZM/en,diamond-sale-eg
https://www.propertyfinder.eg/to/NS37BRBX2RX00EP08T97073ZJ4/en,diamond-sale-eg
https://www.propertyfinder.eg/to/YZYBE0E2NH1AED55GTPC6TB16G/en,diamond-sale-eg
https://www.propertyfinder.eg/to/TDQYZ62RZ94AE3JR417W21AMWC/en,diamond-sale-eg
https://www.propertyfinder.eg/to/DG4S0DR9YVT7NDCMMHA9F8A580/en,diamond-sale-eg
https://www.propertyfinder.eg/to/VGQKA1BNYYM5TRDVBS48955QB8/en,diamond-sale-eg
https://www.propertyfinder.eg/to/TYHNWH6702E83REYWS3ENVE2G0/en,diamond-sale-eg
https://www.propertyfinder.eg/to/C1SR070RHXVMV28VM6JJWF82M0/en,diamond-sale-eg
https://www.propertyfinder.eg/to/BFDW99B7SBYYJTDG46K42ERPBG/en,diamond-sale-eg
https://www.propertyfinder.eg/to/RJWMG8JJKEAVR59Z69TRT2WWTW/en,diamond-sale-eg
https://www.propertyfinder.eg/to/2REXQWEZ1SD3TPYJ7DV6F8HCVW/en,diamond-sale-eg
https://www.propertyfinder.eg/to/ZCTP697X06XMVB7MKZ2TK0V94W/en,diamond-sale-eg
https://www.propertyfinder.eg/to/7JN6JKR1K4RZ720MKB7H8GRHP0/en,diamond-sale-eg
https://www.propertyfinder.eg/to/MRVJQBXFEXH8BYHPKMWJPZ81Z8/en,diamond-sale-eg
https://www.propertyfinder.eg/to/P618YGWMMT90MX99WE7A5ZZA4W/en,diamond-sale-eg
https://www.propertyfinder.eg/to/RCJBWZQFMYAV2TBA0SCYY77RZ8/en,diamond-sale-eg
https://www.propertyfinder.eg/to/FRB3TR9WP4D5JPXSG7D72F64WC/en,diamond-sale-eg
https://www.propertyfinder.eg/to/BDEXH52RMAXMABKG94T7BYCPK4/en,diamond-sale-eg
https://www.propertyfinder.eg/to/8EP3CRQTQ7HWAAEHE59KB7BXTW/en,diamond-sale-eg
https://www.propertyfinder.eg/to/R8A7BYMWD95ND084BBQ8M0K6QR/en,diamond-sale-eg
https://www.propertyfinder.eg/to/VRD4VCNMVQVY16K1ZG3PQTZBG0/en,diamond-sale-eg
https://www.propertyfinder.eg/to/WS24Z4BA90HA9R4XX060DZ0V3C/en,diamond-sale-eg
https://www.propertyfinder.eg/to/KT93AW2S4P0YN0D6ZCEACAFVY0/en,diamond-sale-eg
https://www.propertyfinder.eg/to/5X3V04JVPHVNJC855KVNPF2BXG/en,diamond-sale-eg
https://www.propertyfinder.eg/to/N3RXB4708JV9EX7KF12GV38XWG/en,diamond-sale-eg
https://www.propertyfinder.eg/to/NE1JHQ7R3YKF7V05JRVX8GPRX4/en,diamond-sale-eg
https://www.propertyfinder.eg/to/WCPNBFFA428X0SSDY7NB641KA4/en,diamond-sale-eg
https://www.propertyfinder.eg/to/HV0MFGB9N5RKP8H463M8WE29TW/en,diamond-sale-eg
https://www.propertyfinder.eg/to/M85JVS2WYQ9RM2EV7QW1E32KM4/en,diamond-sale-eg
https://www.propertyfinder.eg/to/AC3VZNYQ7029BWF4TYX50WJPXG/en,diamond-sale-eg
https://www.propertyfinder.eg/to/WC7A7CQ400C83PDW44XR66V46R/en,diamond-sale-eg
https://www.propertyfinder.eg/to/PRSTNTEZ5R01N1BF6PJ3Y0HT34/en,diamond-sale-eg
https://www.propertyfinder.eg/to/KYGE12YQD6S3THWS5EJE7ZWPDM/en,diamond-sale-eg
https://www.propertyfinder.eg/to/Z4RMZ9ZWVPXAB9ZVHHTC48MTX0/en,diamond-sale-eg
https://www.propertyfinder.eg/to/WKWHN8ND3T5C566ZD4ZZKKPVNC/en,diamond-sale-eg
https://www.propertyfinder.eg/to/8YEE7BFEEY6KJ6XYQFVXVPHATG/en,diamond-sale-eg
https://www.propertyfinder.eg/to/1W0KQ1TVP9CFWEA9611C5AB720/en,diamond-sale-eg
https://www.propertyfinder.eg/to/QMKDA8GQ4JXCZCG3T71MPRNM98/en,diamond-sale-eg
https://www.propertyfinder.eg/to/DJBD2Z2T5DFXE16QT10KBM804M/en,diamond-sale-eg
https://www.propertyfinder.eg/to/KWHP9A5D4JK0XW3TP526XCM10G/en,diamond-sale-eg
https://www.propertyfinder.eg/to/G8MMXZEZ3FMC28T3NJ1WSWT9E8/en,diamond-sale-eg
https://www.propertyfinder.eg/to/VK08YHZ75VN9ZT0P5EFEATCCR8/en,diamond-sale-eg
https://www.propertyfinder.eg/to/3K4THYJ0AQ6ZE805HHJTE2J0FW/en,diamond-sale-eg
https://www.propertyfinder.eg/to/XHF7TW28D3SWZYHXX5D5N88HPC/en,diamond-sale-eg
https://www.propertyfinder.eg/to/8HPS4TKSDVN9TM9VBZCVTJJX7R/en,diamond-sale-eg
https://www.propertyfinder.eg/to/NM706ZB3T2XBDN1GVXTHQNY80R/en,diamond-sale-eg
https://www.propertyfinder.eg/to/F9X3TBVW885K96QWAH6BVHQPK8/en,diamond-sale-eg
https://www.propertyfinder.eg/to/S4Y3XNY3S2P2PWN9EF5TCP7VDG/en,diamond-sale-eg
https://www.propertyfinder.eg/to/6ACRFC83JFC5HPVEM8FZB2HEA8/en,diamond-sale-eg
https://www.propertyfinder.eg/to/D4TTHWYXCEYFVQK41T09RBAPZR/en,diamond-sale-eg
https://www.propertyfinder.eg/to/T2JH7JC76YZDRC21HCSC9F2BSC/en,diamond-sale-eg
https://www.propertyfinder.eg/to/WYD1SPZ1Q78TBW9SRVAAYCEZVW/en,diamond-sale-eg
https://www.propertyfinder.eg/to/W1VC7QSWYSKKQZD0J0B7BM2C98/en,diamond-sale-eg
https://www.propertyfinder.eg/to/59HMPXDG6W1XSWSN6DXV09V6Y0/en,diamond-sale-eg
https://www.propertyfinder.eg/to/DQKRE9STBX9F7MHGZ6HFE55KQG/en,diamond-sale-eg
https://www.propertyfinder.eg/to/ZY3BWMGFHX03ES3KJPFP1CVMEM/en,diamond-sale-eg
https://www.propertyfinder.eg/to/P1PABZ38CDX2ZRMYQ4R8XKRJVR/en,diamond-sale-eg
https://www.propertyfinder.eg/to/JDYR6MYBVQP53MFYMAYP6YX42R/en,diamond-sale-eg
https://www.propertyfinder.eg/to/AMBMH4C5K8JZB52ESMW6PPKK38/en,diamond-sale-eg
https://www.propertyfinder.eg/to/WRSSSMY6QC5ZQZ28YD54M8GTQC/en,diamond-sale-eg
https://www.propertyfinder.eg/to/C2G4YFHP8FAVC1BTQ0E1K8B864/en,diamond-sale-eg
https://www.propertyfinder.eg/to/HVRW96QX7QDMK8BTPAPGPWRGCC/en,diamond-sale-eg
https://www.propertyfinder.eg/to/XZT6BS3ERW8ZVHD4XXPEXWDCVC/en,diamond-sale-eg
https://www.propertyfinder.eg/to/VGETRN92EFCHQABV3XZ54KS1YR/en,diamond-sale-eg
https://www.propertyfinder.eg/to/RYJT50W1M4Y5CXR7TYEVPCNHMG/en,diamond-sale-eg
https://www.propertyfinder.eg/to/4524JTCWMZH4A6MXCVMXCCWENG/en,diamond-sale-eg
https://www.propertyfinder.eg/to/69CD0QN62KMEK3N5FA5KN29RTG/en,diamond-sale-eg
https://www.propertyfinder.eg/to/AN05D8PD246ST5BBN4D2YG23E4/en,diamond-sale-eg
https://www.propertyfinder.eg/to/5BRK9513PK18QRMX48GDEPQY38/en,diamond-sale-eg
https://www.propertyfinder.eg/to/AP1MDN9K1JVJHK5NSRHPTMVTD4/en,diamond-sale-eg
https://www.propertyfinder.eg/to/S53S62AC8D5TF0YQDD4VAK3W9W/en,diamond-sale-eg
https://www.propertyfinder.eg/to/F0187QF3YA0R95S86A8T2TS1G8/en,diamond-sale-eg
https://www.propertyfinder.eg/to/V4SJ5FV1WA8F7KEEYFVFQT64A0/en,diamond-sale-eg
https://www.propertyfinder.eg/to/EN74ZDT2AD36YP7AFKQJZCJY5M/en,diamond-sale-eg
https://www.propertyfinder.eg/to/WMKWNX2G2PCZYXQ12ZB4MCX7FW/en,diamond-sale-eg
https://www.propertyfinder.eg/to/265CKMDBHF8FYRH04VH7VYD47M/en,diamond-sale-eg
https://www.propertyfinder.eg/to/QGQZWEJJTCYYXRA6VNDWKDY3XW/en,diamond-sale-eg
https://www.propertyfinder.eg/to/T3B6K1M17172SY9G90991X75F4/en,diamond-sale-eg
https://www.propertyfinder.eg/to/D7SJB63T8EHXJ5FQH4SQSS5JAR/en,diamond-sale-eg
https://www.propertyfinder.eg/to/9F8WSB68NJJ7PFZYVHBD3D9P14/en,diamond-sale-eg
https://www.propertyfinder.eg/to/N76B4MZCC22N6CDQ188YR0SS5C/en,diamond-sale-eg
https://www.propertyfinder.eg/to/4SH6K9SRQH0S8A0XRVRXFWMDTW/en,diamond-sale-eg
https://www.propertyfinder.eg/to/YDY4ET7B2W7T849JPGWKB2JMQG/en,diamond-sale-eg
https://www.propertyfinder.eg/to/ZMYSGD3K4PB0YATMM4ZHAF4140/en,diamond-sale-eg
https://www.propertyfinder.eg/to/SEFWWH9WTBQM0VJB3CCKQ8XJ5C/en,diamond-sale-eg
https://www.propertyfinder.eg/to/3RFDSZNBBPTX8Z8Y5GWQD7S1E4/en,diamond-sale-eg
https://www.propertyfinder.eg/to/GG4FFH1F1AG0SXD4G9SXT9DX44/en,diamond-sale-eg
https://www.propertyfinder.eg/to/2D0T9NM35HW8JMZCF288N735VG/en,diamond-sale-eg
https://www.propertyfinder.eg/to/SZ88NM8C4H2BGYNC0TDGRX65HR/en,diamond-sale-eg
https://www.propertyfinder.eg/to/VYVKR99SMJX1MB1MFVDR3J2VK8/en,diamond-sale-eg
https://www.propertyfinder.eg/to/1QZTFBJ4HJ10HSCW946CB7BPA4/en,diamond-sale-eg
https://www.propertyfinder.eg/to/HEJCF2CNE40Y5GDGQQCPN8G690/en,diamond-sale-eg
https://www.propertyfinder.eg/to/Y9Z88HQ3RGK3NQVXX8YVNB7SKW/en,diamond-sale-eg
https://www.propertyfinder.eg/to/T2CZ238ZJE3A06J7W8CWRYGCG0/en,diamond-sale-eg
https://www.propertyfinder.eg/to/5KBQ4ASNECE6AKTKYZCN4DGEEW/en,diamond-sale-eg
https://www.propertyfinder.eg/to/0VWP32N94EDSF8B82T1B7EFTXW/en,diamond-sale-eg
https://www.propertyfinder.eg/to/JB5HQT9K8SM7W9RCSRGF5WGRSG/en,diamond-sale-eg
https://www.propertyfinder.eg/to/WVNEWH6MFXDGT1MG39HH0KGY1G/en,diamond-sale-eg
https://www.propertyfinder.eg/to/FAZZF0MW95PAKG6AGH1SVAE9G8/en,diamond-sale-eg
https://www.propertyfinder.eg/to/SSZZ6DVSQW5NY2FJ1X55CXKCN4/en,diamond-sale-eg
https://www.propertyfinder.eg/to/01K85PB2GS22EK00E3SDYNR6B1/en,diamond-sale-eg
https://www.propertyfinder.eg/to/01KB2NEW1ESVS32636G66SJ5W5/en,diamond-sale-eg
https://www.propertyfinder.eg/to/01KB0BFWY5N4G3KH9GSY8CSWA8/en,diamond-sale-eg
https://www.propertyfinder.eg/to/01KB073NMK7J0SWTA48QA41CGK/en,diamond-sale-eg
https://www.propertyfinder.eg/to/BGDFBE4DP0H6SQ7GN0PJ6YDGK8/en,diamond-sale-eg
https://www.propertyfinder.eg/to/E9Y2KNEWDC9RH3568RYCN2Q35M/en,diamond-sale-eg
https://www.propertyfinder.eg/to/MWW0PH8CJKFNZ6TTH259Q6A2VR/en,diamond-sale-eg
https://www.propertyfinder.eg/to/DE0V0DQB52NKMJDJM5ZP2RPCW8/en,diamond-sale-eg
https://www.propertyfinder.eg/to/J0BPZH9HNEXT206E6AW1HG6970/en,diamond-sale-eg
https://www.propertyfinder.eg/to/TZ99ZCW07JW2VD62HT8P9AWPK0/en,diamond-sale-eg
https://www.propertyfinder.eg/to/XERTM78XD170CERK9HYYMEKG3C/en,diamond-sale-eg
https://www.propertyfinder.eg/to/M3N1S105ZYSJZYK4K5EX6QPBMR/en,diamond-sale-eg
https://www.propertyfinder.eg/to/5B8H8EPVZ29WYQZPGA1WQARAT0/en,diamond-sale-eg
https://www.propertyfinder.eg/to/982WMKP80F8S33XKHBM5C1GT7G/en,diamond-sale-eg
https://www.propertyfinder.eg/to/W748DHZCCXRV1JD41Y7N88MZPW/en,diamond-sale-eg
https://www.propertyfinder.eg/to/VS9S8J29FRSCQ6FXKHR2NFHQ84/en,diamond-sale-eg
https://www.propertyfinder.eg/to/K9324BFZ4QBT3D96B0BEEE5K38/en,diamond-sale-eg
https://www.propertyfinder.eg/to/7G15XRVHQBSRZVD89NGF3AQY0C/en,diamond-sale-eg
https://www.propertyfinder.eg/to/HFPT83Q5R566AM96MVSG74P804/en,diamond-sale-eg
https://www.propertyfinder.eg/to/10C2K2167JEYQ23WDZFBCJ98BG/en,diamond-sale-eg
https://www.propertyfinder.eg/to/MN9Y0SWCWQDZPBAXEYX6MW7Q3C/en,diamond-sale-eg
https://www.propertyfinder.eg/to/GASGRH8HT64EB2517K0T75TD3C/en,diamond-sale-eg
https://www.propertyfinder.eg/to/21T0H5P4VYCR6QTKKRSMDMEZPC/en,diamond-sale-eg
https://www.propertyfinder.eg/to/J0V2H00QV4A5S386FCHB5C8MMM/en,diamond-sale-eg
https://www.propertyfinder.eg/to/PNXC6CG6MFJQDJZW1N2T3RS5VC/en,diamond-sale-eg
https://www.propertyfinder.eg/to/P4ZAAJB6FJE2NEHPV60RGV1TEG/en,diamond-sale-eg
https://www.propertyfinder.eg/to/8TYPN93YG8HX1TCP9XMFCDMEE0/en,diamond-sale-eg
https://www.propertyfinder.eg/to/BQFB4Z0DAH5MJ81H63TCA7ARP4/en,diamond-sale-eg
https://www.propertyfinder.eg/to/9PX12633JWTBQ1RHVZCJA1VFS0/en,diamond-sale-eg
https://www.propertyfinder.eg/to/9QCQ0RXP5PMQ7ZEYWA8TN68BWW/en,diamond-sale-eg
https://www.propertyfinder.eg/to/6T087X0WJAH8GSRHN90EBT2GRC/en,diamond-sale-eg
https://www.propertyfinder.eg/to/FB0ND50SXPJNM1JYY8D0X3X7VR/en,diamond-sale-eg
https://www.propertyfinder.eg/to/2TZC5QRJF6HS1EXB5KS0GQFAMW/en,diamond-sale-eg
https://www.propertyfinder.eg/to/67JNAYGEJ7BNE6EYXYD7EPNMJ4/en,diamond-sale-eg
https://www.propertyfinder.eg/to/GZM7D68NX4TV8ZA35WSRYGP6FC/en,diamond-sale-eg
https://www.propertyfinder.eg/to/6E34HRXTP3D76KKESYT5ABPPXM/en,diamond-sale-eg
https://www.propertyfinder.eg/to/RS75ZM7RHSSHRYGEDQVQFJ5E44/en,diamond-sale-eg
https://www.propertyfinder.eg/to/SCSRSG8YNGCTSFAWK89TB3WJSM/en,diamond-sale-eg
https://www.propertyfinder.eg/to/09X25C0DZJ0E9SCF1B384J14A8/en,diamond-sale-eg
https://www.propertyfinder.eg/to/626ACKF5WZSHFJW7J965F1EE9C/en,diamond-sale-eg
https://www.propertyfinder.eg/to/K0AAA82K54S1H07ZN16GA0EEW4/en,diamond-sale-eg
https://www.propertyfinder.eg/to/YJ7N9SYPEV10SH4TX8VWN1TW6R/en,diamond-sale-eg
https://www.propertyfinder.eg/to/52K4G93Z2NYW40922ZT0MVC9WW/en,diamond-sale-eg
https://www.propertyfinder.eg/to/737CT6ST3WDVTX48Q6TQH6P36C/en,diamond-sale-eg
https://www.propertyfinder.eg/to/BNC4NQSNNEQDT0TJ5BYC4PTK3C/en,diamond-sale-eg
https://www.propertyfinder.eg/to/T67DMQF9DBY4BBHPBT5E2R9G78/en,diamond-sale-eg
https://www.propertyfinder.eg/to/1GX2H5X6CCTHF3P16BXG1BMXGM/en,diamond-sale-eg
https://www.propertyfinder.eg/to/EBBSFS88SJZEGSJ1461ZCVJAPR/en,diamond-sale-eg
https://www.propertyfinder.eg/to/QXPA9D8YJ0F1MHEQ6X94SX9MRM/en,diamond-sale-eg
https://www.propertyfinder.eg/to/CD0Q2QVY4VQ235HP1AF6JMJMEW/en,diamond-sale-eg
https://www.propertyfinder.eg/to/YTWBGFESKKPFHNQ3CS2G4MHZB8/en,diamond-sale-eg
https://www.propertyfinder.eg/to/GJ3WDPEQQY21ZJ1PS4QPB5EWB8/en,diamond-sale-eg
https://www.propertyfinder.eg/to/BXC9690ZRRNZ23D8X54BNV1VW8/en,diamond-sale-eg
https://www.propertyfinder.eg/to/N1VWJBS17XG3K7Z4PJGCSV2ADR/en,diamond-sale-eg
https://www.propertyfinder.eg/to/PKFPY2WYZR171NYDN1R22FG2H8/en,diamond-sale-eg
https://www.propertyfinder.eg/to/D5QEVZ05AAB9BZVYV4TB9ANMMR/en,diamond-sale-eg
https://www.propertyfinder.eg/to/51X7GQWA4VFS7F2KRA66WSDPBG/en,diamond-sale-eg
https://www.propertyfinder.eg/to/DK447EFV7MKJW33Y2ZC5AZ09Z0/en,diamond-sale-eg
https://www.propertyfinder.eg/to/R8CDGJYN6ESBBXQAAAJ5NYPKA8/en,diamond-sale-eg
https://www.propertyfinder.eg/to/3NHQK31KK7THC89ZVVEW18S958/en,diamond-sale-eg
https://www.propertyfinder.eg/to/4GY5BR6HBW4NBWENNES6RQ25X4/en,diamond-sale-eg
https://www.propertyfinder.eg/to/0K00F8PMG936RHXKXJT7XR1Z60/en,diamond-sale-eg
https://www.propertyfinder.eg/to/FB4WTN2VFVA9WMGPEP6PFH55QG/en,diamond-sale-eg
https://www.propertyfinder.eg/to/JAZ5P95ZKFDC0ZN302HM7RR720/en,diamond-sale-eg
https://www.propertyfinder.eg/to/FVNQ58RVXFC390NA5S0GXA36SR/en,diamond-sale-eg
https://www.propertyfinder.eg/to/2K57Z2GV6Y6S4DJFMM76ENQ3VG/en,diamond-sale-eg
https://www.propertyfinder.eg/to/57K3ARAJ59QY3KJ7WRF5PNDX0M/en,diamond-sale-eg
https://www.propertyfinder.eg/to/BK7D15100R1CXD33F1XK0WAD14/en,diamond-sale-eg
https://www.propertyfinder.eg/to/HZJ89WBCH0GP3K6R2GG98NV2F4/en,diamond-sale-eg
https://www.propertyfinder.eg/to/62YA2X9M0C129NRNDWJ16D1ERG/en,diamond-sale-eg
https://www.propertyfinder.eg/to/7E8A8EDQT9NA3N9S37HPTTZ74R/en,diamond-sale-eg
https://www.propertyfinder.eg/to/GDH55Y0XAZKGST586GPETQAECM/en,diamond-sale-eg
https://www.propertyfinder.eg/to/70WZ64EJQKWFRTWE2NNENMFRX0/en,diamond-sale-eg
https://www.propertyfinder.eg/to/66NSZA0QZS8RVYTSNVR5G7CKM8/en,diamond-sale-eg
https://www.propertyfinder.eg/to/M93KNZBTPJPGK2ZVPQVC493RKC/en,diamond-sale-eg
https://www.propertyfinder.eg/to/H16CGYSD9WSEFF36AHJ4WF8WTC/en,diamond-sale-eg
https://www.propertyfinder.eg/to/C3X97GGWKMKSW8R6KJ3VRW3Z2G/en,diamond-sale-eg
https://www.propertyfinder.eg/to/WTRPFQPPJ0465TWAXVFTZ9WHJG/en,diamond-sale-eg
https://www.propertyfinder.eg/to/R6TVP19MSST6RFZD6YJRXSXYVM/en,diamond-sale-eg
https://www.propertyfinder.eg/to/FZ5W6CJ6HCCJ75C27MTH1044AW/en,diamond-sale-eg
https://www.propertyfinder.eg/to/GF9F0W1DQW4TPWS1EFETHCW2GC/en,diamond-sale-eg
https://www.propertyfinder.eg/to/ETQ7YM8J1FCX8PQK4W9000PXFR/en,diamond-sale-eg
https://www.propertyfinder.eg/to/E0RYPZ2E1PYY8MZQQXX9TB4THR/en,diamond-sale-eg
https://www.propertyfinder.eg/to/S036A40R0RD45BVKN4TW9895W8/en,diamond-sale-eg
https://www.propertyfinder.eg/to/2FMBZ105KYJ7WYCQW1P1V4W1VG/en,diamond-sale-eg
https://www.propertyfinder.eg/to/6KRHT5AM8HVK11NR59XAMYRC30/en,diamond-sale-eg
https://www.propertyfinder.eg/to/W5C5ZQKDXBSFJTAQH666FGC85W/en,diamond-sale-eg
https://www.propertyfinder.eg/to/M1N861CBV1K7FVV8R3C0A6D49G/en,diamond-sale-eg
https://www.propertyfinder.eg/to/VWTYQ3F74R91X7BVJBZ2DHBWBW/en,diamond-sale-eg
https://www.propertyfinder.eg/to/283TXSMMFYJ8GK5SVT6NZBX170/en,diamond-sale-eg
https://www.propertyfinder.eg/to/99Y35T3QZ5MSXYD0DY2T49RDWW/en,diamond-sale-eg
https://www.propertyfinder.eg/to/YMVWF5Z54FETZVRVWR9K599P54/en,diamond-sale-eg
https://www.propertyfinder.eg/to/2AMB3KQXSW51NH1ZTE2QMPFNXG/en,diamond-sale-eg
https://www.propertyfinder.eg/to/HR0KVBJ3WPVDF08XZSSW56NFC8/en,diamond-sale-eg
https://www.propertyfinder.eg/to/RE681XPC0VSD8E1D4NSN6ASNA8/en,diamond-sale-eg
https://www.propertyfinder.eg/to/QDADT42Q6BQ3PB2C37N7H2R770/en,diamond-sale-eg
https://www.propertyfinder.eg/to/BXJRMQ3R81BYWP29QNQ933AA58/en,diamond-sale-eg
https://www.propertyfinder.eg/to/76C9R3PHZFJ52N9A4KC2JFEZMR/en,diamond-sale-eg
https://www.propertyfinder.eg/to/YHJ068R2E7RH6ZDCSX96Q8EJQ4/en,diamond-sale-eg
https://www.propertyfinder.eg/to/JXWKH757MGMJ7GTJXXNTZRN4NR/en,diamond-sale-eg
https://www.propertyfinder.eg/to/2640XY95CV7JXSGR1FGZMPZSK0/en,diamond-sale-eg
https://www.propertyfinder.eg/to/FTYV81ZZNNMBXRD9RMJG2J24YG/en,diamond-sale-eg
https://www.propertyfinder.eg/to/BXT0PV6KBQMAW9FTG2J2F73E3M/en,diamond-sale-eg
https://www.propertyfinder.eg/to/AKNWRYQA816NV4ZG95PZ9CP4J0/en,diamond-sale-eg
https://www.propertyfinder.eg/to/C4BWP0A3QJ8B3N1BRFVVB54R58/en,diamond-sale-eg
https://www.propertyfinder.eg/to/1WVMSMTCHR1SDRT5G78RM3S8FM/en,diamond-sale-eg
https://www.propertyfinder.eg/to/SVT5KXSFYE4ZZWWV3544QYR12W/en,diamond-sale-eg
https://www.propertyfinder.eg/to/WX5BATAJCNRXHJ2GFBMFDDXWZ8/en,diamond-sale-eg
https://www.propertyfinder.eg/to/CQR2PTQCSX2JTYD9EZ9JFTKJSM/en,diamond-sale-eg
https://www.propertyfinder.eg/to/VGJFVESG3AT4D4NZCNSPAG8QWM/en,diamond-sale-eg
https://www.propertyfinder.eg/to/KTJKXVWVVGAT1C5VKRN8K62FW0/en,diamond-sale-eg
https://www.propertyfinder.eg/to/SPJ88BWR1D7P1QBW56HTNR20D0/en,diamond-sale-eg
https://www.propertyfinder.eg/to/SFBHK41M18SW8CV9AAEA2KBMS0/en,diamond-sale-eg
https://www.propertyfinder.eg/to/YP26SB97ETJ1623QA4M27H28MW/en,diamond-sale-eg
https://www.propertyfinder.eg/to/4S09J7C8WAGC8SJNT0E3600AZC/en,diamond-sale-eg
https://www.propertyfinder.eg/to/4D19N1TPSK74XWZK7ZBR2RFSXC/en,diamond-sale-eg
https://www.propertyfinder.eg/to/M319FJ0HSZP1P9D9YWBFMPRJ9M/en,diamond-sale-eg
https://www.propertyfinder.eg/to/470CWVBJ04NGJSPAZ6HXDRQKT0/en,diamond-sale-eg
https://www.propertyfinder.eg/to/15J1X2KVNGB2FE91QFGCR74TYM/en,diamond-sale-eg
https://www.propertyfinder.eg/to/RA6Q8JRD3TMW1F9N6C1H9Z3ZR8/en,diamond-sale-eg
https://www.propertyfinder.eg/to/76KBFZ4RNPPDHFAAMRQ6FCMEQM/en,diamond-sale-eg
https://www.propertyfinder.eg/to/TEGQNXPYRXZGF7YQQB1SDJ0GMG/en,diamond-sale-eg
https://www.propertyfinder.eg/to/01JZ9CVAN21MP0QG91Y3G6JHCW/en,diamond-sale-eg
https://www.propertyfinder.eg/to/9ETS4DZ6DZJP58X9WS66XEEB14/en,diamond-sale-eg
https://www.propertyfinder.eg/to/Q5B7NE4TQV2YM033EM96MQ9880/en,diamond-sale-eg
https://www.propertyfinder.eg/to/SGDMGKTF2PT71JW8GHQSZ9MZGG/en,diamond-sale-eg
https://www.propertyfinder.eg/to/679TVKEHB0A8MHG4JGEJA91T84/en,diamond-sale-eg
https://www.propertyfinder.eg/to/3R92WFZQGA7SASYFDF48H6VW9G/en,diamond-sale-eg
https://www.propertyfinder.eg/to/FEQYG0A70RC49YPM78FZYQH1V4/en,diamond-sale-eg
https://www.propertyfinder.eg/to/V76BEGHDWK9S7RW68V91RZ4G3R/en,diamond-sale-eg
https://www.propertyfinder.eg/to/P55D97VARH8DNZVF2RF372CK8C/en,diamond-sale-eg
https://www.propertyfinder.eg/to/3KAZCGKE9AB0WGVVJV6V1E55SG/en,diamond-sale-eg
https://www.propertyfinder.eg/to/2JAQH0MBGCY830TC722SHKTSNG/en,diamond-sale-eg
https://www.propertyfinder.eg/to/V60YSK37FSWD5C6XBRBJZ53D24/en,diamond-sale-eg
https://www.propertyfinder.eg/to/WTB74BJWKF4FESA5281B47QT2R/en,diamond-sale-eg
https://www.propertyfinder.eg/to/S1ECHMZ3RDC7K2PS02A5YSRFXG/en,diamond-sale-eg
https://www.propertyfinder.eg/to/3ZVK0ZT81VSM3YM13Z99CP6VPM/en,diamond-sale-eg
https://www.propertyfinder.eg/to/G5F5WV62Z1BTXWTGKA2JH7WY68/en,diamond-sale-eg
https://www.propertyfinder.eg/to/39TC8ZBKXN65VBJ4Q3PE8FZQM8/en,diamond-sale-eg
https://www.propertyfinder.eg/to/0A6NK6JX4SS9GG0TGGPEVM4RA0/en,diamond-sale-eg
https://www.propertyfinder.eg/to/XN0XB3TS4GP60GC67DZRTM2YMR/en,diamond-sale-eg
https://www.propertyfinder.eg/to/N516H956V5E4JFKC31R0NST01M/en,diamond-sale-eg
https://www.propertyfinder.eg/to/81GCARC6TTR9KGPSBQEY4BHY1G/en,diamond-sale-eg
https://www.propertyfinder.eg/to/D6GRCVS1N71CCZCSN4BX4M64WR/en,diamond-sale-eg
https://www.propertyfinder.eg/to/ATFYSQDTBVC3666NE75FD6NVK0/en,diamond-sale-eg
https://www.propertyfinder.eg/to/V4P03XNZC1AWVRJD9GQZA5550M/en,diamond-sale-eg
https://www.propertyfinder.eg/to/Z8JA2W0C81DTDN1QH36S28KT2G/en,diamond-sale-eg
https://www.propertyfinder.eg/to/W7AEXV0S6J0BQ2VQTYNY0HG41W/en,diamond-sale-eg
https://www.propertyfinder.eg/to/K7Y06C8MKK71BA9YVNWVMENXEW/en,diamond-sale-eg
https://www.propertyfinder.eg/to/NXPJHVAS6KX9580YWPMW7DGY84/en,diamond-sale-eg
https://www.propertyfinder.eg/to/HMCS2YY2N2YHF8FC4XB64VTQ4R/en,diamond-sale-eg
https://www.propertyfinder.eg/to/C6JGM5MZQA8BER0ATYAMT7VC54/en,diamond-sale-eg
https://www.propertyfinder.eg/to/ETZSAGE01Y000KQN8BZAAY8VK4/en,diamond-sale-eg
https://www.propertyfinder.eg/to/5EERCNAW8D5PS5KJAK6P3GM5CR/en,diamond-sale-eg
https://www.propertyfinder.eg/to/4V96TXGRG95XH2G1MPNEJG8KK0/en,diamond-sale-eg
https://www.propertyfinder.eg/to/8B2W6ZKAXH3WJBSZ09M2CYR0Q4/en,diamond-sale-eg
https://www.propertyfinder.eg/to/H0Q4BKT7SNC8498MQ8PFWRBBEC/en,diamond-sale-eg
https://www.propertyfinder.eg/to/0MKSFCXQQMDW8PJ3RNPNMFAB7W/en,diamond-sale-eg
https://www.propertyfinder.eg/to/24MPA3PNEWZJV93DBNJ972AYK0/en,diamond-sale-eg
https://www.propertyfinder.eg/to/08WQ29DX8ABZNE5VSE919PTC9W/en,diamond-sale-eg
https://www.propertyfinder.eg/to/T3NS129FXAJK12BK03VN04MT6G/en,diamond-sale-eg
https://www.propertyfinder.eg/to/FV90GA8C3PMEVFZSB7VFVSG440/en,diamond-sale-eg
https://www.propertyfinder.eg/to/JT0HJVWG9FR9PKZZGJTVT4ZMHG/en,diamond-sale-eg
https://www.propertyfinder.eg/to/9Q2DZP4MM4HPMXAZG062CTDP18/en,diamond-sale-eg
https://www.propertyfinder.eg/to/9GNE7VNQZ4H6AM5X49994KCHFG/en,diamond-sale-eg
https://www.propertyfinder.eg/to/TK68QEX1QZC14MKV0AWWKWRENM/en,diamond-sale-eg
https://www.propertyfinder.eg/to/JG33BXJ40C1EV4JGQVJSN5Y7NM/en,diamond-sale-eg
https://www.propertyfinder.eg/to/KKTZMMTVH7EKEG8KKKDWTSFPVW/en,diamond-sale-eg
https://www.propertyfinder.eg/to/S4T0XN970Y4ZH68YY8DGA3J9X8/en,diamond-sale-eg
https://www.propertyfinder.eg/to/8ZN1E0T2MRV8WBSPA2D2EZAHT4/en,diamond-sale-eg
https://www.propertyfinder.eg/to/2KFDFTK0EXQF1M8BTXN3ZSX2C4/en,diamond-sale-eg
https://www.propertyfinder.eg/to/40GDXVGAGCX0S3K4APH6N1RJ90/en,diamond-sale-eg
https://www.propertyfinder.eg/to/37949DXGG5H70VPCZGSS22C8M8/en,diamond-sale-eg
https://www.propertyfinder.eg/to/PPHFG3BN2K670K1A4DKHNYVYGG/en,diamond-sale-eg
https://www.propertyfinder.eg/to/3J15G5RZMQEYZP23ES3SZS8YFM/en,diamond-sale-eg
https://www.propertyfinder.eg/to/1BTWZ0BCC0VZMNBYY01EX7BBKC/en,diamond-sale-eg
https://www.propertyfinder.eg/to/CDYNKAN2XA4KC8S9591433YTWC/en,diamond-sale-eg
https://www.propertyfinder.eg/to/ZHKRRWC3W2GXCTVEY1XF38V720/en,diamond-sale-eg
https://www.propertyfinder.eg/to/37ZJJJFZW42H07HP56HZWQ1SB0/en,diamond-sale-eg
https://www.propertyfinder.eg/to/JGY4YZX8EGNPM5JSSQWZCY5VTM/en,diamond-sale-eg
https://www.propertyfinder.eg/to/SK4VJ8435K9MBJVBTE61KRRRM0/en,diamond-sale-eg
https://www.propertyfinder.eg/to/F4AT4CF36KB4DKKMDSVH3MH3M4/en,diamond-sale-eg
https://www.propertyfinder.eg/to/WMXW6PFMX4NDACXAZCAHW0V3JR/en,diamond-sale-eg
https://www.propertyfinder.eg/to/G7JJJG65C4R48CNCW53AK84YVM/en,diamond-sale-eg
https://www.propertyfinder.eg/to/9T5SJN35AJ80WKT14AEXXMR1JM/en,diamond-sale-eg
https://www.propertyfinder.eg/to/34G2SAEVENXZ4Y17W23N8N7AE4/en,diamond-sale-eg
https://www.propertyfinder.eg/to/WXBJKZT4H0Q55GY90H88X6VERW/en,diamond-sale-eg
https://www.propertyfinder.eg/to/HA1MHP3DM2BPCC6WBHZJS14ZBG/en,diamond-sale-eg
https://www.propertyfinder.eg/to/W6HFJS2J8PXHWKP2H916V1G308/en,diamond-sale-eg
https://www.propertyfinder.eg/to/VHY8NSQEWYJH6Q39Y2EP8PHCJC/en,diamond-sale-eg
https://www.propertyfinder.eg/to/S8QQZMYN8HBDKYHAHR51D61AMR/en,diamond-sale-eg
https://www.propertyfinder.eg/to/F4JQGFVYWEBB5FC9176FYV2KC4/en,diamond-sale-eg
https://www.propertyfinder.eg/to/7ZFZK5Q7DG438B21B91ET914A4/en,diamond-sale-eg
https://www.propertyfinder.eg/to/KV61561CKN0GS6QFW5DKWZ6JB8/en,diamond-sale-eg
https://www.propertyfinder.eg/to/GZAPEP1B4V0D6QZ9D3KM6SQGA0/en,diamond-sale-eg
https://www.propertyfinder.eg/to/7DJV51W63M98YBWV9X2HCM91P4/en,diamond-sale-eg
https://www.propertyfinder.eg/to/ADB3MJZGY8J1SSCPJD7YCA8KDW/en,diamond-sale-eg
https://www.propertyfinder.eg/to/SZBZK29QYVGW6Y40091R1KWFY8/en,diamond-sale-eg
https://www.propertyfinder.eg/to/CXKXXATM2PMMXT5T4F84YB17FR/en,diamond-sale-eg
https://www.propertyfinder.eg/to/H5KT4DA8GXMQYD9NY51CYKFGFC/en,diamond-sale-eg
https://www.propertyfinder.eg/to/ET3FZHYTHYAXJ3V71E3KH4VMT4/en,diamond-sale-eg
https://www.propertyfinder.eg/to/TCZMHGBHQX3K1TJAFK3BZCBHV4/en,diamond-sale-eg
https://www.propertyfinder.eg/to/FYTMJDHDNEJSS90S0HKE4G2WQR/en,diamond-sale-eg
https://www.propertyfinder.eg/to/R2XV44BPWR7H27N5GRMZ9WNTXW/en,diamond-sale-eg
https://www.propertyfinder.eg/to/D657V0VQZ1TZ0C1XYZVCR6XBFG/en,diamond-sale-eg
https://www.propertyfinder.eg/to/MR56D95ZBM62G8XW1PRPGMT4VG/en,diamond-sale-eg
https://www.propertyfinder.eg/to/WVX6JVP4WPPJSA86AJEPPNXGE8/en,diamond-sale-eg
https://www.propertyfinder.eg/to/WCWGWBRDNY6664ZBMQVX97BEK8/en,diamond-sale-eg
https://www.propertyfinder.eg/to/DWEQ4HY9G8V11GAYA75CPV0MXC/en,diamond-sale-eg
https://www.propertyfinder.eg/to/Y0H9GRPJB6YZGW8QK35KXTGMKR/en,diamond-sale-eg
https://www.propertyfinder.eg/to/8WXRBEWWW3KBNY5XGT6VWC2A84/en,diamond-sale-eg
https://www.propertyfinder.eg/to/CQV34SDGRFR4EQHSQD4QCHY4P8/en,diamond-sale-eg
https://www.propertyfinder.eg/to/75Q9QB25QSGD4JCHDVM0QRZ5H0/en,diamond-sale-eg
https://www.propertyfinder.eg/to/G3R261Q7G30FJNDE6BGFC6VCTM/en,diamond-sale-eg
https://www.propertyfinder.eg/to/QDEH1CK66ZZEEBDXTBDSYP07CW/en,diamond-sale-eg
https://www.propertyfinder.eg/to/PV46KKTZKTHYB61NVKS1DJZ7SM/en,diamond-sale-eg
https://www.propertyfinder.eg/to/450G5SDFG338VEAQG8QYJ43NAC/en,diamond-sale-eg
https://www.propertyfinder.eg/to/HE3JKH56GDTG4ZKXYFWTPFQYS0/en,diamond-sale-eg
https://www.propertyfinder.eg/to/H8EJP60PMJ3B6NFVMJ8QAPBX4C/en,diamond-sale-eg
https://www.propertyfinder.eg/to/7RGC2AX711AENTCA5CJ1GG5YS8/en,diamond-sale-eg
https://www.propertyfinder.eg/to/VJD3C56PVH4C0G21Z28SSNF9F8/en,diamond-sale-eg
https://www.propertyfinder.eg/to/RP9CHDCHJ1XQCH7NTDHNHSC0NG/en,diamond-sale-eg
https://www.propertyfinder.eg/to/VSZW9TR53MZC5FK04YT7A640K0/en,diamond-sale-eg
https://www.propertyfinder.eg/to/NHNREQFP6XDCB0FGEP57HGHMYM/en,diamond-sale-eg
https://www.propertyfinder.eg/to/0FGEA6YGZAYJF86ANV045CTFXC/en,diamond-sale-eg
https://www.propertyfinder.eg/to/826AA4843VB7BHENNWB2WCSAR0/en,diamond-sale-eg
https://www.propertyfinder.eg/to/25FD216XSCYF937091BEW8DQF0/en,diamond-sale-eg
https://www.propertyfinder.eg/to/R3TXAVYZDN8S90J0TRSFFGY95G/en,diamond-sale-eg
https://www.propertyfinder.eg/to/6386ST2AP67D87GY5Y90WZN41W/en,diamond-sale-eg
https://www.propertyfinder.eg/to/M0AEVXMRPT22CWK96E40XE5HVG/en,diamond-sale-eg
https://www.propertyfinder.eg/to/B9PJYBQ28P0WKVMSAGXQ55XJNM/en,diamond-sale-eg
https://www.propertyfinder.eg/to/QBV6AEP58DC9W6RNXX1JVRHP74/en,diamond-sale-eg
https://www.propertyfinder.eg/to/BK84WZZTXQRYCYR7WHQQPNJJTC/en,diamond-sale-eg
https://www.propertyfinder.eg/to/WRZTAV7S230FQKT1T2VKAYXF84/en,diamond-sale-eg
https://www.propertyfinder.eg/to/QKKR1KMZAER4PHMBPX6YJ71WQG/en,diamond-sale-eg
https://www.propertyfinder.eg/to/AYEB1NSJFV13WD5D5F9GJ9ATM8/en,diamond-sale-eg
https://www.propertyfinder.eg/to/1KB856A3B6TKMGVP4T72ZW477C/en,diamond-sale-eg
https://www.propertyfinder.eg/to/D5JVZ5S4WCA3KTM0BQWD51A430/en,diamond-sale-eg
https://www.propertyfinder.eg/to/2EYSCJXJAXGHA0K4NG3VZ5BXCC/en,diamond-sale-eg
https://www.propertyfinder.eg/to/80J8NMSVHJ25MDVTQ6EFVBM89M/en,diamond-sale-eg
https://www.propertyfinder.eg/to/9G7E722ZY8X38D276VQCRZPEK8/en,diamond-sale-eg
https://www.propertyfinder.eg/to/9AHJWE42NW19RPSFFJ3R3YNFJ8/en,diamond-sale-eg
https://www.propertyfinder.eg/to/D2ST16XWQKFW7CCD2VJW6Z2MF8/en,diamond-sale-eg
https://www.propertyfinder.eg/to/9P9ZZ8EN25VT8TNTYM5TC2TG8C/en,diamond-sale-eg
https://www.propertyfinder.eg/to/J4EATXH1A42MS9WRG5FEJ8TT7R/en,diamond-sale-eg
https://www.propertyfinder.eg/to/M382S4F4XYBPJTHBXBDXDQ0CGW/en,diamond-sale-eg
https://www.propertyfinder.eg/to/71ZEW3HV8T2X63S5DFSX50NPMW/en,diamond-sale-eg
https://www.propertyfinder.eg/to/5PVFM9C37WRASEF33QW39RKTDR/en,diamond-sale-eg
https://www.propertyfinder.eg/to/QXHNGT1E388CEB7VQSGRJPN8WM/en,diamond-sale-eg
https://www.propertyfinder.eg/to/TKGYAJN7MXK06YMRTQF1AGB24G/en,diamond-sale-eg
https://www.propertyfinder.eg/to/V196QF23JCJ4BB2H0Y9Y3E0VJ4/en,diamond-sale-eg
https://www.propertyfinder.eg/to/0G8YX2DPZGXCTVEE244DQFTSMC/en,diamond-sale-eg
https://www.propertyfinder.eg/to/GX98S9VRVR3BFYGYF3C7C0J3T0/en,diamond-sale-eg
https://www.propertyfinder.eg/to/ZEQ9VJM2H6YG7CM806T2NRQ10C/en,diamond-sale-eg
https://www.propertyfinder.eg/to/M5HK75N7X4QKHNWQGQBRTAQTBR/en,diamond-sale-eg
https://www.propertyfinder.eg/to/DF5A2R138J8FE772B8G1ARQ0P8/en,diamond-sale-eg
https://www.propertyfinder.eg/to/S3C5SZKPD4ST38JWJH4CFC85PC/en,diamond-sale-eg
https://www.propertyfinder.eg/to/8SDWWJBW6HWG99GSC272ATWVKM/en,diamond-sale-eg
https://www.propertyfinder.eg/to/XMXKSCVZKJZKWFWCDSSAN065XG/en,diamond-sale-eg
https://www.propertyfinder.eg/to/ZDCTSY360RBXTJQK0YN4X6J0HM/en,diamond-sale-eg
https://www.propertyfinder.eg/to/E9GPHEXK5T85084757RNRX5HWR/en,diamond-sale-eg
https://www.propertyfinder.eg/to/4X6MYEBH0JE8FKNWD3ZJ3XQ7K8/en,diamond-sale-eg
https://www.propertyfinder.eg/to/K4MF85K7SHEZGFTGQ9K2P6TPV4/en,diamond-sale-eg
https://www.propertyfinder.eg/to/88QC6WAYERY3TW6ZF8DX0C37T0/en,diamond-sale-eg
https://www.propertyfinder.eg/to/00F1T9333MV9VCAMNE4HTHHGAR/en,diamond-sale-eg
https://www.propertyfinder.eg/to/Q2M6302EQA7KC6R0X8MJQZVQEG/en,diamond-sale-eg
https://www.propertyfinder.eg/to/9GK1WZ8RF9H0J7D0FV7WXXSWJC/en,diamond-sale-eg
https://www.propertyfinder.eg/to/JP4MTJ2DEC40WNFNWJXBN2615M/en,diamond-sale-eg
https://www.propertyfinder.eg/to/G4H9BFT8HC9F5XZP90J1Z000ZR/en,diamond-sale-eg
https://www.propertyfinder.eg/to/077N21RDSEZXEXHZWPGXCPF0Y4/en,diamond-sale-eg
https://www.propertyfinder.eg/to/3QF566BY6SV5B1CEGDYBSRDVE0/en,diamond-sale-eg
https://www.propertyfinder.eg/to/9CQGZ2E2PD6RV13FBP1KDN27HR/en,diamond-sale-eg
https://www.propertyfinder.eg/to/MTK46V8099AQJRBXYA9YJP1T2M/en,diamond-sale-eg
https://www.propertyfinder.eg/to/VVF2117DYWD2EHJ158WPT7N7GR/en,diamond-sale-eg
https://www.propertyfinder.eg/to/C2RXDH7J64W721F5BHWCSRDAMC/en,diamond-sale-eg
https://www.propertyfinder.eg/to/7TWG4TDX7EBB24CEPVV6CQZ3Z0/en,diamond-sale-eg
https://www.propertyfinder.eg/to/QP9PBJMTXG7ZJKBDBWYP59QW6W/en,diamond-sale-eg
https://www.propertyfinder.eg/to/FYGTE4A3NWGZ4196PZXN6MQR8M/en,diamond-sale-eg
https://www.propertyfinder.eg/to/K5BZ9X3XAN8JBB4RQB8E2PF7H0/en,diamond-sale-eg
https://www.propertyfinder.eg/to/7BVMQABDZ6BED5FYWT3FKFC054/en,diamond-sale-eg
https://www.propertyfinder.eg/to/MW83FHAA5PEW0KW9RE0JXCWMGR/en,diamond-sale-eg
https://www.propertyfinder.eg/to/M2CYBND5H2GDWNJNTC1RNSVH9M/en,diamond-sale-eg
https://www.propertyfinder.eg/to/Z8XHP3ZG5EN1XBSK5PC9Z6Q7FG/en,diamond-sale-eg
https://www.propertyfinder.eg/to/5R3XYE2A40P705BX2HBZN1RF38/en,diamond-sale-eg
https://www.propertyfinder.eg/to/Y5QSSA1VKM90XMK2Q3K4V0XYHG/en,diamond-sale-eg
https://www.propertyfinder.eg/to/C9P1PF0VPD78VJAKF57TVTQGAG/en,diamond-sale-eg
https://www.propertyfinder.eg/to/2KZTZDF40QANCRGFG0WV9NENW8/en,diamond-sale-eg
https://www.propertyfinder.eg/to/G4QY1PQ9WC6GMB7H5QHMR3N1PM/en,diamond-sale-eg
https://www.propertyfinder.eg/to/7BFD021JP3G6PWQD530VKAZYD8/en,diamond-sale-eg
https://www.propertyfinder.eg/to/R2ANQ3KZ1HC0N9HMM7WE2WMNS0/en,diamond-sale-eg
https://www.propertyfinder.eg/to/HPJYSVPWA8R36P68CF4JWACWE4/en,diamond-sale-eg
https://www.propertyfinder.eg/to/H37T5QS215M5YR24VPXMVFTYH8/en,diamond-sale-eg
https://www.propertyfinder.eg/to/4EYZR9EE506ER6A39KKV7NJEJR/en,diamond-sale-eg
https://www.propertyfinder.eg/to/VFM9R4AWXAFRJMTZWQHP0E0D34/en,diamond-sale-eg
https://www.propertyfinder.eg/to/EJV6TRW9CQAQAAZGCR462Y7PFC/en,diamond-sale-eg
https://www.propertyfinder.eg/to/5NS9N03238NR188D3RMXKS23GG/en,diamond-sale-eg
https://www.propertyfinder.eg/to/5DM96281830X74SSBPZJ4R3QMC/en,diamond-sale-eg
https://www.propertyfinder.eg/to/9Y64R15C0HSQ979BPBQ6D59AQM/en,diamond-sale-eg
https://www.propertyfinder.eg/to/G7WKNR2BA6A2E9P612FEZHWSJC/en,diamond-sale-eg
https://www.propertyfinder.eg/to/827FB5HZQA8MRYXKPTZ1T003NR/en,diamond-sale-eg
https://www.propertyfinder.eg/to/0VHT60AY1W2MTY822XXENRYYNR/en,diamond-sale-eg
https://www.propertyfinder.eg/to/7J572KPQA2D20QY8C4GVVNTZ2G/en,diamond-sale-eg
https://www.propertyfinder.eg/to/Z75XSB70MFBYCRS0W0G4CNRDZR/en,diamond-sale-eg
https://www.propertyfinder.eg/to/ASG6PVFWD0Q99JQV6R6MSENE64/en,diamond-sale-eg
https://www.propertyfinder.eg/to/AH8VG73HYXEDR0CAAXTAZQ9888/en,diamond-sale-eg
https://www.propertyfinder.eg/to/E2VCFXVZ3K1MFAMV9BKJT7EM1R/en,diamond-sale-eg
https://www.propertyfinder.eg/to/8F242S91HBW4H8BCW291NSFJM4/en,diamond-sale-eg
https://www.propertyfinder.eg/to/CC96QWYJ9SF7EFCNAK8FJHKKE4/en,diamond-sale-eg
https://www.propertyfinder.eg/to/MG0D3MXMJHE9SP9AX0PBHC0ZYW/en,diamond-sale-eg
https://www.propertyfinder.eg/to/JAZPC0W9QQN7KGJMYT1FQG0DJG/en,diamond-sale-eg
https://www.propertyfinder.eg/to/DVC1ARHKM8066BXQ9J7PH4DTG0/en,diamond-sale-eg
https://www.propertyfinder.eg/to/7QHKG4V9FJMB33GVN6VYW48PDG/en,diamond-sale-eg
https://www.propertyfinder.eg/to/D454J7RXJ8VJH4SGKWFPGG8YRR/en,diamond-sale-eg
https://www.propertyfinder.eg/to/Y8Z8393KZWABDC034YP9ZY0CER/en,diamond-sale-eg
https://www.propertyfinder.eg/to/TRW9BFEAJXT3M77E172SE2VBZG/en,diamond-sale-eg
https://www.propertyfinder.eg/to/2HWY7XG97T0NJ4TP4W3BQQ7TFC/en,diamond-sale-eg
https://www.propertyfinder.eg/to/3YCXT78S916RNVZAAR1T2D8M54/en,diamond-sale-eg
https://www.propertyfinder.eg/to/4RQWXT7F3Z211GPA1906K9W888/en,diamond-sale-eg
https://www.propertyfinder.eg/to/V51QYFN1WNV7SD4T9BRBV3KK38/en,diamond-sale-eg
https://www.propertyfinder.eg/to/7YE7AWM8W4CA2YY0N3K0Z8TC08/en,diamond-sale-eg
https://www.propertyfinder.eg/to/J17BKAPVWJ3HV9BF9VEJY0E8J0/en,diamond-sale-eg
https://www.propertyfinder.eg/to/SAWTB9F5KZFKEPVCWZQFCNAVNC/en,diamond-sale-eg
https://www.propertyfinder.eg/to/3C0VXC2C32Y547BAJHMNQWWPR8/en,diamond-sale-eg
https://www.propertyfinder.eg/to/S5PB4662X3J0D1Q77SEXR00E7R/en,diamond-sale-eg
https://www.propertyfinder.eg/to/RZSTBQD0K43WC45CM8XR1PK058/en,diamond-sale-eg
https://www.propertyfinder.eg/to/BZWFNVS1P7GVJ9HDSVTSKMDEBR/en,diamond-sale-eg
https://www.propertyfinder.eg/to/1STFNKP7R2GHW1JJSM2XDTBMM0/en,diamond-sale-eg
https://www.propertyfinder.eg/to/YPERW2D9YSMCRP2MZX86YHSCE0/en,diamond-sale-eg
https://www.propertyfinder.eg/to/9JK6Q2YF47F5HQQ63PTP8ERK2C/en,diamond-sale-eg
https://www.propertyfinder.eg/to/P1SKP12790ZKWQJZWJ9MXE6ZTM/en,diamond-sale-eg
https://www.propertyfinder.eg/to/05Z7AK5F3PB22PJHKMZQWJ29E8/en,diamond-sale-eg
https://www.propertyfinder.eg/to/5P2Y6D1E6GATTARE5EBV2FGNXG/en,diamond-sale-eg
https://www.propertyfinder.eg/to/K1CSHYMT47EE3P93EMN5CKBVV4/en,diamond-sale-eg
https://www.propertyfinder.eg/to/PH16XY8B1YB0SYQBNANQ5P2670/en,diamond-sale-eg
https://www.propertyfinder.eg/to/V86YG4RYG048E50SC41D26N1YM/en,diamond-sale-eg
https://www.propertyfinder.eg/to/86D4EW1KAM4RDQE4AT8TE1F1RG/en,diamond-sale-eg
https://www.propertyfinder.eg/to/YMPW08S64JRRVZG7ZGC2NAYREW/en,diamond-sale-eg
https://www.propertyfinder.eg/to/7SSKKVSSN31PQ85962VTBNYJ68/en,diamond-sale-eg
https://www.propertyfinder.eg/to/BCFQ0XET0H0RS0ATSAQFCN4GM8/en,diamond-sale-eg
https://www.propertyfinder.eg/to/K83N1Z74B5X1T4JM32HCCCMNVC/en,diamond-sale-eg
https://www.propertyfinder.eg/to/YB5Z40172MW5SQXX4P7YZGGF84/en,diamond-sale-eg
https://www.propertyfinder.eg/to/JN7DRR8FRQ58NVV0WNT5A8G1Q4/en,diamond-sale-eg
https://www.propertyfinder.eg/to/Z8YFQ404C542BR4SZXFZJ4DZW0/en,diamond-sale-eg
https://www.propertyfinder.eg/to/R0K443R3D3N8WWVVA4AK8WNGR8/en,diamond-sale-eg
https://www.propertyfinder.eg/to/0TH97WS95CK6RHPZ73XBKT009W/en,diamond-sale-eg
https://www.propertyfinder.eg/to/HW0G8QZANQCWRYW8HFVCQ5V99R/en,diamond-sale-eg
https://www.propertyfinder.eg/to/9CZ4GS5X0W645FTT1JBN1TPPFW/en,diamond-sale-eg
https://www.propertyfinder.eg/to/XWY5P87BC4CK05CN9EPC87F1KC/en,diamond-sale-eg
https://www.propertyfinder.eg/to/5F2KTVWQ6S8XTC20NWWM3B499C/en,diamond-sale-eg
https://www.propertyfinder.eg/to/4JCBEB6Y9P0S3ECAEFZ3BVRFSM/en,diamond-sale-eg
https://www.propertyfinder.eg/to/JS1Q5JZDN2E0PN7T0HWGKC2SEM/en,diamond-sale-eg
https://www.propertyfinder.eg/to/W2G22APSK3789TA7TQNTMXYYYC/en,diamond-sale-eg
https://www.propertyfinder.eg/to/2DP1RME3P4WA0HPHVEFSMME91C/en,diamond-sale-eg
https://www.propertyfinder.eg/to/FD86764RGCMNZQF61V5PN0ATQC/en,diamond-sale-eg
https://www.propertyfinder.eg/to/718999NQV2SSZX4ABAM0NWAA7W/en,diamond-sale-eg
https://www.propertyfinder.eg/to/MR54S7JGFH15B08ACG9NSWADZM/en,diamond-sale-eg
https://www.propertyfinder.eg/to/XK8RBWT575KB001807TSCT5CMR/en,diamond-sale-eg
https://www.propertyfinder.eg/to/CNDQCQTGGYYA0227JQTYETYWE8/en,diamond-sale-eg
https://www.propertyfinder.eg/to/TV8HGWT9ZFTG03GEG7QANN2XB0/en,diamond-sale-eg
https://www.propertyfinder.eg/to/VVDH9YN11RY9YX3AW13H6YJYKW/en,diamond-sale-eg
https://www.propertyfinder.eg/to/9HS9CNJHYKZ45W2TTR4YGCVRP8/en,diamond-sale-eg
https://www.propertyfinder.eg/to/3M7PA64JYMC38S0GCXAZXM6H60/en,diamond-sale-eg
https://www.propertyfinder.eg/to/AEAKV7WP0A6DKC9WP9QXHD8GSW/en,diamond-sale-eg
https://www.propertyfinder.eg/to/WQ1CZCSFCEP04YAXHDKDZAXT24/en,diamond-sale-eg
https://www.propertyfinder.eg/to/PP0ZTYQWS06SN6EDDV0KG78MCW/en,diamond-sale-eg
https://www.propertyfinder.eg/to/34YEFGMK1T90ZW9E96R6DBDRG0/en,diamond-sale-eg
https://www.propertyfinder.eg/to/9RZYGAW9P82M5ND3Q1J4NCD93M/en,diamond-sale-eg
https://www.propertyfinder.eg/to/Q03CP93SKK2NFB3V897B38BVVC/en,diamond-sale-eg
https://www.propertyfinder.eg/to/H6HGBV8XH21XTFMWAZ3MET6H0C/en,diamond-sale-eg
https://www.propertyfinder.eg/to/JKEJ54AT8PZ0MY67VMJ2TDBWN8/en,diamond-sale-eg
https://www.propertyfinder.eg/to/QRY536DZSE2GJVZF3Q2JMZXX64/en,diamond-sale-eg
https://www.propertyfinder.eg/to/H1CDAP1VKB5100NBGYQKDWGAF8/en,diamond-sale-eg
https://www.propertyfinder.eg/to/AR8E3T91R3APW8FPT59EWJ5WRR/en,diamond-sale-eg
https://www.propertyfinder.eg/to/GSRK3AKTYQDSB26QJ95Y33MT08/en,diamond-sale-eg
https://www.propertyfinder.eg/to/JZRCN3BNKHHA0BEB5XGWJFAK5W/en,diamond-sale-eg
https://www.propertyfinder.eg/to/AFGD2FNJM5PHG9D47QJCEAKWV0/en,diamond-sale-eg
https://www.propertyfinder.eg/to/T5PA46C35C2Q0J6B3ZT0MHHG98/en,diamond-sale-eg
https://www.propertyfinder.eg/to/VHXC8Y57NC94Z926WX35G2H6BG/en,diamond-sale-eg
https://www.propertyfinder.eg/to/5RYN9CWE9PXWSX3BHPX95RJN4R/en,diamond-sale-eg
https://www.propertyfinder.eg/to/JW1W7WSV5S6CW4TWXYCRGKYYY0/en,diamond-sale-eg
https://www.propertyfinder.eg/to/VTBXB8TXWSXFDQ21N0382PACS4/en,diamond-sale-eg
https://www.propertyfinder.eg/to/VGBB3W8591VA846PDJ40EAY9FW/en,diamond-sale-eg
https://www.propertyfinder.eg/to/P1SPBE0356RQVH24G7YCS238ZR/en,diamond-sale-eg
https://www.propertyfinder.eg/to/PQXQ64ED689HZR9TG7ZZMXPXB4/en,diamond-sale-eg
https://www.propertyfinder.eg/to/1RHT4BX9Q6VYTHKAVNTP01AZM0/en,diamond-sale-eg
https://www.propertyfinder.eg/to/CK6FPGM10FYVCPTVNBB35VAJ04/en,diamond-sale-eg
https://www.propertyfinder.eg/to/9N4X2037W6J13425SGHNQHVX6R/en,diamond-sale-eg
https://www.propertyfinder.eg/to/6V6C76Q5CQD0HBYWS56BF90TGM/en,diamond-sale-eg
https://www.propertyfinder.eg/to/SFF00JP8ZBXMCSX5STM971RSJR/en,diamond-sale-eg
https://www.propertyfinder.eg/to/V92Q65BYCMM24255PVBM629YFM/en,diamond-sale-eg
https://www.propertyfinder.eg/to/7GJ379YVMWHEMBNX5H0Z08V8X4/en,diamond-sale-eg
https://www.propertyfinder.eg/to/H0N3QGCR0SB7XDQH1D2H0KWBE0/en,diamond-sale-eg
https://www.propertyfinder.eg/to/A25RH1FW2S6VBYBEDFFB3F81G0/en,diamond-sale-eg
https://www.propertyfinder.eg/to/QBJN8ACXHYA5ZPX6NRQZM4ZB28/en,diamond-sale-eg
https://www.propertyfinder.eg/to/X34V1CX7115QW73SZR8K9THQ14/en,diamond-sale-eg
https://www.propertyfinder.eg/to/57D93A41GDZGZ1P0CT22SXFYPR/en,diamond-sale-eg
https://www.propertyfinder.eg/to/3BGG1BZKKAMH4M5RSG41Q4PG94/en,diamond-sale-eg
https://www.propertyfinder.eg/to/PZHB7NG3Q8K3QRXTY7DK9DM6P0/en,diamond-sale-eg
https://www.propertyfinder.eg/to/BSRFKDWKB4WPP42F3A3NZ2RDCM/en,diamond-sale-eg
https://www.propertyfinder.eg/to/MPWHC1QJ32ZKPW6N24W28M2FF4/en,diamond-sale-eg
https://www.propertyfinder.eg/to/35G1CHQWMRJCF3DAAK3TREE2WM/en,diamond-sale-eg
https://www.propertyfinder.eg/to/C1614YDJ65RQD761FA9Q385VVR/en,diamond-sale-eg
https://www.propertyfinder.eg/to/AVNE3Y7Q3RYF4KXC2WBD4WC2BC/en,diamond-sale-eg
https://www.propertyfinder.eg/to/TZYEV4YJSJ71YVZ2A74PV40KPM/en,diamond-sale-eg
https://www.propertyfinder.eg/to/XB47GR4JS6WYYBXV5AEM53769W/en,diamond-sale-eg
https://www.propertyfinder.eg/to/ZMTR9ETJZNZJBTHCHHH2GK71RC/en,diamond-sale-eg
https://www.propertyfinder.eg/to/VWPN1AFE8062ZQMDE1KXDXX1H8/en,diamond-sale-eg
https://www.propertyfinder.eg/to/TQV5XCB88Z8DBPKPEM37TQR2JW/en,diamond-sale-eg
https://www.propertyfinder.eg/to/R67G8ART5X0GQ2Z2BKXS7PFJX0/en,diamond-sale-eg
https://www.propertyfinder.eg/to/MXKFPEPWMXXMGP81QA9DHTJEWM/en,diamond-sale-eg
https://www.propertyfinder.eg/to/9S0ZW129AZKKJK6QGWAM6G1NSC/en,diamond-sale-eg
https://www.propertyfinder.eg/to/RRC6AXMHD8M8P0SFZVB9W2A6TW/en,diamond-sale-eg
https://www.propertyfinder.eg/to/50CEZDWXA473P98G0P8E0XYGSR/en,diamond-sale-eg
https://www.propertyfinder.eg/to/V0SD1TE10A3T7P6ZHVXWEBTB30/en,diamond-sale-eg
https://www.propertyfinder.eg/to/QQKHKTMSD1JHTGWJHBH9XKRARR/en,diamond-sale-eg
https://www.propertyfinder.eg/to/7BNXQPFFJKG63VWVPJW2GFWGXC/en,diamond-sale-eg
https://www.propertyfinder.eg/to/4QQAVXRX9CS63HCQMECHCE74JC/en,diamond-sale-eg
https://www.propertyfinder.eg/to/Z3FTYY6F499EYT01SMADEBREEW/en,diamond-sale-eg
https://www.propertyfinder.eg/to/2DRH73KKDK5WT3K7RKYXSWVD88/en,diamond-sale-eg
https://www.propertyfinder.eg/to/8ETBFGXVV3FYSM6DRC18EQBYY4/en,diamond-sale-eg
https://www.propertyfinder.eg/to/K94YY8DQN4W31ZVPFTGTA7ZP4R/en,diamond-sale-eg
https://www.propertyfinder.eg/to/8SPEEHHPN5T7PRX4285PTTPV3M/en,diamond-sale-eg
https://www.propertyfinder.eg/to/5MDC6G1J49CAZGK6T92GE43HX0/en,diamond-sale-eg
https://www.propertyfinder.eg/to/D21QJ8F39GRRB0C5H12TWY18PG/en,diamond-sale-eg
https://www.propertyfinder.eg/to/F1R8CA69C7X77KDCVXX92GGVWW/en,diamond-sale-eg
https://www.propertyfinder.eg/to/K3J78RF6WY5N53JKNC0WZ2CJTG/en,diamond-sale-eg
https://www.propertyfinder.eg/to/PYHR8AFX1RT0G976CHFZG6ZMDG/en,diamond-sale-eg
https://www.propertyfinder.eg/to/2NFR6RF16EKYAKAARBP8KAFQRR/en,diamond-sale-eg
https://www.propertyfinder.eg/to/EA02S5N48Y9WT6Y1NG0A4YZ77C/en,diamond-sale-eg
https://www.propertyfinder.eg/to/C5ZACPTHR8CDN0XBRYZ8EBYYA4/en,diamond-sale-eg
https://www.propertyfinder.eg/to/01KABC7ZCNPTQGQGAD8JC5YTHT/en,diamond-sale-eg
https://www.propertyfinder.eg/to/MGB2JZ5MDDCW5VSS8GDJDB49PM/en,diamond-sale-eg
https://www.propertyfinder.eg/to/PHJ646D0K7RYGGBP5CNRP2CEK4/en,diamond-sale-eg
https://www.propertyfinder.eg/to/91CF0TQQSDBSMX4P5M6TB7X0AW/en,diamond-sale-eg
https://www.propertyfinder.eg/to/8D9ZNW7338E1BY2PCMEPNNENBG/en,diamond-sale-eg
https://www.propertyfinder.eg/to/2WXV354MSEW6QP5KQ0DND4TM2M/en,diamond-sale-eg
https://www.propertyfinder.eg/to/3WDHR075FM83YWA77P4QBR4RXM/en,diamond-sale-eg
https://www.propertyfinder.eg/to/M9VVCC7A67S589BNTBJWBXCD9G/en,diamond-sale-eg
https://www.propertyfinder.eg/to/N6FRAG4395MG59PVNZNF1NZYYG/en,diamond-sale-eg
https://www.propertyfinder.eg/to/RPEE2CFAMNRZJD2JF50GAJ601C/en,diamond-sale-eg
https://www.propertyfinder.eg/to/C8D867P2R3BQV2QHF045M0HRYW/en,diamond-sale-eg
https://www.propertyfinder.eg/to/8R32NXX284KRJ04KM0M7JCCPWM/en,diamond-sale-eg
https://www.propertyfinder.eg/to/F14BFQVVTRSR1SP0C66EVCGAX4/en,diamond-sale-eg
https://www.propertyfinder.eg/to/PJBRT9NY8BZEQNZVTM94BYPRMR/en,diamond-sale-eg
https://www.propertyfinder.eg/to/6PJ9PZWG4ZQBKRP8W5H1B506A8/en,diamond-sale-eg
https://www.propertyfinder.eg/to/VTRWKQ0N7R51GEC2BSR8R6H194/en,diamond-sale-eg
https://www.propertyfinder.eg/to/YRE1E509T6T368WVMARDPY8FZW/en,diamond-sale-eg
https://www.propertyfinder.eg/to/4RM52ECX19TNFFYAHP4Q4WC3NW/en,diamond-sale-eg
https://www.propertyfinder.eg/to/5T87VZMZ6ZS2T4335G59TZFWNW/en,diamond-sale-eg
https://www.propertyfinder.eg/to/6RH3KMK424NAB87DM7JEAKRDNR/en,diamond-sale-eg
https://www.propertyfinder.eg/to/ZW9QW4SP4XDSXBQF9WWNTHXW6M/en,diamond-sale-eg
https://www.propertyfinder.eg/to/PM80HMW46YTK6KE0VKE7JRAQD4/en,diamond-sale-eg
https://www.propertyfinder.eg/to/13A1FST0KR1KPBM156S88Y4EJM/en,diamond-sale-eg
https://www.propertyfinder.eg/to/MTYYBWF071WX7S6TQ5FE7HQD4W/en,diamond-sale-eg
https://www.propertyfinder.eg/to/J9A9PNKSY5424QWJ0QSZ16ZGRG/en,diamond-sale-eg
https://www.propertyfinder.eg/to/5AME2FFKEEE74FZXZM2KPB4V4R/en,diamond-sale-eg
https://www.propertyfinder.eg/to/VNKV1NPQWYZBVYSWH5WF6HFJ94/en,diamond-sale-eg
https://www.propertyfinder.eg/to/2XTGENTKSZC4ABS99H8FNZ0YFW/en,diamond-sale-eg
https://www.propertyfinder.eg/to/H1BAFCG26TRB28DK5J9VMT0PSW/en,diamond-sale-eg
https://www.propertyfinder.eg/to/1Z4FC0FRF4DPBWZXBYWM44G380/en,diamond-sale-eg
https://www.propertyfinder.eg/to/G7608E1QN5H2B4P2Q2ATS04KF4/en,diamond-sale-eg
https://www.propertyfinder.eg/to/DK4H6Y1XF46P924NG5Z81FSC78/en,diamond-sale-eg
https://www.propertyfinder.eg/to/7313QFEQWCYEJW3FVK56T0A400/en,diamond-sale-eg
https://www.propertyfinder.eg/to/YD62ZSSTSDG4ERCVVX6898EE98/en,diamond-sale-eg
https://www.propertyfinder.eg/to/S408K49ZVZ8V279SZKZSDJXTJC/en,diamond-sale-eg
https://www.propertyfinder.eg/to/BJQMBRYVG61WG8Y7XEMZ2KB3N4/en,diamond-sale-eg
https://www.propertyfinder.eg/to/01K9YG02C9HJQ85SAY3SHD17RR/en,diamond-sale-eg
https://www.propertyfinder.eg/to/01K9VZQR3S46516E2EQGGB9AAR/en,diamond-sale-eg
https://www.propertyfinder.eg/to/01K9SFV8H3NQRBTW4A6C4WZS89/en,diamond-sale-eg
https://www.propertyfinder.eg/to/XX4EFXRHM2H1P7NXJDJKGFWDNW/en,diamond-sale-eg
https://www.propertyfinder.eg/to/8FSCQK6Q4Z5DQ5Q91RHPGTS24R/en,diamond-sale-eg
https://www.propertyfinder.eg/to/CH3P77NPNGRBCF7APYG6PC6WQR/en,diamond-sale-eg
https://www.propertyfinder.eg/to/PADQTBSBE9G5HX4C5YASC6TKJ4/en,diamond-sale-eg
https://www.propertyfinder.eg/to/C81D81157PR2KC79ZTZJN0T6CW/en,diamond-sale-eg
https://www.propertyfinder.eg/to/004RPCR6MRE8Y6KRSM1P84W2XG/en,diamond-sale-eg
https://www.propertyfinder.eg/to/RPS7DPJZSZPBAPHBBY2SY9M1WC/en,diamond-sale-eg
https://www.propertyfinder.eg/to/7FZYREXH946Z83DC2D3MPEVY6R/en,diamond-sale-eg
https://www.propertyfinder.eg/to/8BB3H0Q1QQN0F7WGMMFX32GJCR/en,diamond-sale-eg
https://www.propertyfinder.eg/to/JJ4CX3MS3NT0Y2GBSQDZYNCJ84/en,diamond-sale-eg
https://www.propertyfinder.eg/to/NQK720CHBBT6W0VV78MVNPCSYC/en,diamond-sale-eg
https://www.propertyfinder.eg/to/9ZAFTXGTQ3XV4YKW1K22Y19QY8/en,diamond-sale-eg
https://www.propertyfinder.eg/to/EPDXAYSYRVX2TPJ1HWY8G7BYVM/en,diamond-sale-eg
https://www.propertyfinder.eg/to/X6WNWDFDFBXHCS198T8DWZ9R74/en,diamond-sale-eg
https://www.propertyfinder.eg/to/TR6BDRQ33YD8SESF8B5W6VY6YR/en,diamond-sale-eg
https://www.propertyfinder.eg/to/NYFBZ89X7504CGKQMCG6MSVTG8/en,diamond-sale-eg
https://www.propertyfinder.eg/to/KQ7N4N1JH7QRWRFQKFVXQHRFTG/en,diamond-sale-eg
https://www.propertyfinder.eg/to/F0D07CWXSVB0FKCEZMGZMW5DGG/en,diamond-sale-eg
https://www.propertyfinder.eg/to/9EK48CT2BPZBADG2G5J2ZEBRKW/en,diamond-sale-eg
https://www.propertyfinder.eg/to/VH8FAY4ZH38CAEJ0GTNE2JZCZ4/en,diamond-sale-eg
https://www.propertyfinder.eg/to/APKP0HXF6TQ1CEDMN7EN347AP4/en,diamond-sale-eg
https://www.propertyfinder.eg/to/NMVEEV7H9N5RXDAR090XC90FXW/en,diamond-sale-eg
https://www.propertyfinder.eg/to/G26E7CP1XG2CNY87TY0AZGX0E0/en,diamond-sale-eg
https://www.propertyfinder.eg/to/SJEK6JYG0PY5FRDNBP4CK9WG58/en,diamond-sale-eg
https://www.propertyfinder.eg/to/CGECB95S35V4SE2YHN5FESDBVW/en,diamond-sale-eg
https://www.propertyfinder.eg/to/SZ2HR9KJP1KGVH8Q7Q9CYSCN9M/en,diamond-sale-eg
https://www.propertyfinder.eg/to/5Z1T3R94Z59QXT6KTH9FBZETR4/en,diamond-sale-eg
https://www.propertyfinder.eg/to/M2CD692QSFQXWNT1BPTYJJ78W0/en,diamond-sale-eg
https://www.propertyfinder.eg/to/3A557HF2DHM8YJM2ZYXG5B5RS0/en,diamond-sale-eg
https://www.propertyfinder.eg/to/JA2JAGRKSZESHET6XGKBYDNYCR/en,diamond-sale-eg
https://www.propertyfinder.eg/to/VC6GV3RE6B058EN53MAVDB0CVW/en,diamond-sale-eg
https://www.propertyfinder.eg/to/MSQ5NX51HMQZ5ZRKZ4N476QDBR/en,diamond-sale-eg
https://www.propertyfinder.eg/to/V8ZSZYK25GYF1AM8MYRZ03CZB4/en,diamond-sale-eg
https://www.propertyfinder.eg/to/8VV7N79FX9WD78WG6RAB863800/en,diamond-sale-eg
https://www.propertyfinder.eg/to/0XXQR30ZNN1PMWAAN03H0HRFPW/en,diamond-sale-eg
https://www.propertyfinder.eg/to/J3W6S5X32PFPNE1X3AK0GATMNM/en,diamond-sale-eg
https://www.propertyfinder.eg/to/F3NHZ3E9G9JSH6MMS1JMJP6X8R/en,diamond-sale-eg
https://www.propertyfinder.eg/to/EHM2W71TKZYC5AANBVH2KYWX08/en,diamond-sale-eg
https://www.propertyfinder.eg/to/XEDP9PDVKDHQWE7ZBYXYYPC7QW/en,diamond-sale-eg
https://www.propertyfinder.eg/to/YPTMRYG2DHJM70DGVE5YPEEWGC/en,diamond-sale-eg
https://www.propertyfinder.eg/to/T9EQ5D78YT7WTXJG4R0M7DQ03W/en,diamond-sale-eg
https://www.propertyfinder.eg/to/1GHDXPFDW7YN0NRCVZPZCEW1JR/en,diamond-sale-eg
https://www.propertyfinder.eg/to/YSND3JSMT5XSR3QR1H65MX5BY0/en,diamond-sale-eg
https://www.propertyfinder.eg/to/F7DHHAQGCVMT0H7GGR3TCZQEWM/en,diamond-sale-eg
https://www.propertyfinder.eg/to/KEE15JFG80Y69TY64Q65GEW69M/en,diamond-sale-eg
https://www.propertyfinder.eg/to/34M7FWE3SXNXZA9GAPMP3492X4/en,diamond-sale-eg
https://www.propertyfinder.eg/to/01K9MDKTKK20NJ936F5G2XCYYZ/en,diamond-sale-eg
https://www.propertyfinder.eg/to/NAV7DC772A0QVM8QKPFV9W23SR/en,diamond-sale-eg
https://www.propertyfinder.eg/to/HMSFXZ3403AA5MBPCKHTMTZ5PC/en,diamond-sale-eg
https://www.propertyfinder.eg/to/1RFGF8E78F76PX5TMZNNW03CHC/en,diamond-sale-eg
https://www.propertyfinder.eg/to/6MPWT2RN6ZJSHX8A8DD55TG5EG/en,diamond-sale-eg
https://www.propertyfinder.eg/to/WSTXSN7YMD4ET19K5ZBJJCXXBR/en,diamond-sale-eg
https://www.propertyfinder.eg/to/TRWCK3T0DDY26K7YNF9GHKF08R/en,diamond-sale-eg
https://www.propertyfinder.eg/to/78XD4K8TFHH73NZ5V1XMEETH2R/en,diamond-sale-eg
https://www.propertyfinder.eg/to/ZH0NS8K2605BTGWR7ABZ77X9Z0/en,diamond-sale-eg
https://www.propertyfinder.eg/to/Q537RGVD1S5WVNQHG5V2GXZFAM/en,diamond-sale-eg
https://www.propertyfinder.eg/to/3D6YK3DVYTF8E9NBWF1EFPXX1C/en,diamond-sale-eg
https://www.propertyfinder.eg/to/F7ARBZS7HRFQNMMAZ0GCRHEQHM/en,diamond-sale-eg
https://www.propertyfinder.eg/to/3QY9F3KY5ZF7KZWPDNWWG0SRSM/en,diamond-sale-eg
https://www.propertyfinder.eg/to/DJSZFTCRDV9JTBCTPZY6DGD5MM/en,diamond-sale-eg
https://www.propertyfinder.eg/to/M39363MGAGBCTBKKPKYSSQ1X88/en,diamond-sale-eg
https://www.propertyfinder.eg/to/98ZM5ATV1Q70DS3BZPQ0C4XB40/en,diamond-sale-eg
https://www.propertyfinder.eg/to/GZG1PW34FVKZJ34E527Z1K12VC/en,diamond-sale-eg
https://www.propertyfinder.eg/to/WXGHBPXA8Y4KPX6K7B925B1020/en,diamond-sale-eg
https://www.propertyfinder.eg/to/TC1DBAKHW4J40BX4ZWWXJY071R/en,diamond-sale-eg
https://www.propertyfinder.eg/to/AYK28SC2CAGSZ40WXR30MHSPZR/en,diamond-sale-eg
https://www.propertyfinder.eg/to/V6S40DE4GNCH42TDD2B1AC9ZAR/en,diamond-sale-eg
https://www.propertyfinder.eg/to/MQMJ8DE5ATYF04VMPVSAQ6NAMR/en,diamond-sale-eg
https://www.propertyfinder.eg/to/5GHED20Z7E3DZ1JAG9R0MN6HWM/en,diamond-sale-eg
https://www.propertyfinder.eg/to/06PSAH7ZXR913X7V6THDTWQZ8W/en,diamond-sale-eg
https://www.propertyfinder.eg/to/P4R9E0NNDXVC6BBEW24YAS70KM/en,diamond-sale-eg
https://www.propertyfinder.eg/to/EFNC52WPPJ7HVWMC4MBWF8CS7W/en,diamond-sale-eg
https://www.propertyfinder.eg/to/P7VX5YBS9T1YHJKTMJSPPZDZ3C/en,diamond-sale-eg
https://www.propertyfinder.eg/to/EERXB5SCM1KV157766QHJW63VW/en,diamond-sale-eg
https://www.propertyfinder.eg/to/NX28ESG1RF19VDX5YQP08Z33SM/en,diamond-sale-eg
https://www.propertyfinder.eg/to/BKBVVTJGXS74NQA3354E0X91DC/en,diamond-sale-eg
https://www.propertyfinder.eg/to/VWT4HHDV7WTP5QXDXWTQQBD6QG/en,diamond-sale-eg
https://www.propertyfinder.eg/to/A1BYTZ172KGAWV80JJ40D06D24/en,diamond-sale-eg
https://www.propertyfinder.eg/to/KNZ07K4KWBFXD2CKCZC8AC6ZK8/en,diamond-sale-eg
https://www.propertyfinder.eg/to/VMAV6004P93RRDGGJ8E9Q9HQ38/en,diamond-sale-eg
https://www.propertyfinder.eg/to/AN3EGP4PFX99EWRJT83YYTAES4/en,diamond-sale-eg
https://www.propertyfinder.eg/to/RGBD81N53H65SX50ZRGHZSBJRR/en,diamond-sale-eg
https://www.propertyfinder.eg/to/S3WDWNG30BWG0RYTY4QJ7YPFCG/en,diamond-sale-eg
https://www.propertyfinder.eg/to/8YC5AHEWSFEGFE7WTA4QY9RB6M/en,diamond-sale-eg
https://www.propertyfinder.eg/to/1N4HATE6RN76KHDHBR9Y8ET6FM/en,diamond-sale-eg
https://www.propertyfinder.eg/to/39JEKXNYFHGRTM61TRQVS67KF8/en,diamond-sale-eg
https://www.propertyfinder.eg/to/1MD5DNK4G81R4X2C0GCT58X18W/en,diamond-sale-eg
https://www.propertyfinder.eg/to/S9Y6Z5B7YR77ZR7YBK8TSD33RG/en,diamond-sale-eg
https://www.propertyfinder.eg/to/MKBQVCWT34PD57KFM19RDTDQ94/en,diamond-sale-eg
https://www.propertyfinder.eg/to/7Z3GN20C0A9S97Z0EHNEXVS8B4/en,diamond-sale-eg
https://www.propertyfinder.eg/to/KF02Q8M3NX06HBQBRT2DKTGQBG/en,diamond-sale-eg
https://www.propertyfinder.eg/to/HBHTZA6EVZNV31C59J58DC6Q5G/en,diamond-sale-eg
https://www.propertyfinder.eg/to/HYJMMTT30GCXY5X6DRSJMT9HPC/en,diamond-sale-eg
https://www.propertyfinder.eg/to/B0NCG6B5PYRPCR5DX8FR9PXZ68/en,diamond-sale-eg
https://www.propertyfinder.eg/to/JH9QT6EN4RJDD3M03BQ7TGH7PM/en,diamond-sale-eg
https://www.propertyfinder.eg/to/X28PBJ0QDHXSB87WTTF1TE395G/en,diamond-sale-eg
https://www.propertyfinder.eg/to/TMV3HG6FC67ZHSNCGR4HHVBJH4/en,diamond-sale-eg
https://www.propertyfinder.eg/to/X5S0MV3GG65N783RQRD4TH3J8R/en,diamond-sale-eg
https://www.propertyfinder.eg/to/E3BKFTM15VMM8RD5EC2JZZM08C/en,diamond-sale-eg
https://www.propertyfinder.eg/to/HXAJ6SD5QSZDDC3YREQPTT0FRR/en,diamond-sale-eg
https://www.propertyfinder.eg/to/MD6GRG9KDH9Z04H7RW6CW6YA7M/en,diamond-sale-eg
https://www.propertyfinder.eg/to/HH086YMEQEFD312N5HEXTSASG8/en,diamond-sale-eg
https://www.propertyfinder.eg/to/5ZTXRN6JNHNKA1C76YYWY88SFW/en,diamond-sale-eg
https://www.propertyfinder.eg/to/EEP6D8NPRC43VYQN63EJNRC2MM/en,diamond-sale-eg
https://www.propertyfinder.eg/to/ET65GGV5SKREV45E6C5AW2ZF74/en,diamond-sale-eg
https://www.propertyfinder.eg/to/RAB0ZT2PE417M7XHZYPM1JTWRR/en,diamond-sale-eg
https://www.propertyfinder.eg/to/MB0MFNJ5DM9804RQSMQ4AGB5KR/en,diamond-sale-eg
https://www.propertyfinder.eg/to/WXCSDK3KA6BQS7TB4YTQCJHYRC/en,diamond-sale-eg
https://www.propertyfinder.eg/to/PTWVKZ2XVWRD6GRCTSYDHZYW08/en,diamond-sale-eg
https://www.propertyfinder.eg/to/GCFDQ0Q8WJBFZD30MA3RA9QWRM/en,diamond-sale-eg
https://www.propertyfinder.eg/to/ZEFTAPSCDF7JTQDA2H0RVNWP20/en,diamond-sale-eg
https://www.propertyfinder.eg/to/X2QRZRD7V87YSZAZZ79DBY6MCC/en,diamond-sale-eg
https://www.propertyfinder.eg/to/3F1JJTCZY55KM5HS95ZHC08SCW/en,diamond-sale-eg
https://www.propertyfinder.eg/to/C492NS1XRZ2X9A7GKAD0J4STJ4/en,diamond-sale-eg
https://www.propertyfinder.eg/to/AX8V9T8NQHDG2YB8ZW8CET9MG0/en,diamond-sale-eg
https://www.propertyfinder.eg/to/TEHG8QREA2BZDAPJS6G9WCX4Y8/en,diamond-sale-eg
https://www.propertyfinder.eg/to/6G2TJ5EG2Z9D24PATX74P0HM5M/en,diamond-sale-eg
https://www.propertyfinder.eg/to/JY58KPDZ8S2SH5D93VAGCCBKVC/en,diamond-sale-eg
https://www.propertyfinder.eg/to/04NB0NCKF5X9H14Y91Y0AGM8M8/en,diamond-sale-eg
https://www.propertyfinder.eg/to/G9EH0EE43WB27DZBACTFMM2R4C/en,diamond-sale-eg
https://www.propertyfinder.eg/to/4BAQPX0J47JT89YGS297HEXF78/en,diamond-sale-eg
https://www.propertyfinder.eg/to/AN49HS4VRCD7PFNSR12CHX0WTR/en,diamond-sale-eg
https://www.propertyfinder.eg/to/RAA07MDT732J1X4RBVEKSM8QJW/en,diamond-sale-eg
https://www.propertyfinder.eg/to/M4BC4PWG1Y54JTSTJS0P1H5FJ8/en,diamond-sale-eg
https://www.propertyfinder.eg/to/RW4A90GHSM5MXX675ZNKX22JZR/en,diamond-sale-eg
https://www.propertyfinder.eg/to/R3N351A3PN2MX5JZTQ4J7VYQQ0/en,diamond-sale-eg
https://www.propertyfinder.eg/to/WSTF96ZEY63S22XF2ZA7JMRP5M/en,diamond-sale-eg
https://www.propertyfinder.eg/to/CXA008BY6NQ6FBZQ4B6RN25ME0/en,diamond-sale-eg
https://www.propertyfinder.eg/to/0ZW2W1ZC1WCGZ0N1KSJM3908J8/en,diamond-sale-eg
https://www.propertyfinder.eg/to/3QPMHYBN1ZRYWGRMQCJ153KQ1M/en,diamond-sale-eg
https://www.propertyfinder.eg/to/A7C8BJZYAVGMZVDKGPP7AH070W/en,diamond-sale-eg
https://www.propertyfinder.eg/to/Y95EJFN746H0H0Y83FBWMZWS54/en,diamond-sale-eg
https://www.propertyfinder.eg/to/F98BZ9AYB1QD1AC8PY7D2ZX1R0/en,diamond-sale-eg
https://www.propertyfinder.eg/to/SFCY32365N9A3S59BPFFMGCBE4/en,diamond-sale-eg
https://www.propertyfinder.eg/to/M0JNBX67EY8FDRAK1Z9BVKMCP0/en,diamond-sale-eg
https://www.propertyfinder.eg/to/XRATVTKZYB27P3V85C477JX7HW/en,diamond-sale-eg
https://www.propertyfinder.eg/to/HR1STY5M3BZVNXT1KXPF7EXV20/en,diamond-sale-eg
https://www.propertyfinder.eg/to/H43NJ1XQD379X47KPT6X8YJYY0/en,diamond-sale-eg
https://www.propertyfinder.eg/to/B9JZXQYXER67MZJ9QRGCXSSAGW/en,diamond-sale-eg
https://www.propertyfinder.eg/to/NKM849K6MP14J5NJ77YWEQ036C/en,diamond-sale-eg
https://www.propertyfinder.eg/to/XX1RDH8DDR20TMKS5TXBVCEN1G/en,diamond-sale-eg
https://www.propertyfinder.eg/to/1RG85PYNNDYPRN52009GJHPKEW/en,diamond-sale-eg
https://www.propertyfinder.eg/to/Z7H57CTFPR5CD6ZVBMJ3W54XZ0/en,diamond-sale-eg
https://www.propertyfinder.eg/to/C06VYK7TD9EHD8SQMHS3W5R2N4/en,diamond-sale-eg
https://www.propertyfinder.eg/to/9T2FTTB0C5H42NY4T29ZNRTR1G/en,diamond-sale-eg
https://www.propertyfinder.eg/to/SYC0XWFVMM4PE3K67CW4M4QJ7W/en,diamond-sale-eg
https://www.propertyfinder.eg/to/WCPX9N25RY430ZACN16M3AAWRR/en,diamond-sale-eg
https://www.propertyfinder.eg/to/E81G008SQ3C2DRGD853SPB56D8/en,diamond-sale-eg
https://www.propertyfinder.eg/to/8XZ4XKG1N8AEK12H0C0CV8VMWW/en,diamond-sale-eg
https://www.propertyfinder.eg/to/PWFF86WQWRX3CDP5DD09Z201SG/en,diamond-sale-eg
https://www.propertyfinder.eg/to/B7D4KNCA16PTRJY7P4JZ1X9EN8/en,diamond-sale-eg
https://www.propertyfinder.eg/to/PKSYNGPHCEVCX6C8DY1Z8H3A9G/en,diamond-sale-eg
https://www.propertyfinder.eg/to/QHXFXBC2EYX9KQ7MK99178WMEG/en,diamond-sale-eg
https://www.propertyfinder.eg/to/D8F9NTNSX2RM9DWHJQPRH2ABEG/en,diamond-sale-eg
https://www.propertyfinder.eg/to/BC1V9EQEN093GETMPZXMRQ7XR4/en,diamond-sale-eg
https://www.propertyfinder.eg/to/6EW6WS420DPYX81N8QMPPMFPH0/en,diamond-sale-eg
https://www.propertyfinder.eg/to/ZS3EP1XZZNDTADRSXBHQDAGB7M/en,diamond-sale-eg
https://www.propertyfinder.eg/to/MMVT3HC75MHXTCP0BY1XR21KB8/en,diamond-sale-eg
https://www.propertyfinder.eg/to/ZKF32AYFMQWJJGC369RW663EA0/en,diamond-sale-eg
https://www.propertyfinder.eg/to/REN6X29WQGEGHZVCRXJWTMTGNC/en,diamond-sale-eg
https://www.propertyfinder.eg/to/8WMFXHG9DB87TTMH0C4PVQMXQW/en,diamond-sale-eg
https://www.propertyfinder.eg/to/3YCDETCXDJQW0519CJREDGADPW/en,diamond-sale-eg
https://www.propertyfinder.eg/to/9H6ZW7BAHCDEZ07X56CZFNFEK4/en,diamond-sale-eg
https://www.propertyfinder.eg/to/WW4K62HQYBMSYYE3GX5WDB4E6G/en,diamond-sale-eg
https://www.propertyfinder.eg/to/NN3SNQF7NKWG79N388K0ZVAR4G/en,diamond-sale-eg
https://www.propertyfinder.eg/to/BV4DC8S5JCVJZZT0XQA9VY476W/en,diamond-sale-eg
https://www.propertyfinder.eg/to/2XX5BKMD2QDNSVW0RNHDEVCJNM/en,diamond-sale-eg
https://www.propertyfinder.eg/to/SP0CXVEW1DSVERP9VGFH0EQ1D8/en,diamond-sale-eg
https://www.propertyfinder.eg/to/0T0FZVW6D88PK0PETBTD2D1TER/en,diamond-sale-eg
https://www.propertyfinder.eg/to/X26TJ4W8VSMHDRV5040JV29VN0/en,diamond-sale-eg
https://www.propertyfinder.eg/to/5R1VC6GWC4YMN4W0KGJ82ZX430/en,diamond-sale-eg
https://www.propertyfinder.eg/to/98DD3QA0TBGV3C6HHXREBY064W/en,diamond-sale-eg
https://www.propertyfinder.eg/to/93EWQPDSZBCNGPCFKW9HPC9Z24/en,diamond-sale-eg
https://www.propertyfinder.eg/to/3K3EVZVF127WYPYZRMDR0JAX10/en,diamond-sale-eg
https://www.propertyfinder.eg/to/PFFY721Z347005WHPQX3PN08FR/en,diamond-sale-eg
https://www.propertyfinder.eg/to/700BWHGVBQGK150PBZEJPQE9S0/en,diamond-sale-eg
https://www.propertyfinder.eg/to/K95FYCFKRV7KJWCP6RQS02M9WM/en,diamond-sale-eg
https://www.propertyfinder.eg/to/01JT35F4QRW19ZTDCPYJBYGPVP/en,diamond-sale-eg
https://www.propertyfinder.eg/to/AP9VVT726XX3FSRXM1MF7C8M6M/en,diamond-sale-eg
https://www.propertyfinder.eg/to/6AVWZWJM5N8GTNR23AWGZBHTSC/en,diamond-sale-eg
https://www.propertyfinder.eg/to/YTDXKHW64CPJDS42YX7TFFD068/en,diamond-sale-eg
https://www.propertyfinder.eg/to/8GWPQ2QNVZT3N9YWS778WVTSXC/en,diamond-sale-eg
https://www.propertyfinder.eg/to/Q0V1QT4DQF5CQ1FMYGRKKFW6Z8/en,diamond-sale-eg
https://www.propertyfinder.eg/to/VRW8M1NT4HVA894S8PXTAJ1W0C/en,diamond-sale-eg
https://www.propertyfinder.eg/to/QNS1S4ZM2FCCB0EDRBAEHCK8CG/en,diamond-sale-eg
https://www.propertyfinder.eg/to/S03FYXBARK3A0FHJRJWCWDXZ4C/en,diamond-sale-eg
https://www.propertyfinder.eg/to/6PDXKQWVN3VNBC2B3CTC8PX9GG/en,diamond-sale-eg
https://www.propertyfinder.eg/to/RM2GR0CN150ZTSQ1GXC9DBJ5GG/en,diamond-sale-eg
https://www.propertyfinder.eg/to/T9B5JHWR1XC11SF6X9GSN8M9X0/en,diamond-sale-eg
https://www.propertyfinder.eg/to/7SJS9YDPAXPQN7PT624NDHF6P8/en,diamond-sale-eg
https://www.propertyfinder.eg/to/XWJNG3CYN0C17G2ZS74KTG8TZC/en,diamond-sale-eg
https://www.propertyfinder.eg/to/F080MPMBYM13KYNK6DB7HJNJN0/en,diamond-sale-eg
https://www.propertyfinder.eg/to/GWSNS93F8EJ74C4Y31J9VVQGP0/en,diamond-sale-eg
https://www.propertyfinder.eg/to/TNTXE0ZQKA5T1RMH4AJJ73W3QR/en,diamond-sale-eg
https://www.propertyfinder.eg/to/Q0Q5X280KXK75B67V810436FQG/en,diamond-sale-eg
https://www.propertyfinder.eg/to/GR117ED6C0TTK03R27GH3FPCV0/en,diamond-sale-eg
https://www.propertyfinder.eg/to/RA37A2BN0RA3C360EH3CPG9FDC/en,diamond-sale-eg
https://www.propertyfinder.eg/to/MAMFX97Q546942HDMVF31CWQ3C/en,diamond-sale-eg
https://www.propertyfinder.eg/to/VYVVVNW747RCBAMK4TE6G4Z7FM/en,diamond-sale-eg
https://www.propertyfinder.eg/to/DCK4001XBH1MCRSCSWQ0MX9GDW/en,diamond-sale-eg
https://www.propertyfinder.eg/to/N76A2GF82F1DN9GW0BAZW8CE7M/en,diamond-sale-eg
https://www.propertyfinder.eg/to/G0A6GVWW0YBAQM2XXYMQGWQVW0/en,diamond-sale-eg
https://www.propertyfinder.eg/to/HJR2NN1SH6T984ZSNV0PB0554M/en,diamond-sale-eg
https://www.propertyfinder.eg/to/DTV4A989NNZ0M59JA9A5632MWR/en,diamond-sale-eg
https://www.propertyfinder.eg/to/221HNP4SPBHCMM4SXYG0HEQHSR/en,diamond-sale-eg
https://www.propertyfinder.eg/to/32HY9QB205WFAJ7FEBNTK305AM/en,diamond-sale-eg
https://www.propertyfinder.eg/to/QEMA6AF1D8HSYJKSYETARXBBXC/en,diamond-sale-eg
https://www.propertyfinder.eg/to/QF31H11B0HKRA0JXNNAGXSW330/en,diamond-sale-eg
https://www.propertyfinder.eg/to/1E8WKV3ACYB6T4ZC4112BRRGTR/en,diamond-sale-eg
https://www.propertyfinder.eg/to/GNXBNVNF3ZRWHY8SR3VNVHV07C/en,diamond-sale-eg
https://www.propertyfinder.eg/to/SEKKHBKCS3REH1WAJHTWSWDWGW/en,diamond-sale-eg
https://www.propertyfinder.eg/to/SC3ZW7GYG931G6MA3AY3FBG4GR/en,diamond-sale-eg
https://www.propertyfinder.eg/to/E9VEWZN9HKKSV770EZTDJ6RZBR/en,diamond-sale-eg
https://www.propertyfinder.eg/to/9YV7DN7AN9QFMBK33MK4G51GPG/en,diamond-sale-eg
https://www.propertyfinder.eg/to/WVEDY66JRXB5FQ1ZKEBXHQ50YM/en,diamond-sale-eg
https://www.propertyfinder.eg/to/7SFXJD42TW13CJKGG5MPSBW6TR/en,diamond-sale-eg
https://www.propertyfinder.eg/to/42H7030QXVJW29T7QH8YXX1SG4/en,diamond-sale-eg
https://www.propertyfinder.eg/to/DH3R3VQ8922D9PPP72NFV3JQVG/en,diamond-sale-eg
https://www.propertyfinder.eg/to/ZWZ5FTED0B50FZKRCZJX0TF9VW/en,diamond-sale-eg
https://www.propertyfinder.eg/to/HS542TQ8D1879SA43J9QT6HSQ4/en,diamond-sale-eg
https://www.propertyfinder.eg/to/6TQPSG9AXJAG9N3PVCT1H5EH9G/en,diamond-sale-eg
https://www.propertyfinder.eg/to/J97NZAZHP9363RM1ED678YYD60/en,diamond-sale-eg
https://www.propertyfinder.eg/to/WV8YCM3Y4G5J3RE7RQ8QC85JRW/en,diamond-sale-eg
https://www.propertyfinder.eg/to/YFQ9YBN0A09AAQKK9KVYN98F60/en,diamond-sale-eg
https://www.propertyfinder.eg/to/9FEX6Z19KG9C6N5WP9CPPPMCAG/en,diamond-sale-eg
https://www.propertyfinder.eg/to/SV4F1PEVS1X7GK5TQ2CPKDBA50/en,diamond-sale-eg
https://www.propertyfinder.eg/to/Q9BNG0PHP268WNXPBBWEX6P5ZW/en,diamond-sale-eg
https://www.propertyfinder.eg/to/2XVXSM0M8PGZZ8H5FJTPPF9QGG/en,diamond-sale-eg
https://www.propertyfinder.eg/to/VFSQH06XVYS261E1VCHZ2Y417R/en,diamond-sale-eg
https://www.propertyfinder.eg/to/CH5QY453PFQ3Q4H4BQ61RKYE8R/en,diamond-sale-eg
https://www.propertyfinder.eg/to/VWD1MK81FFAZF34J6WH62BP1KC/en,diamond-sale-eg
https://www.propertyfinder.eg/to/W1EK83D9XJBM51C36JXQ5EAEPM/en,diamond-sale-eg
https://www.propertyfinder.eg/to/NMVEZKGRSAC0BZ11HCHXXSHC0C/en,diamond-sale-eg
https://www.propertyfinder.eg/to/K6W72ANKAX5Q0PJ9KWDYCJ1S7M/en,diamond-sale-eg
https://www.propertyfinder.eg/to/06KGJF2RV0J68QMC0W1FRVDW1R/en,diamond-sale-eg
https://www.propertyfinder.eg/to/YMSTC93FN38YE64R4MVC6Y2FPW/en,diamond-sale-eg
https://www.propertyfinder.eg/to/CCVDN0H2J6QWR949HHZQ7E0HMR/en,diamond-sale-eg
https://www.propertyfinder.eg/to/312WRD9D9G51XE9ACTVK11AGGM/en,diamond-sale-eg
https://www.propertyfinder.eg/to/R6Y4HXMVE13KDS5NG7CHBK9HXR/en,diamond-sale-eg
https://www.propertyfinder.eg/to/2ZAQ75SQHR1CJK7VBQBWNBK62G/en,diamond-sale-eg
https://www.propertyfinder.eg/to/JH1HP54ARKGX9Y2MZAY5GXQ7QR/en,diamond-sale-eg
https://www.propertyfinder.eg/to/E6ZF6EMECK94D19TXA7ZE4CFT0/en,diamond-sale-eg
https://www.propertyfinder.eg/to/NN1QE39M16T23GANFJ1FMKMAT8/en,diamond-sale-eg
https://www.propertyfinder.eg/to/W33JDCWZZ9FRC07F80TCE7QP70/en,diamond-sale-eg
https://www.propertyfinder.eg/to/7WJFZSCAKFE5HJZPG83WSNE8EM/en,diamond-sale-eg
https://www.propertyfinder.eg/to/XFAMHB85EDSQRP7NKBQH6N44JR/en,diamond-sale-eg
https://www.propertyfinder.eg/to/S8PMFPH5K0HW2CNE4ZQJ0S9CJW/en,diamond-sale-eg
https://www.propertyfinder.eg/to/VK3ASJCN15NWXRP058YY6TPY3W/en,diamond-sale-eg
https://www.propertyfinder.eg/to/X0RPPYGPQ3414EVW7BHMCY7HE0/en,diamond-sale-eg
https://www.propertyfinder.eg/to/4HPCKS5RQYCKKQSCRCE9YWFACM/en,diamond-sale-eg
https://www.propertyfinder.eg/to/6TTZHFJ8DHW07BRP97XZBJ9TM4/en,diamond-sale-eg
https://www.propertyfinder.eg/to/BGSY17TTEZR8QD5K82V2PP365R/en,diamond-sale-eg
https://www.propertyfinder.eg/to/V3WCDYBFM3GQANFRTSGCEHKF5M/en,diamond-sale-eg
https://www.propertyfinder.eg/to/QD9XE8696JDQWJT7SEEBHASSKM/en,diamond-sale-eg
https://www.propertyfinder.eg/to/R65VZT9SQDPBMK8MCS6DVGQSBC/en,diamond-sale-eg
https://www.propertyfinder.eg/to/QAGKKYCM761251G40YCRNZ90KC/en,diamond-sale-eg
https://www.propertyfinder.eg/to/ZF7PQB5EGCR9VQDVSTV6XVCJB4/en,diamond-sale-eg
https://www.propertyfinder.eg/to/KQFPS18BXM0NZCD6RF5041CPER/en,diamond-sale-eg
https://www.propertyfinder.eg/to/4CDDHKA8268HS9RK04FPYYBPV8/en,diamond-sale-eg
https://www.propertyfinder.eg/to/HDYGV8P80Q6VXYVCG6TTRC4JD0/en,diamond-sale-eg
https://www.propertyfinder.eg/to/AVHZSZVGQTGH537RY22PW920MG/en,diamond-sale-eg
https://www.propertyfinder.eg/to/CK4QTMXTJ8XYRDJEWS82FYKHS0/en,diamond-sale-eg
https://www.propertyfinder.eg/to/CMNK73P99HAB5CV9NPMPFMG174/en,diamond-sale-eg
https://www.propertyfinder.eg/to/NCVZ6S033NM42TR11772356XMR/en,diamond-sale-eg
https://www.propertyfinder.eg/to/9P0RH06QKEE2RRZ448HGHCZW7G/en,diamond-sale-eg
https://www.propertyfinder.eg/to/YVZ7HQD0N895TFXDP563461YYG/en,diamond-sale-eg
https://www.propertyfinder.eg/to/13QXQGMQP0KC10YTN03GAPSB7C/en,diamond-sale-eg
https://www.propertyfinder.eg/to/4NDJD42DHRA5G2F1AJZW1EE268/en,diamond-sale-eg
https://www.propertyfinder.eg/to/V0692874XBWYABDZ9AR34Y2BQG/en,diamond-sale-eg
https://www.propertyfinder.eg/to/E7GXDPBA3B1YD9GJGPM929V0KC/en,diamond-sale-eg
https://www.propertyfinder.eg/to/708DRZZVZD73GHBE99T83NG4ER/en,diamond-sale-eg
https://www.propertyfinder.eg/to/CZWV9X75W9B5BKHFWYCZ9EF9DC/en,diamond-sale-eg
https://www.propertyfinder.eg/to/N49Y5YAFXDM3NNNF9PZ1BYWAA4/en,diamond-sale-eg
https://www.propertyfinder.eg/to/9G421KP4YG4ZHR9W4H0YD2B3QG/en,diamond-sale-eg
https://www.propertyfinder.eg/to/8JVCZA3044QP4EMYJCE3WXSM5C/en,diamond-sale-eg
https://www.propertyfinder.eg/to/0QQVXKYDV5SQXNNANDQWAW3E40/en,diamond-sale-eg
https://www.propertyfinder.eg/to/EKCMVVBYMQHVTR4GNEZSCWF3KG/en,diamond-sale-eg
https://www.propertyfinder.eg/to/Y5SD95PE5H38H4BF7MP1DJ4N48/en,diamond-sale-eg
https://www.propertyfinder.eg/to/Y9DH3DC7J44W09NTC781WBYFVW/en,diamond-sale-eg
https://www.propertyfinder.eg/to/ZWM41VPATGARF3ZPTSFZQBZCJ4/en,diamond-sale-eg
https://www.propertyfinder.eg/to/4NAA1YYDSDFN5D1TV1KQ6MDTD8/en,diamond-sale-eg
https://www.propertyfinder.eg/to/AN8GXFZAJN8FNHKVRYTJ2ERFG0/en,diamond-sale-eg
https://www.propertyfinder.eg/to/9729S4YJ1VD6V2GJGJ53NKWX28/en,diamond-sale-eg
https://www.propertyfinder.eg/to/P9WEGF9ZE5AZYEP1XA62G5DC24/en,diamond-sale-eg
https://www.propertyfinder.eg/to/EZNRB9KXD95FC8JJRFGB1CFQRM/en,diamond-sale-eg
https://www.propertyfinder.eg/to/PBYNQMDWG077DRE8R452C9EJPC/en,diamond-sale-eg
https://www.propertyfinder.eg/to/66MJS9BS2XCG2SR01BBHPR14J4/en,diamond-sale-eg
https://www.propertyfinder.eg/to/7P1SGHTC76A31A3GE8K15T5544/en,diamond-sale-eg
https://www.propertyfinder.eg/to/N0T2YHQGRZT8D5Z5WXAWMK4YC0/en,diamond-sale-eg
https://www.propertyfinder.eg/to/SFC8KBY1EX52N8SKRSHK7RXKQR/en,diamond-sale-eg
https://www.propertyfinder.eg/to/Z47K5CZX01Z5B7F97E890EJ5W0/en,diamond-sale-eg
https://www.propertyfinder.eg/to/HEHX0AVVJWNH0GPMXGTR4GZ8HW/en,diamond-sale-eg
https://www.propertyfinder.eg/to/7B41CQN07MFNM28HCNNEMK7YFR/en,diamond-sale-eg
https://www.propertyfinder.eg/to/5K9NZGAXM01F8YBHV7MNQR4G50/en,diamond-sale-eg
https://www.propertyfinder.eg/to/BYBZ6Y2X2CVE3S13PZT5BK0DRM/en,diamond-sale-eg
https://www.propertyfinder.eg/to/YG75RSS20WTFSYS4FND08YDEJ0/en,diamond-sale-eg
https://www.propertyfinder.eg/to/F2FRKAZD9T7D94TD8RXC39177R/en,diamond-sale-eg
https://www.propertyfinder.eg/to/TSRBZVWP5SQKGQQB4ENNDCYEZC/en,diamond-sale-eg
https://www.propertyfinder.eg/to/4K2W0Z3SX01P9BS499F5PFYMA4/en,diamond-sale-eg
https://www.propertyfinder.eg/to/GH5PA0RZPT51041GFAPCBRGY8M/en,diamond-sale-eg
https://www.propertyfinder.eg/to/RT0RYAGJSVFH14QBS7G77VX2F8/en,diamond-sale-eg
https://www.propertyfinder.eg/to/EV9E9YD3KT66WKGYMMTY9Q07VW/en,diamond-sale-eg
https://www.propertyfinder.eg/to/Z698T9V9HDRC4FZ9XEV7BN3TPM/en,diamond-sale-eg
https://www.propertyfinder.eg/to/HA6DNCJ67R23XJZN2M56PF9F5G/en,diamond-sale-eg
https://www.propertyfinder.eg/to/EG31HM5JPX8Q99CKDMGZ2CPZZ4/en,diamond-sale-eg
https://www.propertyfinder.eg/to/C1HABNGG1MYGEENREFMV4A8XKG/en,diamond-sale-eg
https://www.propertyfinder.eg/to/YRQVRC79A3CMKF4737N96NJREC/en,diamond-sale-eg
https://www.propertyfinder.eg/to/W2XZMT6DG3G2G86F6ZAZWBZPD0/en,diamond-sale-eg
https://www.propertyfinder.eg/to/ET1SYXXK56G0B81PJB55CV9W4R/en,diamond-sale-eg
https://www.propertyfinder.eg/to/TJGBRR9TY1X1167VB6Q2EY9GK8/en,diamond-sale-eg
https://www.propertyfinder.eg/to/WVHC303PPXMEWSWPS6QQKTYHFG/en,diamond-sale-eg
https://www.propertyfinder.eg/to/ZJ9FKCRTBKEZRXHBP08E81X3WC/en,diamond-sale-eg
https://www.propertyfinder.eg/to/GG95WBFYMEJ7JVZ2KVJRD1JGVC/en,diamond-sale-eg
https://www.propertyfinder.eg/to/BCA3BB4AY61BPS0S3HS5CV42JR/en,diamond-sale-eg
https://www.propertyfinder.eg/to/KDGH80BW9Y6A3151HEHZKE6K44/en,diamond-sale-eg
https://www.propertyfinder.eg/to/RCPCKWNB0G7530QCKPDGZNMYP0/en,diamond-sale-eg
https://www.propertyfinder.eg/to/78ZN77AANYS1A2QHFPAPRHCXC4/en,diamond-sale-eg
https://www.propertyfinder.eg/to/FFS9FY332NXP6B9PNF6617BJ7G/en,diamond-sale-eg
https://www.propertyfinder.eg/to/FC18TDV8M6DKK32BBNG6R5KR0M/en,diamond-sale-eg
https://www.propertyfinder.eg/to/P6QEX3W1XM342XET1AHDD9EYK8/en,diamond-sale-eg
https://www.propertyfinder.eg/to/TRHA79YE6A32DEMEKMKJZDMB48/en,diamond-sale-eg
https://www.propertyfinder.eg/to/Y7A1GZESKC1P4REPMNPT97W3T4/en,diamond-sale-eg
https://www.propertyfinder.eg/to/6W99J6XB8513YHRHQTZAWPF1J8/en,diamond-sale-eg
https://www.propertyfinder.eg/to/FV094V6PTFKQT5XM6X4GJZSA9G/en,diamond-sale-eg
https://www.propertyfinder.eg/to/7VXTWE8J4WV6Z0GZ0QQFGESEXW/en,diamond-sale-eg
https://www.propertyfinder.eg/to/S17N9CKM6VFD1YYJNH6NSM00KM/en,diamond-sale-eg
https://www.propertyfinder.eg/to/QTR2W0NWPRJ77MSQ88FHRJ4TC0/en,diamond-sale-eg
https://www.propertyfinder.eg/to/MVAW4N6ATNBCQCMSQC2Z649PQ4/en,diamond-sale-eg
https://www.propertyfinder.eg/to/MHJ750BJJ5F307FZPM0536Z5EM/en,diamond-sale-eg
https://www.propertyfinder.eg/to/NSAF28AWXK3NHZJGAMFTVHZ82C/en,diamond-sale-eg
https://www.propertyfinder.eg/to/2GDFPMRFQC3VJP9PMFMJ1JGMK8/en,diamond-sale-eg
https://www.propertyfinder.eg/to/0Y1CDTWA7ZERB8XVYFH6MW6VZR/en,diamond-sale-eg
https://www.propertyfinder.eg/to/VH6BJAPZCXFT526XMP4MTXXCA0/en,diamond-sale-eg
https://www.propertyfinder.eg/to/MSCHZ4Z5RD9MQZ3WH98736SHF4/en,diamond-sale-eg
https://www.propertyfinder.eg/to/QQT7RTE8C6ECEMVHRJT7N7CK0C/en,diamond-sale-eg
https://www.propertyfinder.eg/to/3NBJ71DQSHVJTNCK4GZ98D2HM0/en,diamond-sale-eg
https://www.propertyfinder.eg/to/XWMNAGVCC7AWYWVQ2P0AB01NNG/en,diamond-sale-eg
https://www.propertyfinder.eg/to/N57Q1H3V47AN44YM8DR12DT98G/en,diamond-sale-eg
https://www.propertyfinder.eg/to/YRVZ3QMCGRD0B04Z5V3H8378WM/en,diamond-sale-eg
https://www.propertyfinder.eg/to/3MAT6G9GVJ44FSEFSZVGG94A14/en,diamond-sale-eg
https://www.propertyfinder.eg/to/ZDBWM21Q3CGRFB4SKWXVJZNDMW/en,diamond-sale-eg
https://www.propertyfinder.eg/to/77GW4D7T06PE7F53JF1N6PR194/en,diamond-sale-eg
https://www.propertyfinder.eg/to/BXQM4MXJNE07J8VHCDQFWDCRBM/en,diamond-sale-eg
https://www.propertyfinder.eg/to/TREYY5PQB1DCVTST032MFNWJZR/en,diamond-sale-eg
https://www.propertyfinder.eg/to/QXA97N6H693WQJV7TFVV552ECG/en,diamond-sale-eg
https://www.propertyfinder.eg/to/A3NEAD2FN5P4ZN4VFEAXX9S6E8/en,diamond-sale-eg
https://www.propertyfinder.eg/to/AYDKQY44C87E4B48QENSKRGQMM/en,diamond-sale-eg
https://www.propertyfinder.eg/to/A3VDZXG9SJTKQR9SXKVG86GE3M/en,diamond-sale-eg
https://www.propertyfinder.eg/to/SYCX9BP4C1ZBXNKPNZDPF57PJ4/en,diamond-sale-eg
https://www.propertyfinder.eg/to/N9SFWGKC0T6DQXC4Q0Z54Y5PVM/en,diamond-sale-eg
https://www.propertyfinder.eg/to/MTZZMMJ6G0PJ8S5PHY68P8W6QW/en,diamond-sale-eg
https://www.propertyfinder.eg/to/EBHY89F866H71N61S55GTK2GQ8/en,diamond-sale-eg
https://www.propertyfinder.eg/to/5J7BMH3PRG3Z9388MWEVZW1DYR/en,diamond-sale-eg
https://www.propertyfinder.eg/to/FT3B2M6FEX7VA1J5BRXG318FK0/en,diamond-sale-eg
https://www.propertyfinder.eg/to/PKS604FSBY33W3QT3DQFJASSKC/en,diamond-sale-eg
https://www.propertyfinder.eg/to/Y3TVGAB8TS3FMX7WHM7RQRCTA0/en,diamond-sale-eg
https://www.propertyfinder.eg/to/JKGWGR1NASKX129X1B000MAS4R/en,diamond-sale-eg
https://www.propertyfinder.eg/to/KPWKZ7QNK3GGZK52H39JZJ16WG/en,diamond-sale-eg
https://www.propertyfinder.eg/to/5X5A5ZEBVTDJ5F682W4647JVD8/en,diamond-sale-eg
https://www.propertyfinder.eg/to/7W32T2J91396GZS741XB7WCYHG/en,diamond-sale-eg
https://www.propertyfinder.eg/to/6PBGQ5SS4FX6VYCP4VC73KAAXG/en,diamond-sale-eg
https://www.propertyfinder.eg/to/TFQVW3PHEY71N7WQXAVHZT4PD4/en,diamond-sale-eg
https://www.propertyfinder.eg/to/01K8ZMNJXK7YVCVBFKCZ3NGNKF/en,diamond-sale-eg
https://www.propertyfinder.eg/to/C7FSSF15DNGFZMGJDRP7WG0RPM/en,diamond-sale-eg
https://www.propertyfinder.eg/to/R3927Z8RN06Y5Z8AX413Z7FG84/en,diamond-sale-eg
https://www.propertyfinder.eg/to/ZK9H5PTERFEKZGK0ZCC594JM88/en,diamond-sale-eg
https://www.propertyfinder.eg/to/TK8YW1YAK961V937CEAAJ9V7A4/en,diamond-sale-eg
https://www.propertyfinder.eg/to/ZMVVSKBKCMNH398Y0FH23W8E8C/en,diamond-sale-eg
https://www.propertyfinder.eg/to/STPVWJ9R0Z8AC29X6QZ10RCS3R/en,diamond-sale-eg
https://www.propertyfinder.eg/to/5M8F6TWDP5Q2ZSQ2512V9MJ5T0/en,diamond-sale-eg
https://www.propertyfinder.eg/to/2MBSNRMWKVZWS8GKMJ1DNTY5EG/en,diamond-sale-eg
https://www.propertyfinder.eg/to/EBA5H4S4XWBJ9Z657N98HTHEPM/en,diamond-sale-eg
https://www.propertyfinder.eg/to/VZFKX824QTQTFC0M52JX9CQK0M/en,diamond-sale-eg
https://www.propertyfinder.eg/to/EY5XXV6GGWAHGQS5R4C2QDH2EM/en,diamond-sale-eg
https://www.propertyfinder.eg/to/JX0QVYE3MW3C32PQMMXH7RW3PR/en,diamond-sale-eg
https://www.propertyfinder.eg/to/11B8WTFT7FE9AE352SZF93R674/en,diamond-sale-eg
https://www.propertyfinder.eg/to/3CQN4RJ638EMMCZVWKKBFX2QDG/en,diamond-sale-eg
https://www.propertyfinder.eg/to/3AZDR25T43SVBPZFGVE6Y9DSF8/en,diamond-sale-eg
https://www.propertyfinder.eg/to/841HP9YTJ8Y90VVDEY1QGF0YAW/en,diamond-sale-eg
https://www.propertyfinder.eg/to/9BE705875BFGZB9EH4GGSJQ9H8/en,diamond-sale-eg
https://www.propertyfinder.eg/to/4QMY2ZBR0GXQNK830W0GK8GA3C/en,diamond-sale-eg
https://www.propertyfinder.eg/to/XSQ2RPGA15JZ6E8EJBV7NGR4YW/en,diamond-sale-eg
https://www.propertyfinder.eg/to/BKY3S8VYWFMA4QZ0GR4EDG2M50/en,diamond-sale-eg
https://www.propertyfinder.eg/to/Z167TTAQRQ5GFFJ6PD9XFFWWPM/en,diamond-sale-eg
https://www.propertyfinder.eg/to/082Q79C7KJKNH84JE203TVK5XM/en,diamond-sale-eg
https://www.propertyfinder.eg/to/YE7PBEC2NR1EB4DD74WV2W0P0M/en,diamond-sale-eg
https://www.propertyfinder.eg/to/PB8Y87B5DBDTVNXQMC40F7RHFG/en,diamond-sale-eg
https://www.propertyfinder.eg/to/H43VPATEFQGYKSY94C8W8NFG6W/en,diamond-sale-eg
https://www.propertyfinder.eg/to/1PJ1DMCDH57ETG5X43EW18F5CM/en,diamond-sale-eg
https://www.propertyfinder.eg/to/C276W9B48CX8TRSRPFG0Y9NXE4/en,diamond-sale-eg
https://www.propertyfinder.eg/to/PS8FHETETV16Y3JTGCQ0WJM4R4/en,diamond-sale-eg
https://www.propertyfinder.eg/to/ZVQCFWTG6F89MVSTCX6MJEG6G4/en,diamond-sale-eg
https://www.propertyfinder.eg/to/SXYMFKKEG2DSQ2T500SC5DJR5W/en,diamond-sale-eg
https://www.propertyfinder.eg/to/DABZ7904C3D11KCJFZYV3R1P84/en,diamond-sale-eg
https://www.propertyfinder.eg/to/TV82DF1410W6EEDNXVDDJ3R3QR/en,diamond-sale-eg
https://www.propertyfinder.eg/to/SZQP39WV0EEMGGKD3PP6XMBXZ4/en,diamond-sale-eg
https://www.propertyfinder.eg/to/0373RXR600EK2AWNZFF622KSDG/en,diamond-sale-eg
https://www.propertyfinder.eg/to/3JX0ACNV9X5N9Q2FDZ6H640G30/en,diamond-sale-eg
https://www.propertyfinder.eg/to/QEHN9D3D123YEAS7SRD986XEC4/en,diamond-sale-eg
https://www.propertyfinder.eg/to/VHK62901K8R04C15HHQH4C0K94/en,diamond-sale-eg
https://www.propertyfinder.eg/to/MZ7GZ8ENNY94E4RRVJYC3B9GNG/en,diamond-sale-eg
https://www.propertyfinder.eg/to/PF5HQ9Z23TCWNFKRV9K70CS5KC/en,diamond-sale-eg
https://www.propertyfinder.eg/to/M6SVE8ZWXF3V3V0W4NYKQRZQ78/en,diamond-sale-eg
https://www.propertyfinder.eg/to/83HAMG37XQQG8EF9DVDHSRJF34/en,diamond-sale-eg
https://www.propertyfinder.eg/to/K5STFYJN3NFJAT2MDJ3YS3BM8G/en,diamond-sale-eg
https://www.propertyfinder.eg/to/T1400NXT92ZFX8Y8RB284CWMSW/en,diamond-sale-eg
https://www.propertyfinder.eg/to/10HSYGDTDNSGTWMQND3BF24GFC/en,diamond-sale-eg
https://www.propertyfinder.eg/to/4TV35QR8XR6230B4HK2EE247NC/en,diamond-sale-eg
https://www.propertyfinder.eg/to/P1MB0ZQH8XN9SAPSB47J1JTNER/en,diamond-sale-eg
https://www.propertyfinder.eg/to/B3J2DTJHCHP6169N8EBGMVSKH4/en,diamond-sale-eg
https://www.propertyfinder.eg/to/TDVJF4EX6T973CGN52QRMSPE28/en,diamond-sale-eg
https://www.propertyfinder.eg/to/KXYXYTF6DQXY5DJ9NFNK1PFHSC/en,diamond-sale-eg
https://www.propertyfinder.eg/to/EDF0RGDBMECKKRF2KXP5FD3DQ0/en,diamond-sale-eg
https://www.propertyfinder.eg/to/CX4J8XFKNGCNDN11VW8SRDASH8/en,diamond-sale-eg
https://www.propertyfinder.eg/to/P905EMFDS5NTD417G2VSP4NY7W/en,diamond-sale-eg
https://www.propertyfinder.eg/to/FZMM8BZJE8B3TBH27591ZR3C2M/en,diamond-sale-eg
https://www.propertyfinder.eg/to/VCED2TESVNN6NXC855YPJ4GP80/en,diamond-sale-eg
https://www.propertyfinder.eg/to/EVBQN99G510JJDA32RFCW18EWR/en,diamond-sale-eg
https://www.propertyfinder.eg/to/7E3EM0NAC1M38PSG9E21KVH248/en,diamond-sale-eg
https://www.propertyfinder.eg/to/NW29MR2P97P7QY7Q46MDEF1AVG/en,diamond-sale-eg
https://www.propertyfinder.eg/to/VHTYWY9HC3HYTSBT4X5CQVPDW0/en,diamond-sale-eg
https://www.propertyfinder.eg/to/4X9QC7CGSKFQPZA01RYPEW0P9W/en,diamond-sale-eg
https://www.propertyfinder.eg/to/6F66YPENTFF17NY59QSVRN5H7W/en,diamond-sale-eg
https://www.propertyfinder.eg/to/D5F6C95JHBYSR46DENP6FBFMFR/en,diamond-sale-eg
https://www.propertyfinder.eg/to/3MRECTRQ6RSJ07NHSMD0WBG618/en,diamond-sale-eg
https://www.propertyfinder.eg/to/2J2YP90S6BC7X6W7D4ZF9P933M/en,diamond-sale-eg
https://www.propertyfinder.eg/to/AC680NXN1FV401HVT2TH64Y5H4/en,diamond-sale-eg
https://www.propertyfinder.eg/to/DV3VKDVHHKQ7VTMQFBPVKT6N0W/en,diamond-sale-eg
https://www.propertyfinder.eg/to/CRXS6HJHN21Z0CZ46116SG3J1G/en,diamond-sale-eg
https://www.propertyfinder.eg/to/S26C9ZYVA1BKY3DMX71G79NBTR/en,diamond-sale-eg
https://www.propertyfinder.eg/to/W9S1FN5JB3197EXGS1Q3F35TA0/en,diamond-sale-eg
https://www.propertyfinder.eg/to/P9JGQJ3Y8A41NDSAVVW6FQ06F0/en,diamond-sale-eg
https://www.propertyfinder.eg/to/M9K7FFQFBDVFHED8CKC0J23MQG/en,diamond-sale-eg
https://www.propertyfinder.eg/to/9MBRBPSPEV9M4EX3Y2W1AZHDQG/en,diamond-sale-eg
https://www.propertyfinder.eg/to/N39B3TYDSXMPRVS7VXC2JPYCB4/en,diamond-sale-eg
https://www.propertyfinder.eg/to/VA5S0R8XSEJYPHJGG2XNK154PC/en,diamond-sale-eg
https://www.propertyfinder.eg/to/P9ZQHYE8JGVG5F7Q60JNX28MYC/en,diamond-sale-eg
https://www.propertyfinder.eg/to/30Q6QW7W4RA26QKN0BH58RN9FC/en,diamond-sale-eg
https://www.propertyfinder.eg/to/541G667PRX3VEPQK3KJ0GAQTH8/en,diamond-sale-eg
https://www.propertyfinder.eg/to/P1MENE3EASMFZP8EYBS4ZNPNA8/en,diamond-sale-eg
https://www.propertyfinder.eg/to/NMP370KPPX19Z32K9HXTPBGJMG/en,diamond-sale-eg
https://www.propertyfinder.eg/to/JCR4KZ7HP3S7417Q754KVH3PKG/en,diamond-sale-eg
https://www.propertyfinder.eg/to/VBFWRHTRDXFRBME6RQ1QWRM9Q4/en,diamond-sale-eg
https://www.propertyfinder.eg/to/C7C4FCM1HB1DRR0DKVF74PHZSC/en,diamond-sale-eg
https://www.propertyfinder.eg/to/8WVCH0CPFYQ8467QWAWGCNPH0M/en,diamond-sale-eg
https://www.propertyfinder.eg/to/3DSSDG9TRZXSGHRC11JCXGQC74/en,diamond-sale-eg
https://www.propertyfinder.eg/to/K21SRZQT0B5JBBSVCAC24YWZT8/en,diamond-sale-eg
https://www.propertyfinder.eg/to/259QDZTA4V1K4NMXEVFA55AV70/en,diamond-sale-eg
https://www.propertyfinder.eg/to/54JGY3CT7B4N9AC1Y4QGPD3V48/en,diamond-sale-eg
https://www.propertyfinder.eg/to/ZMAE6KZGG69EMW2S54JNSA6KWR/en,diamond-sale-eg
https://www.propertyfinder.eg/to/1DX3VZT7HD117NR5NVC1DW35ZG/en,diamond-sale-eg
https://www.propertyfinder.eg/to/8ZQVC7M91W3873AWE6BT2M2NWR/en,diamond-sale-eg
https://www.propertyfinder.eg/to/TCM3ZJ0F4V5BCHZYTP9VF81WQ4/en,diamond-sale-eg
https://www.propertyfinder.eg/to/CASYR94B7PMPJ6G4MDBR8JQBY0/en,diamond-sale-eg
https://www.propertyfinder.eg/to/PXX6RMZJBDX6SNTM4HE4MV593G/en,diamond-sale-eg
https://www.propertyfinder.eg/to/A7EB59B6CYQ72HYACC7684K9GR/en,diamond-sale-eg
https://www.propertyfinder.eg/to/MS9C4D6KD6MXR3D9V84HMY5PZG/en,diamond-sale-eg
https://www.propertyfinder.eg/to/Z896M3P5VGYK8BW2KNXP8REP3W/en,diamond-sale-eg
https://www.propertyfinder.eg/to/BP5EZ9X7B34C1YNJRYE76T3SE8/en,diamond-sale-eg
https://www.propertyfinder.eg/to/0SSDQH20B7CQ6FQ2BHRQJJAFBW/en,diamond-sale-eg
https://www.propertyfinder.eg/to/ZCW6855K6J79ZXBDSXZFT5YHP0/en,diamond-sale-eg
https://www.propertyfinder.eg/to/HRDCNJWC05J178WCD8D274HZRR/en,diamond-sale-eg
https://www.propertyfinder.eg/to/Q3Y7QEWW3407X7VC4SRDZCWKT8/en,diamond-sale-eg
https://www.propertyfinder.eg/to/FMW3E6HCXCXK8Z38J5Z5ZMJBBC/en,diamond-sale-eg
https://www.propertyfinder.eg/to/N63NNXZY70T99MTTM2PFNNYGDR/en,diamond-sale-eg
https://www.propertyfinder.eg/to/8M8W9HRB4E3RVS6B933AKDFZ9M/en,diamond-sale-eg
https://www.propertyfinder.eg/to/TX9278WYVDYS7GS7J694KWBXDM/en,diamond-sale-eg
https://www.propertyfinder.eg/to/5EPY9E6WP5NZJ8ETVREVTXDTRG/en,diamond-sale-eg
https://www.propertyfinder.eg/to/0XV7N8SZEPBED8GJ2F03FNRPDW/en,diamond-sale-eg
https://www.propertyfinder.eg/to/JG74RGTVDYSTDD1T3YAHHEMYEC/en,diamond-sale-eg
https://www.propertyfinder.eg/to/23C8PCF5NJFC906WJ9D7PS3AQR/en,diamond-sale-eg
https://www.propertyfinder.eg/to/PP9SRNTTT2JX4XXQEK3ZEHD79M/en,diamond-sale-eg
https://www.propertyfinder.eg/to/ME7MF1NQ89E0A56HM09M68G3EM/en,diamond-sale-eg
https://www.propertyfinder.eg/to/NKGKJGJJG83M3RXC3SYPP2KDQG/en,diamond-sale-eg
https://www.propertyfinder.eg/to/0JSN1EXH6XETK2ZVM3WZRZ91GR/en,diamond-sale-eg
https://www.propertyfinder.eg/to/TSWA07749Q4645S563FE3K7AVW/en,diamond-sale-eg
https://www.propertyfinder.eg/to/QGZM7TA8YD4KMA4J5W7HE8CGQR/en,diamond-sale-eg
https://www.propertyfinder.eg/to/B79ED8VZG75FRKD5GZMBCMWB5R/en,diamond-sale-eg
https://www.propertyfinder.eg/to/TKQSBX1EG1RABTM71YGMHTCVH4/en,diamond-sale-eg
https://www.propertyfinder.eg/to/AD7KKH8HGWW98VJS5G9HAZKHJ8/en,diamond-sale-eg
https://www.propertyfinder.eg/to/4H1ZC5P7E0M16H16EDFEPEW064/en,diamond-sale-eg
https://www.propertyfinder.eg/to/QPHFWCV6WBQCS53MJ9E5PFVCK0/en,diamond-sale-eg
https://www.propertyfinder.eg/to/80S5AT5CHD4DZT93M4Y4DA49PW/en,diamond-sale-eg
https://www.propertyfinder.eg/to/G2RFV3BF62MD0QM3TMCH15GESR/en,diamond-sale-eg
https://www.propertyfinder.eg/to/5HVDPJTRP7T23R2A1M6A8EKYDC/en,diamond-sale-eg
https://www.propertyfinder.eg/to/FXVB48P3W00BPFY8394PYYJZGG/en,diamond-sale-eg
https://www.propertyfinder.eg/to/AK5BBZZB49DVC5MS9FP3WVD2GC/en,diamond-sale-eg
https://www.propertyfinder.eg/to/1WFRW5H89HRQKZD7CM2W2G2P58/en,diamond-sale-eg
https://www.propertyfinder.eg/to/SAMTT3ATSR45DJD6JYEE5PQHJ4/en,diamond-sale-eg
https://www.propertyfinder.eg/to/78F9H5JAPD4GP5GYWXQ6WY5950/en,diamond-sale-eg
https://www.propertyfinder.eg/to/1MXZMRS2C1328YK9H0VGB06GQ4/en,diamond-sale-eg
https://www.propertyfinder.eg/to/DPV58Z0VDDTAW2N65DST26RDJG/en,diamond-sale-eg
https://www.propertyfinder.eg/to/SEPV4F52682HJY1H7PAZVEZZXM/en,diamond-sale-eg
https://www.propertyfinder.eg/to/76FYX2VJWATESSHNEV243N70EG/en,diamond-sale-eg
https://www.propertyfinder.eg/to/9QZME2X49FFAG8TXE2SNAVEXR8/en,diamond-sale-eg
https://www.propertyfinder.eg/to/897ENJ9BDANCXCWQBVAR718B3G/en,diamond-sale-eg
https://www.propertyfinder.eg/to/7X90KCFF053VPH9MP8PJ81XD9W/en,diamond-sale-eg
https://www.propertyfinder.eg/to/03K42G7ZTKW44YHJV98ZRJ0R8R/en,diamond-sale-eg
https://www.propertyfinder.eg/to/RT53Q47K71JDPR73A7TA4BJ0Y0/en,diamond-sale-eg
https://www.propertyfinder.eg/to/MKV6XXFVW778H4581HZD9GZBFR/en,diamond-sale-eg
https://www.propertyfinder.eg/to/9BJ7PVHAS33F8QC7BC1B3ZNDWG/en,diamond-sale-eg
https://www.propertyfinder.eg/to/BGQG0FK4TXT11G0FE0HZV3BCDC/en,diamond-sale-eg
https://www.propertyfinder.eg/to/RRSPBARCZ2A2JKEBYZ6ET8YE28/en,diamond-sale-eg
https://www.propertyfinder.eg/to/NANH0YKMAFCKF5X1QC3YH4588M/en,diamond-sale-eg
https://www.propertyfinder.eg/to/KE9FE45TZNEP8N52ZE6Z0EXT24/en,diamond-sale-eg
https://www.propertyfinder.eg/to/DB70THDXF2HHASJWKDZ66C60MR/en,diamond-sale-eg
https://www.propertyfinder.eg/to/PGEE670FZPGFJ26HG6G5CRTC4C/en,diamond-sale-eg
https://www.propertyfinder.eg/to/12574MXFNZ0K1H48TM7JSN2YC4/en,diamond-sale-eg
https://www.propertyfinder.eg/to/86Y2J8KPTAMNVWWSVM4X3CXY10/en,diamond-sale-eg
https://www.propertyfinder.eg/to/00PEA5EP8195SA86EV4X6G3AVG/en,diamond-sale-eg
https://www.propertyfinder.eg/to/Y4WPPZH7K6696QFXEXRMY0SHSC/en,diamond-sale-eg
https://www.propertyfinder.eg/to/ZE05GEPYN60TYWPZH57A4V2480/en,diamond-sale-eg
https://www.propertyfinder.eg/to/QN62EDX6Q084589R2MRFPA385M/en,diamond-sale-eg
https://www.propertyfinder.eg/to/4H54JYG9XQR86WSAGGB8MNK564/en,diamond-sale-eg
https://www.propertyfinder.eg/to/HFA0S52KB202WJ2M6JSW9V2790/en,diamond-sale-eg
https://www.propertyfinder.eg/to/PNZCG0254YF0C7VAV5W0P3XKZC/en,diamond-sale-eg
https://www.propertyfinder.eg/to/AGTYW09H5MCYKR17DFP9YZ3314/en,diamond-sale-eg
https://www.propertyfinder.eg/to/0VJE0931JWG6VZNRXQQ8TMPN9W/en,diamond-sale-eg
https://www.propertyfinder.eg/to/WY3F54RK5V1VP238DS9HKSQ45M/en,diamond-sale-eg
https://www.propertyfinder.eg/to/QBBXRK8Y4Q9S88MR481C1DBF3W/en,diamond-sale-eg
https://www.propertyfinder.eg/to/WYZW3X2BQT6AGAKRNZW11XCXJ0/en,diamond-sale-eg
https://www.propertyfinder.eg/to/76YDWH312DDJ9CGDM4789PHP8G/en,diamond-sale-eg
https://www.propertyfinder.eg/to/7GX3F5YS3XJSVJ6W6NVJAZS914/en,diamond-sale-eg
https://www.propertyfinder.eg/to/P1R5H8GMR6YZQQ5V9DMQ98T6TG/en,diamond-sale-eg
https://www.propertyfinder.eg/to/SK31E27MP3C8K4QMN49Z87Z7ZM/en,diamond-sale-eg
https://www.propertyfinder.eg/to/F18RFFD5MTQ6HBVNSMAC1HNX40/en,diamond-sale-eg
https://www.propertyfinder.eg/to/GEAV24AT7DSJ0CNFNFKSZT32PW/en,diamond-sale-eg
https://www.propertyfinder.eg/to/MBNMP6K1G6FG2T2JA119NQNNBW/en,diamond-sale-eg
https://www.propertyfinder.eg/to/VNJ55R9MQMAZS59S6NEGP8AERW/en,diamond-sale-eg
https://www.propertyfinder.eg/to/GQ0H9AW0W97WYEWGC3N8CM1R9R/en,diamond-sale-eg
https://www.propertyfinder.eg/to/P8E2GX2DD6MA4P95SQJS23JWTC/en,diamond-sale-eg
https://www.propertyfinder.eg/to/9R17GWX6NR0XCN92YDZ1H8KAQG/en,diamond-sale-eg
https://www.propertyfinder.eg/to/CQRPHQN5YGY194HYNPCDJ7RZX4/en,diamond-sale-eg
https://www.propertyfinder.eg/to/MSZN8SB22WS9D5NKMP3SV26SM8/en,diamond-sale-eg
https://www.propertyfinder.eg/to/5Z1TX3FG3N8PAEPRZE0XFRSF1G/en,diamond-sale-eg
https://www.propertyfinder.eg/to/SGR842FTJTAH9HECXE0YW1PBB4/en,diamond-sale-eg
https://www.propertyfinder.eg/to/FYDY8ZR70J4SMP57C6NN34S9KC/en,diamond-sale-eg
https://www.propertyfinder.eg/to/M8B8Y61MAE7EYFMDGYTGHWY3GG/en,diamond-sale-eg
https://www.propertyfinder.eg/to/8QH0PA05CPKY4JV4SH93PERW98/en,diamond-sale-eg
https://www.propertyfinder.eg/to/35Z5XEY52V7D1ZTDFQ62FSBQN0/en,diamond-sale-eg
https://www.propertyfinder.eg/to/A3G0JR0BVP2G3F64DKVX1NEYGW/en,diamond-sale-eg
https://www.propertyfinder.eg/to/93RGTC9H3BYEFW3DGY6NYYXQMR/en,diamond-sale-eg
https://www.propertyfinder.eg/to/8HAG2QPG1390TR3VN3PY7CEBRG/en,diamond-sale-eg
https://www.propertyfinder.eg/to/5N0W11SDE6HPME7FR1W04AZVW4/en,diamond-sale-eg
https://www.propertyfinder.eg/to/X86DWW4ZZGXXNAMG20JAK77TY4/en,diamond-sale-eg
https://www.propertyfinder.eg/to/F8YE7CP0AXDKWY52JTWM2N0ZCC/en,diamond-sale-eg
https://www.propertyfinder.eg/to/DAKQZHBSDNWJKBG2A8GE683PP0/en,diamond-sale-eg
https://www.propertyfinder.eg/to/8J3PG353WMDJ1AEVDCQ8MX4HQ8/en,diamond-sale-eg
https://www.propertyfinder.eg/to/5D5CTCKYVW98521BK73PK9PZMW/en,diamond-sale-eg
https://www.propertyfinder.eg/to/M6X3R1W8R90WGWA5XJZ61NRWQ0/en,diamond-sale-eg
https://www.propertyfinder.eg/to/56ED12AM0RBCRZ3ARZXM7FGV0M/en,diamond-sale-eg
https://www.propertyfinder.eg/to/1XRDKY4YMZ7KRT9NBBPPF1B3Q0/en,diamond-sale-eg
https://www.propertyfinder.eg/to/GQ8GRW704VN0NP36AC3CGRYBF8/en,diamond-sale-eg
https://www.propertyfinder.eg/to/9TNCFS6FW8QZCAAGDBCAJCBZC4/en,diamond-sale-eg
https://www.propertyfinder.eg/to/SP5XGN540GMW6W37CJBTMHZ7H4/en,diamond-sale-eg
https://www.propertyfinder.eg/to/KN104FHTMJFZQ103M9TB5XV1Y0/en,diamond-sale-eg
https://www.propertyfinder.eg/to/RWQAVJ3KBGTHKZSFW2WT1PCN58/en,diamond-sale-eg
https://www.propertyfinder.eg/to/VZ1J731Q2EATN2DRPX66JQYXP4/en,diamond-sale-eg
https://www.propertyfinder.eg/to/63C9JF2BCF00NPD2Y7XYTJPHAW/en,diamond-sale-eg
https://www.propertyfinder.eg/to/GC0NYB5SP90Q8JNRHWF1GQ5ZER/en,diamond-sale-eg
https://www.propertyfinder.eg/to/YAS5AAM30AS42XME8SF0KHERJ8/en,diamond-sale-eg
https://www.propertyfinder.eg/to/PN21NE93MQCKMH92N5TGDG2154/en,diamond-sale-eg
https://www.propertyfinder.eg/to/VTAF091N9J7ZQ5B6YNV4VXB3B8/en,diamond-sale-eg
https://www.propertyfinder.eg/to/EKHQZAZA8DZ1GGPK96H6KZ57MG/en,diamond-sale-eg
https://www.propertyfinder.eg/to/PHY9H21WBHZF6PNKZ4DG3JMC98/en,diamond-sale-eg
https://www.propertyfinder.eg/to/SNQ2YEBEVSZCZM3YK2TZ0NGPMW/en,diamond-sale-eg
https://www.propertyfinder.eg/to/TRPVA0KC8594WM5DGJ2TRMF5RW/en,diamond-sale-eg
https://www.propertyfinder.eg/to/GWQ6CS8TR19V4DAFZ85DMYWDTG/en,diamond-sale-eg
https://www.propertyfinder.eg/to/X39MS6MWYWHSHQA4Q7FY9FKMZC/en,diamond-sale-eg
https://www.propertyfinder.eg/to/YX9MFNWTY4SZN8KRP29T6PTH1G/en,diamond-sale-eg
https://www.propertyfinder.eg/to/BYHGQR210H974VC35M4NH9AB54/en,diamond-sale-eg
https://www.propertyfinder.eg/to/N9YAZ7MGP71QQXB0A6YGV7A7XR/en,diamond-sale-eg
https://www.propertyfinder.eg/to/1SKPB4T17R84XH5CAC3B3ZT98R/en,diamond-sale-eg
https://www.propertyfinder.eg/to/07Q8YF21ASH3FFV3SFQ8M1MYC0/en,diamond-sale-eg
https://www.propertyfinder.eg/to/94PJ1ZG3Q3SHW9KGHPJEJZBM9G/en,diamond-sale-eg
https://www.propertyfinder.eg/to/NJKR4KFG232005EGQ0WZ8J7BVG/en,diamond-sale-eg
https://www.propertyfinder.eg/to/N5Z0M4KK6XC95NW7FQWNC0APKR/en,diamond-sale-eg
https://www.propertyfinder.eg/to/J2CYWXFWVJN9XJFDRB1XJJJMEM/en,diamond-sale-eg
https://www.propertyfinder.eg/to/NVETGQHNRPG3D2S2CZ60JFJ6J4/en,diamond-sale-eg
https://www.propertyfinder.eg/to/NP60VMREN87JA5W5A07SQCTJR4/en,diamond-sale-eg
https://www.propertyfinder.eg/to/491Q165F02XH55CSH2HSV2GE9W/en,diamond-sale-eg
https://www.propertyfinder.eg/to/4ATPVQ82W3FG9G51Q95CEPGE0M/en,diamond-sale-eg
https://www.propertyfinder.eg/to/PZV3SWZP6CX7MRVA9SS8F8B108/en,diamond-sale-eg
https://www.propertyfinder.eg/to/6BWDHH3Y0BSZMYF8FBN7ED75WG/en,diamond-sale-eg
https://www.propertyfinder.eg/to/Y9YBKNRYP7Q9EVTSYCMM6YA4K8/en,diamond-sale-eg
https://www.propertyfinder.eg/to/75HJSHND4ZQ6T8D5YZQS96JAZR/en,diamond-sale-eg
https://www.propertyfinder.eg/to/1MBG79B8XQCTZKE3D6JFV7JJXR/en,diamond-sale-eg
https://www.propertyfinder.eg/to/W6XEJBY3NEPN9MT5W149G2XYJ4/en,diamond-sale-eg
https://www.propertyfinder.eg/to/33BSMYJ2ZTKBTXN6HG5AX0VTBR/en,diamond-sale-eg
https://www.propertyfinder.eg/to/EMEGVHJJ4ADREHFK9RGM8563JR/en,diamond-sale-eg
https://www.propertyfinder.eg/to/24VQCEA83B4X7J351TQD1DJCXW/en,diamond-sale-eg
https://www.propertyfinder.eg/to/2TXTJMG4BZF7EGDFB74HV2F8VG/en,diamond-sale-eg
https://www.propertyfinder.eg/to/CKH4ZS68ASF66VFX6MP03Y04N4/en,diamond-sale-eg
https://www.propertyfinder.eg/to/JF9J07BP9EPM2BD57P57R6X5E4/en,diamond-sale-eg
https://www.propertyfinder.eg/to/NSY4DKR6SKKK3BF6C9NSKRTPDC/en,diamond-sale-eg
https://www.propertyfinder.eg/to/X7TPJ2169M902Q75KF96H8KN9C/en,diamond-sale-eg
https://www.propertyfinder.eg/to/G3ZZBTVDHBV5X4EG277G6EAGX0/en,diamond-sale-eg
https://www.propertyfinder.eg/to/4G6GQA216AWEBBA8SJP8P4HS04/en,diamond-sale-eg
https://www.propertyfinder.eg/to/050ZYK3E7JCTDY4BZ2H7B6079R/en,diamond-sale-eg
https://www.propertyfinder.eg/to/CWREXFSQC30TXWPZ45NF4VR73G/en,diamond-sale-eg
https://www.propertyfinder.eg/to/DT2MJQNAD4P0DT9B9BZHCKBPN4/en,diamond-sale-eg
https://www.propertyfinder.eg/to/6ZW99WS259XZ50EDXZTR3SPDGR/en,diamond-sale-eg
https://www.propertyfinder.eg/to/N7FXT7BHK3K5W38B20J8GP2D2C/en,diamond-sale-eg
https://www.propertyfinder.eg/to/YQXXEN0WB1RYHE4BDA698EVW70/en,diamond-sale-eg
https://www.propertyfinder.eg/to/N4AFPKWEEDXFEMDMER9X8GQTB8/en,diamond-sale-eg
https://www.propertyfinder.eg/to/FVR8CG9XXMATETTP5Z7GGFBQQM/en,diamond-sale-eg
https://www.propertyfinder.eg/to/VFN6DX4KPAKYNM52ASD06SGSX8/en,diamond-sale-eg
https://www.propertyfinder.eg/to/NF2KMSJH1MQ0YNZSY602XXTXXC/en,diamond-sale-eg
https://www.propertyfinder.eg/to/PAAB7V415JBFG2B3ZM6KHFBFPM/en,diamond-sale-eg
https://www.propertyfinder.eg/to/WKBV66NZN1AQQ7BJN6X5JAC1NG/en,diamond-sale-eg
https://www.propertyfinder.eg/to/G2ZC4KQ7WJ1509EW7FBMBWHV1M/en,diamond-sale-eg
https://www.propertyfinder.eg/to/EE1FNS0BFEDQX0CQCWRYDF1FDR/en,diamond-sale-eg
https://www.propertyfinder.eg/to/1HXEBSPSH14V61NKF6V09377MG/en,diamond-sale-eg
https://www.propertyfinder.eg/to/93QATSXMZZ1NR87JM3NYPQTT64/en,diamond-sale-eg
https://www.propertyfinder.eg/to/TN39J4QAJGNEX2J9J2X0S5P2NW/en,diamond-sale-eg
https://www.propertyfinder.eg/to/3N6F60PNF0KMS15Y0RV6MFGCXW/en,diamond-sale-eg
https://www.propertyfinder.eg/to/963457H47XECW1QQKP5K0JW43R/en,diamond-sale-eg
https://www.propertyfinder.eg/to/2W631EH6XWAJWTF8QSTKMMFYHR/en,diamond-sale-eg
https://www.propertyfinder.eg/to/VKRZNRK4DA3VNDFQERX0BMFZ9C/en,diamond-sale-eg
https://www.propertyfinder.eg/to/Z4E22JJEHBKW58P4NX241CKYCR/en,diamond-sale-eg
https://www.propertyfinder.eg/to/M9KV0WWPKCR7NDRX0J4XWMXAQ8/en,diamond-sale-eg
https://www.propertyfinder.eg/to/TECVJ5SEA9K4WQ39C597WB2NH4/en,diamond-sale-eg
https://www.propertyfinder.eg/to/YFZG8RS3MNNKPH56GCXR6N799G/en,diamond-sale-eg
https://www.propertyfinder.eg/to/TWJG7FATNAFEWGSKKF90GSVM5W/en,diamond-sale-eg
https://www.propertyfinder.eg/to/ZH7DGVQ65VCQ59VN9K2G6KEP5W/en,diamond-sale-eg
https://www.propertyfinder.eg/to/HDG58S9WDFYXS5PCBM338BJVP8/en,diamond-sale-eg
https://www.propertyfinder.eg/to/14CP79WNK29CD31N4XSRHBDTAR/en,diamond-sale-eg
https://www.propertyfinder.eg/to/T09D814TFV7P699B2RNKV289ER/en,diamond-sale-eg
https://www.propertyfinder.eg/to/74PV0EWV15N31EYPQC11EJYGF4/en,diamond-sale-eg
https://www.propertyfinder.eg/to/5FX15GRV28939DCQ4H94KWS2HC/en,diamond-sale-eg
https://www.propertyfinder.eg/to/29QDW5X9ED2TYNTNK1ZBTQNWCC/en,diamond-sale-eg
https://www.propertyfinder.eg/to/PPBERZPQ6SF2CWR50BCPBQY5Q4/en,diamond-sale-eg
https://www.propertyfinder.eg/to/FEFQM3TNBNZ6ZFRVZAT24K28G0/en,diamond-sale-eg
https://www.propertyfinder.eg/to/A36TWGXJY5HCVKKMNPDR777CXG/en,diamond-sale-eg
https://www.propertyfinder.eg/to/7JZWJXKXZ0TPMHB3W97BANKQ18/en,diamond-sale-eg
https://www.propertyfinder.eg/to/74ZSK9QD67AQ7JNZAS6EHFKQJR/en,diamond-sale-eg
https://www.propertyfinder.eg/to/XKEH7CMS4TTXYEXF9DCMRJ81H8/en,diamond-sale-eg
https://www.propertyfinder.eg/to/2AHD4XBHTZE736Y40JTQPGCD24/en,diamond-sale-eg
https://www.propertyfinder.eg/to/B75EDDDN1A635MMBENGQ4TZJYC/en,diamond-sale-eg
https://www.propertyfinder.eg/to/WXS3SF5KJ1AZ3FD85H8M8BSK4C/en,diamond-sale-eg
https://www.propertyfinder.eg/to/ER7QSC2FW6H8018QMXZ7RF0C6W/en,diamond-sale-eg
https://www.propertyfinder.eg/to/R1ZKANK3G8ANGB0AKQC2PCVS68/en,diamond-sale-eg
https://www.propertyfinder.eg/to/FG33HHVS3HFWC6DJPKBBB76V4W/en,diamond-sale-eg
https://www.propertyfinder.eg/to/NYRMJRPD7A6YT4BWMQ4E2Z4GZW/en,diamond-sale-eg
https://www.propertyfinder.eg/to/K9AM0P9YQHCY2H7T4THE6P6HA4/en,diamond-sale-eg
https://www.propertyfinder.eg/to/0GAHDZ7TE5GSVMJR5YTSPST83R/en,diamond-sale-eg
https://www.propertyfinder.eg/to/9P5W4RTNT2HJSVMV6YS6X11YS8/en,diamond-sale-eg
https://www.propertyfinder.eg/to/5QC6G1BQ27EWW754NRR9EDS52C/en,diamond-sale-eg
https://www.propertyfinder.eg/to/WNFMWW9AXH3MWVMFHQY60AFEZW/en,diamond-sale-eg
https://www.propertyfinder.eg/to/HYTDFDDY35GS9MSYX2FRDAWSQG/en,diamond-sale-eg
https://www.propertyfinder.eg/to/RM2B12QS1BHSPPRKPJJS9Y4AP8/en,diamond-sale-eg
https://www.propertyfinder.eg/to/CVWRQ8W59VKN4VHPNMTB0DYM7M/en,diamond-sale-eg
https://www.propertyfinder.eg/to/HTHW57Q864C5K7EVNF9B3BPN7C/en,diamond-sale-eg
https://www.propertyfinder.eg/to/Q80F88SEW6QDYYVD96WHTYX5CW/en,diamond-sale-eg
https://www.propertyfinder.eg/to/PJEJWGWKME069F2N2BHV7X4SWM/en,diamond-sale-eg
https://www.propertyfinder.eg/to/QVPYE8EXRAB437EWHQ9PK7ADV8/en,diamond-sale-eg
https://www.propertyfinder.eg/to/85CA3HW7VTWFSMAFKRQFPGW8Q0/en,diamond-sale-eg
https://www.propertyfinder.eg/to/8PTA4GVQCQPM1B363H0EYQM0RW/en,diamond-sale-eg
https://www.propertyfinder.eg/to/0WCB4ANCH7FG4KVCWWK6RGRRG8/en,diamond-sale-eg
https://www.propertyfinder.eg/to/2X9N6BR3C0QEAKSKS8CE0X2204/en,diamond-sale-eg
https://www.propertyfinder.eg/to/JXYNA4Q15TRWA8VHVGR78P8EAR/en,diamond-sale-eg
https://www.propertyfinder.eg/to/K1SD4FV95RM2D65HS4HRWCF8W4/en,diamond-sale-eg
https://www.propertyfinder.eg/to/518MVM1JYF8GNSA8C5RE36CWYG/en,diamond-sale-eg
https://www.propertyfinder.eg/to/EN53FEZ2C22FQMFW49X2NGGAD4/en,diamond-sale-eg
https://www.propertyfinder.eg/to/P7QTEQTD6RXMB7ZMEVM9V8AB38/en,diamond-sale-eg
https://www.propertyfinder.eg/to/3D78CD7HGWVWGSEH2GH1A6MY34/en,diamond-sale-eg
https://www.propertyfinder.eg/to/GF9X5PAYVDRXVCPE6PPCCQCR38/en,diamond-sale-eg
https://www.propertyfinder.eg/to/0T6Q0KS4536Z03JZJ3WBRZXKVM/en,diamond-sale-eg
https://www.propertyfinder.eg/to/Q46TRFA728S8WX42GHQJNAW1JM/en,diamond-sale-eg
https://www.propertyfinder.eg/to/ZJDTAMHEZAZ3G66HQM11W1HSQ8/en,diamond-sale-eg
https://www.propertyfinder.eg/to/PE44ECM91RMBC5M42BJ1DX9KS4/en,diamond-sale-eg
https://www.propertyfinder.eg/to/MRAKQ84TM60C2DWD7K0M3BZM4M/en,diamond-sale-eg
https://www.propertyfinder.eg/to/BVA4Q82N25PEG5S98AF4E13ZSC/en,diamond-sale-eg
https://www.propertyfinder.eg/to/7Y12254NZYYC8J9GAQAPXM36WC/en,diamond-sale-eg
https://www.propertyfinder.eg/to/5FW3T3KV0DWA5MS9SYJRXY7XSW/en,diamond-sale-eg
https://www.propertyfinder.eg/to/K1DWC6G0EXS5VXA6K466BKW7NW/en,diamond-sale-eg
https://www.propertyfinder.eg/to/QCDAT7YAD3Y3KX7MBD0YTVYAQM/en,diamond-sale-eg
https://www.propertyfinder.eg/to/GDMBE8Y0112T8JQQHD4EDD6KNC/en,diamond-sale-eg
https://www.propertyfinder.eg/to/DRJMKC45APJDZBM33B6P6B8Z3M/en,diamond-sale-eg
https://www.propertyfinder.eg/to/PEQKT91MHYENC1B4H56ESWNCJ0/en,diamond-sale-eg
https://www.propertyfinder.eg/to/XC8QZRGPHRT0RYQRSXXYSA3PZC/en,diamond-sale-eg
https://www.propertyfinder.eg/to/94V2D3D0HN73XXCB92WFH3W7ZW/en,diamond-sale-eg
https://www.propertyfinder.eg/to/01K85TX50HH04KNQQ677C3SC0Y/en,diamond-sale-eg
https://www.propertyfinder.eg/to/QE5J4MJF4N8PHT6P5CW0TTCNG8/en,diamond-sale-eg
https://www.propertyfinder.eg/to/YQ1RJHQMX5HPVZBXDNYGFMDX4G/en,diamond-sale-eg
https://www.propertyfinder.eg/to/8H4KVGDSJS383CZWWYN3NM1VR4/en,diamond-sale-eg
https://www.propertyfinder.eg/to/SD1YQMX5YBZFGQ2FGT1GZRM1FC/en,diamond-sale-eg
https://www.propertyfinder.eg/to/668C0HCD1PWCQ9VWN0K996PN80/en,diamond-sale-eg
https://www.propertyfinder.eg/to/4W8VVP9VKJDJD3T90425J800CR/en,diamond-sale-eg
https://www.propertyfinder.eg/to/8ARQF1BWB1AQ17M8CAGP7QK7M0/en,diamond-sale-eg
https://www.propertyfinder.eg/to/GMBAYF93EE9WJF1QH38WZ6XE18/en,diamond-sale-eg
https://www.propertyfinder.eg/to/TF0TX3DZJAG6FQSZ2TSG8YW76C/en,diamond-sale-eg
https://www.propertyfinder.eg/to/5XC5MV3NQSHB2AR4X43YF4SNKC/en,diamond-sale-eg
https://www.propertyfinder.eg/to/63KWJNPWX1M9S4GP8Y1E48QZXC/en,diamond-sale-eg
https://www.propertyfinder.eg/to/P6DT3H45EZ3W9Z8RDQR010AT0W/en,diamond-sale-eg
https://www.propertyfinder.eg/to/GHFC29YXHZERJDKAJG9HPKY2CG/en,diamond-sale-eg
https://www.propertyfinder.eg/to/SGCCHQHFQXA6WQE89Z202Z61SG/en,diamond-sale-eg
https://www.propertyfinder.eg/to/9FEV45RNWESG4608RA351589MW/en,diamond-sale-eg
https://www.propertyfinder.eg/to/KQ38B9PZR2HFXYATXWFCAHB8W8/en,diamond-sale-eg
https://www.propertyfinder.eg/to/N8EMC3BRMMHQ0FYDD256BBHVSG/en,diamond-sale-eg
https://www.propertyfinder.eg/to/NEB2ETMC373Y32JR607C4JG4RR/en,diamond-sale-eg
https://www.propertyfinder.eg/to/SRJJ7THFD9WPH7J264PSSDGJ4M/en,diamond-sale-eg
https://www.propertyfinder.eg/to/M5TAR3H39Q82BV53WSPY4J7F9W/en,diamond-sale-eg
https://www.propertyfinder.eg/to/JJ4KXYVHJ7H6D57H4MVQVQR7YC/en,diamond-sale-eg
https://www.propertyfinder.eg/to/W37YFZJN6E86NT42K3PWV5YGZG/en,diamond-sale-eg
https://www.propertyfinder.eg/to/VPK0JSN5B1C8Y672J8B5VW5WB0/en,diamond-sale-eg
https://www.propertyfinder.eg/to/1XKC47DJ0G8YEVAK80AZGCMSXC/en,diamond-sale-eg
https://www.propertyfinder.eg/to/8YGZ5Y6BFNADZMRKCE2R3WQDTC/en,diamond-sale-eg
https://www.propertyfinder.eg/to/PANWQEQG6FZT8DNMZBBCJ8YW14/en,diamond-sale-eg
https://www.propertyfinder.eg/to/WA2HFHGV8SHNTJS2P3BG80SNJ0/en,diamond-sale-eg
https://www.propertyfinder.eg/to/9Q6HQQ0D0P5F3J8H1B83NVT5T0/en,diamond-sale-eg
https://www.propertyfinder.eg/to/746HC65FCWWJ181R1PDBAWZSQ4/en,diamond-sale-eg
https://www.propertyfinder.eg/to/QBTS47BC7HZ7X4HSCXXRTACGTC/en,diamond-sale-eg
https://www.propertyfinder.eg/to/8YDSGFR6G0V4H4GB2W2MAVQSZ8/en,diamond-sale-eg
https://www.propertyfinder.eg/to/FT6F7718Q2S2862BFR4EVP83C8/en,diamond-sale-eg
https://www.propertyfinder.eg/to/J4TSGKSVJTTYB7FGQRWNHGAG1G/en,diamond-sale-eg
https://www.propertyfinder.eg/to/Y5440BFQSZR33W4835FMW18ZSR/en,diamond-sale-eg
https://www.propertyfinder.eg/to/7FXSXV9TG1YRVMGT6QQST68VYG/en,diamond-sale-eg
https://www.propertyfinder.eg/to/Z3JEEHVG11B022G29NDS5TRP54/en,diamond-sale-eg
https://www.propertyfinder.eg/to/F91G2JYX8J1QMGRS58J7CY8N58/en,diamond-sale-eg
https://www.propertyfinder.eg/to/Q7BPEQ4T0DQKBS19QCK1EYQS5M/en,diamond-sale-eg
https://www.propertyfinder.eg/to/AF05MAN1NNBWR8GT6CE1ZEPBTR/en,diamond-sale-eg
https://www.propertyfinder.eg/to/FD4JTN9AJPXW4WMJMR23Z190SM/en,diamond-sale-eg
https://www.propertyfinder.eg/to/ZKH5ARM5EFM7SCXSGC3T613DZG/en,diamond-sale-eg
https://www.propertyfinder.eg/to/RSK9GZTVEG99QY2KH343HHX7BM/en,diamond-sale-eg
https://www.propertyfinder.eg/to/RNAD6X5JAF9X3F4G5KNHN67DX4/en,diamond-sale-eg
https://www.propertyfinder.eg/to/7Q5SAF773YXNNG0RN6RBGK9KC8/en,diamond-sale-eg
https://www.propertyfinder.eg/to/C0NPDD23FPV8PR7JXPEA0H8ZJC/en,diamond-sale-eg
https://www.propertyfinder.eg/to/EP9X5448X556VW5FZ7451M4KYM/en,diamond-sale-eg
https://www.propertyfinder.eg/to/GDRD6GFGR2C5WA8ECRC051KJ3R/en,diamond-sale-eg
https://www.propertyfinder.eg/to/NXTDBB0YE193P42NEQZBGXP7QM/en,diamond-sale-eg
https://www.propertyfinder.eg/to/7TV23NATXDF0HWT6P2BV7AZY70/en,diamond-sale-eg
https://www.propertyfinder.eg/to/F3EZ1X03H3DH9S3YG39TJ9EYQ0/en,diamond-sale-eg
https://www.propertyfinder.eg/to/X6R8B3YTPVMCNZ1THGAWR958EG/en,diamond-sale-eg
https://www.propertyfinder.eg/to/V1J00TH7VZ0ZNR5C0RRF6XHEQW/en,diamond-sale-eg
https://www.propertyfinder.eg/to/S256TEAPV9K2QDP1GVG4MQX83C/en,diamond-sale-eg
https://www.propertyfinder.eg/to/EMMH0Z8WMZ5WW9S23MPWVNZCSG/en,diamond-sale-eg
https://www.propertyfinder.eg/to/J8839GSRJN6VGSMBVA7FC8EF14/en,diamond-sale-eg
https://www.propertyfinder.eg/to/AKPVV7WPVYJK8HWDZ9YB7F3DB4/en,diamond-sale-eg
https://www.propertyfinder.eg/to/NJ88AYZW02M9T1WXP1KMCWZF98/en,diamond-sale-eg
https://www.propertyfinder.eg/to/150VC0PRJ56GG92QNXZD2HXF3R/en,diamond-sale-eg
https://www.propertyfinder.eg/to/3AK719ZP1YKV5M87JPX14H9WFR/en,diamond-sale-eg
https://www.propertyfinder.eg/to/4XZ5QW03VV2XXJHJMPF8YPG0BR/en,diamond-sale-eg
https://www.propertyfinder.eg/to/FQ4SN7WNSW5CRW8GVQ2RD8C3T4/en,diamond-sale-eg
https://www.propertyfinder.eg/to/Y8J7M21Y1XDD951ZAB8MB1H190/en,diamond-sale-eg
https://www.propertyfinder.eg/to/06CCBRCBHK5K75Z1K528Z5SE1M/en,diamond-sale-eg
https://www.propertyfinder.eg/to/NNPM3JV80FGQZHGB0EZYDF69EM/en,diamond-sale-eg
https://www.propertyfinder.eg/to/2VJ20B28E7B3GMS200YP1W7XD0/en,diamond-sale-eg
https://www.propertyfinder.eg/to/QKZCFVPSVMRHB089D7AD6JQEP8/en,diamond-sale-eg
https://www.propertyfinder.eg/to/SK5EVD4EB3D0E50Q5PDWZCG18W/en,diamond-sale-eg
https://www.propertyfinder.eg/to/MH9DY1YSAFYA0QQ93VDQTT1HX0/en,diamond-sale-eg
https://www.propertyfinder.eg/to/AXZR0DBPRN91T56S67XSKSX0BG/en,diamond-sale-eg
https://www.propertyfinder.eg/to/HVJ79Q6R46MNQ9GKDF86ZBVB30/en,diamond-sale-eg
https://www.propertyfinder.eg/to/2WGKJD1QXPJR7MSZFBKSS9AHJW/en,diamond-sale-eg
https://www.propertyfinder.eg/to/NFJX1MMPWY76965VMCTRRFQXK0/en,diamond-sale-eg
https://www.propertyfinder.eg/to/QBCMYM6AWZ9VZE6NBRZYAFKQA4/en,diamond-sale-eg
https://www.propertyfinder.eg/to/Y0WEA8YQDR8WKEE71KWER4X490/en,diamond-sale-eg
https://www.propertyfinder.eg/to/A47KKHMAK4QCGC6JDHFXC7QGZG/en,diamond-sale-eg
https://www.propertyfinder.eg/to/81RZ1TD5HVZ98CKKMNTEC8Y53R/en,diamond-sale-eg
https://www.propertyfinder.eg/to/310S87ED3A44EKMEQNPPNKB23W/en,diamond-sale-eg
https://www.propertyfinder.eg/to/44TCR4Y253H7RX2M1EAM6HGDG4/en,diamond-sale-eg
https://www.propertyfinder.eg/to/SK9G2Q95VCD41N4J47VMQ0SFAR/en,diamond-sale-eg
https://www.propertyfinder.eg/to/WG14TBP304WWMJHGYDNMFD6BT0/en,diamond-sale-eg
https://www.propertyfinder.eg/to/BXC7VX1QP0T7MAA36KVF4RSTM4/en,diamond-sale-eg
https://www.propertyfinder.eg/to/01KSXZNX8KD0APQ447M6D7K24G/en,diamond-sale-eg
https://www.propertyfinder.eg/to/8QHS2A6ZMHW4SS012M5W8M0XXR/en,diamond-sale-eg
https://www.propertyfinder.eg/to/VW73NZE083FZKEQSDSBMP8MR9G/en,diamond-sale-eg
https://www.propertyfinder.eg/to/TWPTH4Q8C3XKT52JKPGKAC2GWW/en,diamond-sale-eg
https://www.propertyfinder.eg/to/P1827FVY9VVZRZGK5167653K2M/en,diamond-sale-eg
https://www.propertyfinder.eg/to/QV23VYB3P2A9PCNYZ7NKKWHEHG/en,diamond-sale-eg
https://www.propertyfinder.eg/to/01K47NEFXKC104S6CWKSSJWGJH/en,diamond-sale-eg
https://www.propertyfinder.eg/to/35NK7EE60AEK79NX9JQC2WBXTM/en,diamond-sale-eg
https://www.propertyfinder.eg/to/J1K36J24AA10RX0H5DK89ZXBA4/en,diamond-sale-eg
https://www.propertyfinder.eg/to/A3JHPX6V7NB1ZNT3K0TBBY295W/en,diamond-sale-eg
https://www.propertyfinder.eg/to/1RAYRK5SNB9AF9JJ4KBEQ0M3KG/en,diamond-sale-eg
https://www.propertyfinder.eg/to/YTFGPDW3T7ZDVM71EQZ87ZNQ5C/en,diamond-sale-eg
https://www.propertyfinder.eg/to/REXX08T2732EFJ9EB40XQ238BR/en,diamond-sale-eg
https://www.propertyfinder.eg/to/M0WAD3SCCW8N6S5CTSZFEQT8V8/en,diamond-sale-eg
https://www.propertyfinder.eg/to/XNW7QT3T5VJMHJZF6MKS6VSW94/en,diamond-sale-eg
https://www.propertyfinder.eg/to/SBNPPCDKMCYHRT1YGEB787WSJC/en,diamond-sale-eg
https://www.propertyfinder.eg/to/BZZ8T1FG9DWVS24730RAWD0CCW/en,diamond-sale-eg
https://www.propertyfinder.eg/to/1TYKKA21PW06F5VH81CKK8E0ZG/en,diamond-sale-eg
https://www.propertyfinder.eg/to/V3VE0SEJNVVHNNHPE0Z7AW37D8/en,diamond-sale-eg
https://www.propertyfinder.eg/to/QC1NSFMX5KGS2BH1A0VC23JDH0/en,diamond-sale-eg
https://www.propertyfinder.eg/to/HPZ8KHDQXZWYJV2ES9R1NPFWV8/en,diamond-sale-eg
https://www.propertyfinder.eg/to/NC9WRN9PWD337J2G4V06GG5XFR/en,diamond-sale-eg
https://www.propertyfinder.eg/to/5Z30CZ6ENHR65MDCFY9G22FY88/en,diamond-sale-eg
https://www.propertyfinder.eg/to/J2TJ657Q80N8A3VWYVJH8D47AW/en,diamond-sale-eg
https://www.propertyfinder.eg/to/C5N6B8V9139FA5RPMYS1XV9KH4/en,diamond-sale-eg
https://www.propertyfinder.eg/to/42B0126Y5EPVHFW5HW60A05D10/en,diamond-sale-eg
https://www.propertyfinder.eg/to/N3QNAYX8FGKQ58PMVSFE23DG5W/en,diamond-sale-eg
https://www.propertyfinder.eg/to/E7KHB6RJEVH5SQ0ZV239B2EKX4/en,diamond-sale-eg
https://www.propertyfinder.eg/to/W2FHGKF69CC42Y3XY96W7FABV4/en,diamond-sale-eg
https://www.propertyfinder.eg/to/W02ATVGZSWQ78ED8HBVX5DYZXM/en,diamond-sale-eg
https://www.propertyfinder.eg/to/ZXGDGM0EZMEQ6KT13ZA9D33YKM/en,diamond-sale-eg
https://www.propertyfinder.eg/to/NDA403Q3S5S89K0HJDFAPPG6EC/en,diamond-sale-eg
https://www.propertyfinder.eg/to/NBH20NYXM6ZMHR0NW4DP5CC0M8/en,diamond-sale-eg
https://www.propertyfinder.eg/to/J64EZE3WNHE4YTNZWB7B8GGC2C/en,diamond-sale-eg
https://www.propertyfinder.eg/to/9Q9ADFSXG5KRDCDKMYFKAF0X9M/en,diamond-sale-eg
https://www.propertyfinder.eg/to/Y8T013YN77CG3K1PS3QKWNN1NG/en,diamond-sale-eg
https://www.propertyfinder.eg/to/SFGB7BFY57X418QX89X131QQV0/en,diamond-sale-eg
https://www.propertyfinder.eg/to/DSTSH6JABK6NN3E62151SYG7KG/en,diamond-sale-eg
https://www.propertyfinder.eg/to/Q6M15EBX419MHJ6WDBCASJBKFG/en,diamond-sale-eg
https://www.propertyfinder.eg/to/9TZBBEH0GJT4BKCBW33B3V4DDR/en,diamond-sale-eg
https://www.propertyfinder.eg/to/GTVKDK8XH519ABE8D8W843D9H0/en,diamond-sale-eg
https://www.propertyfinder.eg/to/FWTHKC7WANH18T5YT18H9AK7CG/en,diamond-sale-eg
https://www.propertyfinder.eg/to/1WFYC3N3E1RY1FRRMTDZ20TMTG/en,diamond-sale-eg
https://www.propertyfinder.eg/to/90VFGWQVHFC6YRAX9500A27MT8/en,diamond-sale-eg
https://www.propertyfinder.eg/to/130QPEDQ3QSNP7CJVYQ2RB96C8/en,diamond-sale-eg
https://www.propertyfinder.eg/to/3XEYT1F461N626MZ38DWR8PGVC/en,diamond-sale-eg
https://www.propertyfinder.eg/to/8B8FD6EJJE0N48EHSD15AVJRJ4/en,diamond-sale-eg
https://www.propertyfinder.eg/to/W2Q7E4G46QF33HZ0K31QF7JNHM/en,diamond-sale-eg
https://www.propertyfinder.eg/to/DHF5V17NBFF6FMYMWAGPQB80RW/en,diamond-sale-eg
https://www.propertyfinder.eg/to/K1XETEY76DY7PTN3KXB7HCW0KG/en,diamond-sale-eg
https://www.propertyfinder.eg/to/KGJX1EW0YAD6VXDNPTSYVY7VV4/en,diamond-sale-eg
https://www.propertyfinder.eg/to/79S8W5W4Y0PF6XFY9P1PEVTFGM/en,diamond-sale-eg
https://www.propertyfinder.eg/to/SW5MGC62JGCRR2ZMZCNHQZ96AW/en,diamond-sale-eg
https://www.propertyfinder.eg/to/ADPR7ZZEFEJCDC0XMZ3K9RS2M4/en,diamond-sale-eg
https://www.propertyfinder.eg/to/9KZN00VWZZ4E53455Q19WA90XG/en,diamond-sale-eg
https://www.propertyfinder.eg/to/JJYGB5EN90A64ND5BGG7MDSRQ0/en,diamond-sale-eg
https://www.propertyfinder.eg/to/QFC2D6CRXG8TXT0AAQGNCY8TFW/en,diamond-sale-eg
https://www.propertyfinder.eg/to/WFEBQ4619631J2H1PE9E641TCW/en,diamond-sale-eg
https://www.propertyfinder.eg/to/RPTWR2NR8EFCRXAD550BQDKJ7R/en,diamond-sale-eg
https://www.propertyfinder.eg/to/88DJ8PPRXTDNMJJM68XW4Q4QHM/en,diamond-sale-eg
https://www.propertyfinder.eg/to/1F53N118W5WJ4DMWRR7N1YPBX4/en,diamond-sale-eg
https://www.propertyfinder.eg/to/CY3M0W8X1WGVCZRX7MF0K779GR/en,diamond-sale-eg
https://www.propertyfinder.eg/to/R0MRWRJDNP5BZCJR000TZ1R88G/en,diamond-sale-eg
https://www.propertyfinder.eg/to/ZGQ9TY69SY0P98FEX1WQW0D8Z8/en,diamond-sale-eg
https://www.propertyfinder.eg/to/3RA4BGGVAADHM8Z4CTE575WS3R/en,diamond-sale-eg
https://www.propertyfinder.eg/to/47BNPBGD7HSSA4A39YT5247H9C/en,diamond-sale-eg
https://www.propertyfinder.eg/to/16TXDZ8S4H6DWA27SHA07KHJKR/en,diamond-sale-eg
https://www.propertyfinder.eg/to/298598Q3P0W5NB244TXXERCHT4/en,diamond-sale-eg
https://www.propertyfinder.eg/to/JNGPPTKFYHRZQSR45TE7VV99H0/en,diamond-sale-eg
https://www.propertyfinder.eg/to/JQGST910631TYR2TP75KFCR3ZG/en,diamond-sale-eg
https://www.propertyfinder.eg/to/80VE7F8HVKF9QJZX48NHHNREXR/en,diamond-sale-eg
https://www.propertyfinder.eg/to/T6KE6HWGERKMQ8E19ZGZAVEHN4/en,diamond-sale-eg
https://www.propertyfinder.eg/to/E959VXVMM52ZNWE5CH19T92Y8C/en,diamond-sale-eg
https://www.propertyfinder.eg/to/ACDVT30V0025TCHY5S41PSQS70/en,diamond-sale-eg
https://www.propertyfinder.eg/to/55YQMTR05D9R47YG769D4Q47F0/en,diamond-sale-eg
https://www.propertyfinder.eg/to/NN5QEB5PGW1SEAYWE17RDD11FC/en,diamond-sale-eg
https://www.propertyfinder.eg/to/4SR2HY3GME46QC281PAXMYVZD8/en,diamond-sale-eg
https://www.propertyfinder.eg/to/ZSYXCZN38KZDDCAE6ZKJD4M02W/en,diamond-sale-eg
https://www.propertyfinder.eg/to/01JW8FJBZPE0N1T79Y9F8M3XBP/en,diamond-sale-eg
https://www.propertyfinder.eg/to/5HDZTFPVNVGN9PKMKVP9CASGA4/en,diamond-sale-eg
https://www.propertyfinder.eg/to/7M6NWN112TJ4ZKQPQR7X2X8ZZ0/en,diamond-sale-eg
https://www.propertyfinder.eg/to/QD80AT5D02W9FWSKAA6YH122NG/en,diamond-sale-eg
https://www.propertyfinder.eg/to/4E9W5KYKQR2NWDPS2JC889CD84/en,diamond-sale-eg
https://www.propertyfinder.eg/to/137P6SKR5MK01EGQN4HAAZB2VR/en,diamond-sale-eg
https://www.propertyfinder.eg/to/XTZ3KQMGVV2HEN02CTQ4Z34YW4/en,diamond-sale-eg
https://www.propertyfinder.eg/to/421P2ZJDQE2X374XJ2VFFAG82C/en,diamond-sale-eg
https://www.propertyfinder.eg/to/JCSGKW36RR0FBVG1TQVVF5WWH4/en,diamond-sale-eg
https://www.propertyfinder.eg/to/86BPCD3ZVNCMN551QK2BBPPJMM/en,diamond-sale-eg
https://www.propertyfinder.eg/to/0SACQM98DESMQ567Q58X5W6G9G/en,diamond-sale-eg
https://www.propertyfinder.eg/to/82YEZTAB1T1VX5AM86BNAYXEDR/en,diamond-sale-eg
https://www.propertyfinder.eg/to/979JPW14G1PPN703DBPWC0WVCG/en,diamond-sale-eg
https://www.propertyfinder.eg/to/4W071R4WVP22P1682PM1M7WTCC/en,diamond-sale-eg
https://www.propertyfinder.eg/to/WYBSXYZEYCWP9A728V6MVR73Z0/en,diamond-sale-eg
https://www.propertyfinder.eg/to/P39T5R7K0M1AWYVDN0TK6STMNW/en,diamond-sale-eg
https://www.propertyfinder.eg/to/Q5C7QZTT83VA720XG4HERFF21W/en,diamond-sale-eg
https://www.propertyfinder.eg/to/R8B66WMQ6CT8AY6KDCD1RAY6RR/en,diamond-sale-eg
https://www.propertyfinder.eg/to/E8QFQH49RA3V9H2SFYDFD9MXBM/en,diamond-sale-eg
https://www.propertyfinder.eg/to/YYTR62V905SM5254851CQRXK30/en,diamond-sale-eg
https://www.propertyfinder.eg/to/S2GM45MD2DQA5HEDJ0V3QFGMD8/en,diamond-sale-eg
https://www.propertyfinder.eg/to/DXHV9F6APKNRGF8Y9RG7NZDHE0/en,diamond-sale-eg
https://www.propertyfinder.eg/to/E9BPSX5M0ZVHYTJPPETFWPRC1M/en,diamond-sale-eg
https://www.propertyfinder.eg/to/VF7KDB23RWRHD0ZJPHC0WTN40G/en,diamond-sale-eg
https://www.propertyfinder.eg/to/XY2ASPH3DN0D7P3GVYAHZFRM7W/en,diamond-sale-eg
https://www.propertyfinder.eg/to/C1J4DZYCK3ZZVH8QK7PDPSMCB8/en,diamond-sale-eg
https://www.propertyfinder.eg/to/BF5TE0CG97XYHN34XR99K9DN1R/en,diamond-sale-eg
https://www.propertyfinder.eg/to/8TV689P232131C0DSYK4EPEG2C/en,diamond-sale-eg
https://www.propertyfinder.eg/to/R1PRQN4Y0B2848FBZ5JFMYAE1G/en,diamond-sale-eg
https://www.propertyfinder.eg/to/40Y575FST8V4BG50YHSZKK52Y4/en,diamond-sale-eg
https://www.propertyfinder.eg/to/S9418SKG89NHKM9JY2SRVKT1CM/en,diamond-sale-eg
https://www.propertyfinder.eg/to/43QFQ7WX8MEDNV143SX9Q36AWW/en,diamond-sale-eg
https://www.propertyfinder.eg/to/9V6D6G68ESP3ATK4J88QJ97FV4/en,diamond-sale-eg
https://www.propertyfinder.eg/to/HB51FPSQ3ZDBY2HNAGD5GX8XMW/en,diamond-sale-eg
https://www.propertyfinder.eg/to/QQ13G2MYGH08YBD2GWB4M7QRXM/en,diamond-sale-eg
https://www.propertyfinder.eg/to/0S9BEDV6N19AACZ2TTVDJRKMGC/en,diamond-sale-eg
https://www.propertyfinder.eg/to/898ZKCZ9S44YWQP8C3VJAGZHXW/en,diamond-sale-eg
https://www.propertyfinder.eg/to/AECRJ3FJT03D8CEPZRSF55SAP8/en,diamond-sale-eg
https://www.propertyfinder.eg/to/WP23YAQKVQFNY1R2ZARARK6ZA0/en,diamond-sale-eg
https://www.propertyfinder.eg/to/TZ0QP6RM58M2GCYTN4TDKV936M/en,diamond-sale-eg
https://www.propertyfinder.eg/to/CP381R5METYSA2C6EPRD67VC28/en,diamond-sale-eg
https://www.propertyfinder.eg/to/ZXM7M2V58X1RA1E8T782G3T6V8/en,diamond-sale-eg
https://www.propertyfinder.eg/to/SP7FT94Y4DBQF41PWT3ZJ0YTV0/en,diamond-sale-eg
https://www.propertyfinder.eg/to/ZS42XM39G162PKPANAS16GVNKW/en,diamond-sale-eg
https://www.propertyfinder.eg/to/93JW6V32BNBR6Y4M25M1B5FV5G/en,diamond-sale-eg
https://www.propertyfinder.eg/to/4TV7FP4X46F7DB9ZRMGXDHXREW/en,diamond-sale-eg
https://www.propertyfinder.eg/to/PGE9KEE843EBCZAGA77X9GCPSR/en,diamond-sale-eg
https://www.propertyfinder.eg/to/TF4T2AZFKW01V51AVH4WHHMEJ8/en,diamond-sale-eg
https://www.propertyfinder.eg/to/1CK4A1HEGE8KH28TB8GTSCW6F4/en,diamond-sale-eg
https://www.propertyfinder.eg/to/PRTJJVPN1B6JSGHAEEABPAW8M4/en,diamond-sale-eg
https://www.propertyfinder.eg/to/NPHRFAKHT26FDWT8WR65FVA2T0/en,diamond-sale-eg
https://www.propertyfinder.eg/to/QCCNNS7J009MZE35TTWW1NFH9C/en,diamond-sale-eg
https://www.propertyfinder.eg/to/PBKMB6FVG9CMTQFNW588CJERGR/en,diamond-sale-eg
https://www.propertyfinder.eg/to/12Q1F45K82ZBVFPW2XHYBN0378/en,diamond-sale-eg
https://www.propertyfinder.eg/to/59VVB7N15391YPSXM65XX13FMG/en,diamond-sale-eg
https://www.propertyfinder.eg/to/K2DGC4FS413Y5TPBTQZZS2P728/en,diamond-sale-eg
https://www.propertyfinder.eg/to/J7TGPXH16NR6T59AHFKPTKBCMR/en,diamond-sale-eg
https://www.propertyfinder.eg/to/PN5T2809N41GEAT7Q0ZEYYD23W/en,diamond-sale-eg
https://www.propertyfinder.eg/to/9NVE0MY1THV8ZHBXDFCE5M7GWG/en,diamond-sale-eg
https://www.propertyfinder.eg/to/8Z023F7RCAJE1GRB9PJ18AQ0GM/en,diamond-sale-eg
https://www.propertyfinder.eg/to/AS31BZWKZ5DT58AJ2P8Y6P69XR/en,diamond-sale-eg
https://www.propertyfinder.eg/to/BC8M58YN3QWE37DN35C0DX4FEW/en,diamond-sale-eg
https://www.propertyfinder.eg/to/213VAV40DGNFWCXRHQMSX1NYQG/en,diamond-sale-eg
https://www.propertyfinder.eg/to/8BDA115XPD9SDCXSZZX81163T4/en,diamond-sale-eg
https://www.propertyfinder.eg/to/4EYTTN194EMNY4VTNQNSZX8WAM/en,diamond-sale-eg
https://www.propertyfinder.eg/to/VHF72WNFZ2JRSGYBM1045MNGRC/en,diamond-sale-eg
https://www.propertyfinder.eg/to/FMGG3ZSSK22NCNQEVBEHKJRM74/en,diamond-sale-eg
https://www.propertyfinder.eg/to/ZSCW7T4ZX34DBW39DCHSQA3DW4/en,diamond-sale-eg
https://www.propertyfinder.eg/to/45CR268V7VBPWX703KG5J92138/en,diamond-sale-eg
https://www.propertyfinder.eg/to/TH6BJBX1F4RGWH6CF228ZTB4A0/en,diamond-sale-eg
https://www.propertyfinder.eg/to/KSMWXCV67HE7WNVX3Q221P5P9R/en,diamond-sale-eg
https://www.propertyfinder.eg/to/T0RA89PHWVXG9VY0EQW92J3PP8/en,diamond-sale-eg
https://www.propertyfinder.eg/to/MA9VQ1JEQSEA5NJ9A8CCPEHJ8M/en,diamond-sale-eg
https://www.propertyfinder.eg/to/SBQTD7BYVZQQTE4WFYH6CA2A78/en,diamond-sale-eg
https://www.propertyfinder.eg/to/P158468JWG9HTW2PDZWVZ7KJQM/en,diamond-sale-eg
https://www.propertyfinder.eg/to/SJDYGV88KB0PJ9YAWB604B1ZJR/en,diamond-sale-eg
https://www.propertyfinder.eg/to/GPDRF52B82PC422MYMDP57ZG0R/en,diamond-sale-eg
https://www.propertyfinder.eg/to/ZF9Z78SHAXMAWGSH0CZ0CKFD34/en,diamond-sale-eg
https://www.propertyfinder.eg/to/4R7RQV43J97DM9EFM3M1WFP31R/en,diamond-sale-eg
https://www.propertyfinder.eg/to/2NAFCC8QSQEJZQB0V708VFTW2C/en,diamond-sale-eg
https://www.propertyfinder.eg/to/1K9BBPJNMAVQ0W30SWSAGYB030/en,diamond-sale-eg
https://www.propertyfinder.eg/to/TAM2VBRJ7S0QSQ39SAGRSTWWVM/en,diamond-sale-eg
https://www.propertyfinder.eg/to/K94AGAVHAYQQWBNTQ3P6TPRV4G/en,diamond-sale-eg
https://www.propertyfinder.eg/to/WT3WP985XJC2BAM2QGA0EZZW28/en,diamond-sale-eg
https://www.propertyfinder.eg/to/DQYFP87C9K51238GAK08VAAC20/en,diamond-sale-eg
https://www.propertyfinder.eg/to/9W16H12KP0Z562VQ690J5VHMXR/en,diamond-sale-eg
https://www.propertyfinder.eg/to/JNJDB5EMYMM2GNKXVT4MPFJAC0/en,diamond-sale-eg
https://www.propertyfinder.eg/to/6FFBXK4MQSFD4XD65W76E5DR3G/en,diamond-sale-eg
https://www.propertyfinder.eg/to/2G2DV4PMMDG145MYG5TB3AKYJ8/en,diamond-sale-eg
https://www.propertyfinder.eg/to/AA8XFQFWVEKN3Y92XW3BX98ZMR/en,diamond-sale-eg
https://www.propertyfinder.eg/to/K9DTF3FMR418V1WKQ9R6G0F3Z4/en,diamond-sale-eg
https://www.propertyfinder.eg/to/Q24H6NN8KDRHQWC5K7PN2BP04R/en,diamond-sale-eg
https://www.propertyfinder.eg/to/ZJPTY9NZZCVPPPPG6HEYYVF8VM/en,diamond-sale-eg
https://www.propertyfinder.eg/to/JDD40S6YV0X17SJC9XQMP9RX90/en,diamond-sale-eg
https://www.propertyfinder.eg/to/4EMKT893DSBC74ANWGCR736SY4/en,diamond-sale-eg
https://www.propertyfinder.eg/to/W17VK7FXWPKH35GHYSTD1TDHX4/en,diamond-sale-eg
https://www.propertyfinder.eg/to/98SNDY8MPMFCE791JJJE3J4DGM/en,diamond-sale-eg
https://www.propertyfinder.eg/to/EAGBJ946KB73E8CT6J96ECZHRC/en,diamond-sale-eg
https://www.propertyfinder.eg/to/G90V3XRC1HWYP0Z603YT7PS148/en,diamond-sale-eg
https://www.propertyfinder.eg/to/KYBA4GXE5WG0QNA0W1KYK6WR50/en,diamond-sale-eg
https://www.propertyfinder.eg/to/TECM9RDFPDVPT78TGRBXBD09FW/en,diamond-sale-eg
https://www.propertyfinder.eg/to/90RVGECB64FDDHDXF3ECKCP024/en,diamond-sale-eg
https://www.propertyfinder.eg/to/69S9BPXJR1761YXQ3JPDAYYF44/en,diamond-sale-eg
https://www.propertyfinder.eg/to/5PR473NJ8P9YHDN0MC5JAFC9YM/en,diamond-sale-eg
https://www.propertyfinder.eg/to/96CR2BNC5V5QFAA9J8CH6NFD2R/en,diamond-sale-eg
https://www.propertyfinder.eg/to/AREGQWXP6D5CZBGC0P01Q2T4B8/en,diamond-sale-eg
https://www.propertyfinder.eg/to/ASQ6TJ4Q7FHCYVX0P5C099CVFC/en,diamond-sale-eg
https://www.propertyfinder.eg/to/5Q81GH63AJA6J15VDY5HRB7D9G/en,diamond-sale-eg
https://www.propertyfinder.eg/to/GKEVTCMYT0DVPZXFNEFZFRJ294/en,diamond-sale-eg
https://www.propertyfinder.eg/to/J0F2BT1CXQNTAJEP8QKMXSJDWR/en,diamond-sale-eg
https://www.propertyfinder.eg/to/W0Q0Y943GWK55BV5B59V5Z90RW/en,diamond-sale-eg
https://www.propertyfinder.eg/to/CPPFK1YYYESFY00XVY9XR6P470/en,diamond-sale-eg
https://www.propertyfinder.eg/to/RCY1DZJG73V0TXQAYN7K05G37M/en,diamond-sale-eg
https://www.propertyfinder.eg/to/3AE9MDRF035ERN4ST0C1J15E2C/en,diamond-sale-eg
https://www.propertyfinder.eg/to/31CDVXAD5WCSWV83RZ4X60CVR8/en,diamond-sale-eg
https://www.propertyfinder.eg/to/TGF8D17DNRNX5VBV4HT93XV12W/en,diamond-sale-eg
https://www.propertyfinder.eg/to/05NFH5XZH40416D94FK71DQ6YG/en,diamond-sale-eg
https://www.propertyfinder.eg/to/1DE88J3PS33TFQDMMFMY01EK18/en,diamond-sale-eg
https://www.propertyfinder.eg/to/2C3MSPCQGYFRDZJCSQQR8Z648G/en,diamond-sale-eg
https://www.propertyfinder.eg/to/G9FZHWJSHANTR75VGJN4SAKN58/en,diamond-sale-eg
https://www.propertyfinder.eg/to/20588Q79837FN5N98HP4WB3T0M/en,diamond-sale-eg
https://www.propertyfinder.eg/to/9093KPAV5TSTAMJAV4T8GW0RN0/en,diamond-sale-eg
https://www.propertyfinder.eg/to/Q7Z2FYTBMG0Z48FA3V9X1Q11CC/en,diamond-sale-eg
https://www.propertyfinder.eg/to/QXJN1HF8R9EMD6XSR3VF1DPXR0/en,diamond-sale-eg
https://www.propertyfinder.eg/to/8AYDPSRBC8HVHYAE1AZ1AH3HSM/en,diamond-sale-eg
https://www.propertyfinder.eg/to/YQ9CKG61C7DHXFAV813XRR191M/en,diamond-sale-eg
https://www.propertyfinder.eg/to/47FJ4C95VX3KGN4ADR51Y2JJ9R/en,diamond-sale-eg
https://www.propertyfinder.eg/to/7T90GWN63QTGDBMJ6D12Q8RVAW/en,diamond-sale-eg
https://www.propertyfinder.eg/to/38FR4SM8B5AK93N82CZF11S72C/en,diamond-sale-eg
https://www.propertyfinder.eg/to/0M53E3WF85P99WEEB4G8BXGA7W/en,diamond-sale-eg
https://www.propertyfinder.eg/to/MHJDE6FB9E4J9DBNRQ065Y0Z4G/en,diamond-sale-eg
https://www.propertyfinder.eg/to/Z9W8441BD612KPRAQJMBNQDD5C/en,diamond-sale-eg
https://www.propertyfinder.eg/to/K4CJVWRMXKT6ASYVSEZZ02ZR9M/en,diamond-sale-eg
https://www.propertyfinder.eg/to/EE8HCVR4QC9D5TQ5TW4N96FJ1W/en,diamond-sale-eg
https://www.propertyfinder.eg/to/261NVJDBCRRR9GZE6HND76NB6W/en,diamond-sale-eg
https://www.propertyfinder.eg/to/8KBR2SWRAPZDA09CESTJXHJ6FR/en,diamond-sale-eg
https://www.propertyfinder.eg/to/TR3A53J897MP9YX4H432HRF78W/en,diamond-sale-eg
https://www.propertyfinder.eg/to/M6420G7KSDZ66DXYHAERK894PM/en,diamond-sale-eg
https://www.propertyfinder.eg/to/TQWSW700KQ6D0MC8EJ7P81SH7M/en,diamond-sale-eg
https://www.propertyfinder.eg/to/A28SC9PEX51D0C39SC9CW5BB0M/en,diamond-sale-eg
https://www.propertyfinder.eg/to/6ZVCE9D92511S8WCRCM2PGVVNW/en,diamond-sale-eg
https://www.propertyfinder.eg/to/WX0QG56H9BVDH02HWJ2J9GHXVW/en,diamond-sale-eg
https://www.propertyfinder.eg/to/69V7KY7KQZFJ1QQDTD84NT0KGC/en,diamond-sale-eg
https://www.propertyfinder.eg/to/DPT91V4F7SGHQJBFFK1Q4V3JVM/en,diamond-sale-eg
https://www.propertyfinder.eg/to/N82ACW7NGZWBGC8MQTE6ANJVQR/en,diamond-sale-eg
https://www.propertyfinder.eg/to/TNJ8990APW029C8QTF324MBDWG/en,diamond-sale-eg
https://www.propertyfinder.eg/to/T4H4S4WP1K0JR18QCWYH1HS2JC/en,diamond-sale-eg
https://www.propertyfinder.eg/to/CC62X40FE233P44B79V9QFE150/en,diamond-sale-eg
https://www.propertyfinder.eg/to/RMSQXBHC91MB3NYMEZ2M5MPQKC/en,diamond-sale-eg
https://www.propertyfinder.eg/to/GBWC6CEBF2SWYTQR7216YNJSFG/en,diamond-sale-eg
https://www.propertyfinder.eg/to/JA764YX3X2BD92AM2YP328F8H4/en,diamond-sale-eg
https://www.propertyfinder.eg/to/5W8M72JYN448QR2EHPEHHH8Z4W/en,diamond-sale-eg
https://www.propertyfinder.eg/to/PGBEM9VZCCJ5ER86FNF85GT7PM/en,diamond-sale-eg
https://www.propertyfinder.eg/to/1V18G3RK22KCDXYCBMFDMCV3YW/en,diamond-sale-eg
https://www.propertyfinder.eg/to/QFY1W03969914N94B7075G8E4G/en,diamond-sale-eg
https://www.propertyfinder.eg/to/47ABRR2DX6Q74TKXZF7H5F6SVG/en,diamond-sale-eg
https://www.propertyfinder.eg/to/9FJ7RVDMGAYBBRKR2Z3NRNR45M/en,diamond-sale-eg
https://www.propertyfinder.eg/to/A7E6VJPBQPYDXEYMGDK9286F40/en,diamond-sale-eg
https://www.propertyfinder.eg/to/P4BSC464619DBEPS19HNB7WT1M/en,diamond-sale-eg
https://www.propertyfinder.eg/to/P96379DJ4E27GPH9NG9YAG2S6W/en,diamond-sale-eg
https://www.propertyfinder.eg/to/1TVT8H2T32YYP60P0BB61XV6PM/en,diamond-sale-eg
https://www.propertyfinder.eg/to/2HR0QJ03W458W7YJNXWV5TW0K0/en,diamond-sale-eg
https://www.propertyfinder.eg/to/YG5MM73M34HC7WY20EW7YV46KM/en,diamond-sale-eg
https://www.propertyfinder.eg/to/58S0SST196473YRHCS33217M70/en,diamond-sale-eg
https://www.propertyfinder.eg/to/7KPQ7ZRW0TV2SZAPP3C5JQFRQ0/en,diamond-sale-eg
https://www.propertyfinder.eg/to/3614ZKM0JZSBAXVPAMWCXWXXE4/en,diamond-sale-eg
https://www.propertyfinder.eg/to/FFRVSJ9CQ9MVS0K4J2XF4M74WM/en,diamond-sale-eg
https://www.propertyfinder.eg/to/XNQ0R7XSNS7F9HYB1EW6NZCJ0R/en,diamond-sale-eg
https://www.propertyfinder.eg/to/F2W40NHETMC30KMJJMT6QT5JNR/en,diamond-sale-eg
https://www.propertyfinder.eg/to/5BWRDGHVH2RPE96X7NAJ367NNM/en,diamond-sale-eg
https://www.propertyfinder.eg/to/P8M3J9DK8FMTRNB54D3EAM0MVG/en,diamond-sale-eg
https://www.propertyfinder.eg/to/B1YZY15DA7GCV9A48KPHVJJS10/en,diamond-sale-eg
https://www.propertyfinder.eg/to/Q9W723HMVCCCB3TJ48FSQJ5B7W/en,diamond-sale-eg
https://www.propertyfinder.eg/to/VCSMHTJN4ZAS5A0KYTQBYE1ZT4/en,diamond-sale-eg
https://www.propertyfinder.eg/to/AV690H8WJZSVMW9G6ESSAGFZ5C/en,diamond-sale-eg
https://www.propertyfinder.eg/to/7495F76CVDK9Q4SFJ7R8K1FNRR/en,diamond-sale-eg
https://www.propertyfinder.eg/to/CR42JFG5DRQR5DPQ214HD08F18/en,diamond-sale-eg
https://www.propertyfinder.eg/to/E0MTDTJWT2J6Z2QDA89ZBVKXG8/en,diamond-sale-eg
https://www.propertyfinder.eg/to/A48QQ4RD0H6KM58EKV37BJJT2C/en,diamond-sale-eg
https://www.propertyfinder.eg/to/6X2C86YEG78RVF107HK9ZE879W/en,diamond-sale-eg
https://www.propertyfinder.eg/to/12JAZHTE2SSB5QVCEBQTAR53S0/en,diamond-sale-eg
https://www.propertyfinder.eg/to/5XFHKCGKFB1BNSJVZ2A9ECFE10/en,diamond-sale-eg
https://www.propertyfinder.eg/to/SS59X6JC4YS93VG5WMZGQXSE9G/en,diamond-sale-eg
https://www.propertyfinder.eg/to/VBHC1D149G5P289RA9KQ3PH804/en,diamond-sale-eg
https://www.propertyfinder.eg/to/TMZP3FK4305X4CKMB10WVYDYKM/en,diamond-sale-eg
https://www.propertyfinder.eg/to/SZDB4B47RKB8DN7W5H6T1F8QE4/en,diamond-sale-eg
https://www.propertyfinder.eg/to/QJ4J29X7WWK6T0XZRW9WDTKK6W/en,diamond-sale-eg
https://www.propertyfinder.eg/to/C7S6096TS9DYX13X6WX39PC7K4/en,diamond-sale-eg
https://www.propertyfinder.eg/to/EJSXP0HHJM5TXKRMXKD1PVS21M/en,diamond-sale-eg
https://www.propertyfinder.eg/to/YETMW0Y04TTX0CX0JF3SAWQ034/en,diamond-sale-eg
https://www.propertyfinder.eg/to/D8EEXVFY7MTYJE6KHRB7Q0ZVEC/en,diamond-sale-eg
https://www.propertyfinder.eg/to/Z34MYFD46WVR4JT6NCYAT6SVK8/en,diamond-sale-eg
https://www.propertyfinder.eg/to/A9M6RC62N36910G44KG9YVMCT4/en,diamond-sale-eg
https://www.propertyfinder.eg/to/GNX9Q5EW1WVNTVP087CYAEKJ78/en,diamond-sale-eg
https://www.propertyfinder.eg/to/4DK0AX3W1D1BVCMTTT67BFRH50/en,diamond-sale-eg
https://www.propertyfinder.eg/to/098C7ANEDEF9GMG44GQV6HVNXC/en,diamond-sale-eg
https://www.propertyfinder.eg/to/3A74J2KASYRWNCYNG2HE1EJ96M/en,diamond-sale-eg
https://www.propertyfinder.eg/to/Z1MWG8WRMMETEEBVNKM8XWT53R/en,diamond-sale-eg
https://www.propertyfinder.eg/to/ZH59ZQXGQTG6YXNY5SPTY3ATNG/en,diamond-sale-eg
https://www.propertyfinder.eg/to/ZJRP90KKN42A4ZFFK3868PRQ3M/en,diamond-sale-eg
https://www.propertyfinder.eg/to/3WKBGAE8TYJY58EEK752CTY9X0/en,diamond-sale-eg
https://www.propertyfinder.eg/to/X30K9Z85NZPBCSMVMJRZRM3XK4/en,diamond-sale-eg
https://www.propertyfinder.eg/to/G3YT7G2AD2DTZH4HWGPYQFSQK8/en,diamond-sale-eg
https://www.propertyfinder.eg/to/PP86K3M13JW4ZS4PZFJVGF9GQR/en,diamond-sale-eg
https://www.propertyfinder.eg/to/PDBT3X7D774MGQ81QHTDKAD0V8/en,diamond-sale-eg
https://www.propertyfinder.eg/to/GDK0TSMGY1K2DJEPK2NDNZWJCM/en,diamond-sale-eg
https://www.propertyfinder.eg/to/AB645NX94DA5CW14WMGT9S6W9W/en,diamond-sale-eg
https://www.propertyfinder.eg/to/DQMX2SQ4KVQ4E1F8VQ4A59AHTW/en,diamond-sale-eg
https://www.propertyfinder.eg/to/VDTQNMQWQ8BR71X0X6H0BY4MGC/en,diamond-sale-eg
https://www.propertyfinder.eg/to/3G9XZKVV97K9GC0DZ7P781DX7W/en,diamond-sale-eg
https://www.propertyfinder.eg/to/SG0RZC78T3NQXW395T1H65N5HM/en,diamond-sale-eg
https://www.propertyfinder.eg/to/YMBG9DYTYGSW6VZH96E0QA24J4/en,diamond-sale-eg
https://www.propertyfinder.eg/to/H772NV8E2F1S2Y65B0QJCWQ7HG/en,diamond-sale-eg
https://www.propertyfinder.eg/to/DW7TQD8PY0APHDDCTQASW9MMMM/en,diamond-sale-eg
https://www.propertyfinder.eg/to/E1XTJ37R76FE8RWTR5GCG4XTN8/en,diamond-sale-eg
https://www.propertyfinder.eg/to/1TFA9VAVR4Y2QHX5H96E8HEHEW/en,diamond-sale-eg
https://www.propertyfinder.eg/to/2Q2T2FK831TB9Y7DG5FB1H8WY4/en,diamond-sale-eg
https://www.propertyfinder.eg/to/RK1B9M99R6V8CXWXRE0HFF7TWG/en,diamond-sale-eg
https://www.propertyfinder.eg/to/FK0VRKRFNZZ6T1G0A9ZWW3NJ70/en,diamond-sale-eg
https://www.propertyfinder.eg/to/EG89PT719FMA1CDVQ1QAFM9HB4/en,diamond-sale-eg
https://www.propertyfinder.eg/to/GSC74KB1AG2FKS7REGVTJW8XKG/en,diamond-sale-eg
https://www.propertyfinder.eg/to/DZTVCCE3G3XTBC15JVVTCAKQ7R/en,diamond-sale-eg
https://www.propertyfinder.eg/to/EXEWKRV3PCKMTQRPWE1MR501QM/en,diamond-sale-eg
https://www.propertyfinder.eg/to/0K87NGTVCMWE9MB9H53NCB4Z20/en,diamond-sale-eg
https://www.propertyfinder.eg/to/NN6QCHVRE22JT574M81KG9FPCC/en,diamond-sale-eg
https://www.propertyfinder.eg/to/K501ENBDYTSPS306P1HDBNP2W0/en,diamond-sale-eg
https://www.propertyfinder.eg/to/6D9Q9EG3FYG77GFMHA3M1N3XYM/en,diamond-sale-eg
https://www.propertyfinder.eg/to/JJHY7EB2DQ85ZG4H94Q7EKSA8G/en,diamond-sale-eg
https://www.propertyfinder.eg/to/K3KYW1PCE52JP5HAK7C6HT8M8M/en,diamond-sale-eg
https://www.propertyfinder.eg/to/DFZKRY4TAWJMD73TJ7SKH85QPW/en,diamond-sale-eg
https://www.propertyfinder.eg/to/G50DD192YS5405464NME5TXBC4/en,diamond-sale-eg
https://www.propertyfinder.eg/to/T6EK2VQ8GYYEVEYFMZW55TJB4R/en,diamond-sale-eg
https://www.propertyfinder.eg/to/D9W7MXTNDZNT4VAV63WYS8QJXW/en,diamond-sale-eg
https://www.propertyfinder.eg/to/SAX08N1ZQTN60W2M8B01BXHR20/en,diamond-sale-eg
https://www.propertyfinder.eg/to/5926JP92AYH47H1JABZGKSS75W/en,diamond-sale-eg
https://www.propertyfinder.eg/to/BCKCA1Z1V559WZ5H1YKCD9YAYG/en,diamond-sale-eg
https://www.propertyfinder.eg/to/82AHM83DNZ12KNHD3NSWBQEMSM/en,diamond-sale-eg
https://www.propertyfinder.eg/to/Z1YRN74FRDGFMGG0ASWFG15GW0/en,diamond-sale-eg
https://www.propertyfinder.eg/to/P1X745QCWW9JGPGWFHHYP5R56C/en,diamond-sale-eg
https://www.propertyfinder.eg/to/5B84FKQ705XT6J9F2EQHC3SGZ8/en,diamond-sale-eg
https://www.propertyfinder.eg/to/P036MST32H81Q467QV50SBFA98/en,diamond-sale-eg
https://www.propertyfinder.eg/to/Q6T4Q0R2GQ6338E433GEZDJD2G/en,diamond-sale-eg
https://www.propertyfinder.eg/to/7HHJNS6KWADHTEBWP82534HPJG/en,diamond-sale-eg
https://www.propertyfinder.eg/to/MTR0EJFQ76GZG5FVJ0FT67PRQ0/en,diamond-sale-eg
https://www.propertyfinder.eg/to/H31QAPAW4R1F7PY2WEMHKZABS8/en,diamond-sale-eg
https://www.propertyfinder.eg/to/WBZ2SDZE6DSJA0AAG7Y5D1QWHG/en,diamond-sale-eg
https://www.propertyfinder.eg/to/RWRPW63FNWV2Z5566YW80KQVCM/en,diamond-sale-eg
https://www.propertyfinder.eg/to/3W1387GPHDMYTD3WGA9HY9E5SR/en,diamond-sale-eg
https://www.propertyfinder.eg/to/EC6SFCXTZ5BJCXYS8SW874P6F0/en,diamond-sale-eg
https://www.propertyfinder.eg/to/7AM8NEDKV7KHTG8Q7MSWMJ7C0C/en,diamond-sale-eg
https://www.propertyfinder.eg/to/NVRPVQRH7P62G00HAHQ1B19QSC/en,diamond-sale-eg
https://www.propertyfinder.eg/to/RRYG7FPG9Y7V5BVWV0EZT154AG/en,diamond-sale-eg
https://www.propertyfinder.eg/to/5FJ20VHR88QRF36X33XPMB5B9G/en,diamond-sale-eg
https://www.propertyfinder.eg/to/0C4RGFRRDT0Z3YYP54XV968VHG/en,diamond-sale-eg
https://www.propertyfinder.eg/to/ZNK5VHNWV3VYR0V3SNWZ3ERBMW/en,diamond-sale-eg
https://www.propertyfinder.eg/to/RTT56A35X18K2B3G21SKMZ3T9R/en,diamond-sale-eg
https://www.propertyfinder.eg/to/XZ9YZJZYKCWB9NG5X4PM9EH9XR/en,diamond-sale-eg
https://www.propertyfinder.eg/to/T8Q7KR7H82E548ZY3EG4Y82GB8/en,diamond-sale-eg
https://www.propertyfinder.eg/to/DM91G6F0QNC64PXVPSZ4RAK3NG/en,diamond-sale-eg
https://www.propertyfinder.eg/to/92VB11YY42VT11YRV77FXV753G/en,diamond-sale-eg
https://www.propertyfinder.eg/to/MRT60X0M04BXX10Q6KSE7PRKC4/en,diamond-sale-eg
https://www.propertyfinder.eg/to/CGQXKC7EQJKG2FMMSDNZPRB8QG/en,diamond-sale-eg
https://www.propertyfinder.eg/to/7JJSRS0192KYX4947CWPNNDNKM/en,diamond-sale-eg
https://www.propertyfinder.eg/to/SSK18XA1CN5DE5N767DA29FAW8/en,diamond-sale-eg
https://www.propertyfinder.eg/to/V9JYWKQRBRF0TH025CAN17M3XW/en,diamond-sale-eg
https://www.propertyfinder.eg/to/03FRCSRH6WPNYVNX7FBR2TX9GM/en,diamond-sale-eg
https://www.propertyfinder.eg/to/ESG6CHFE155QXE6VQVTVH3C02W/en,diamond-sale-eg
https://www.propertyfinder.eg/to/6X8S7FPE90WDZSGFJ26KKMMZHR/en,diamond-sale-eg
https://www.propertyfinder.eg/to/T40GGYQSF5ZTD0CZZBT1QYH8QW/en,diamond-sale-eg
https://www.propertyfinder.eg/to/4VSPQFQV9EMNWHJDBH4Y6X1T04/en,diamond-sale-eg
https://www.propertyfinder.eg/to/071A4HTMKE5BTP3G04EXGM9WNC/en,diamond-sale-eg
https://www.propertyfinder.eg/to/6Z0P39ZT8CHR8NWVAT9X87QJZG/en,diamond-sale-eg
https://www.propertyfinder.eg/to/XHX0JKFRB7MJFJNX6B31S6YBVW/en,diamond-sale-eg
https://www.propertyfinder.eg/to/YAXASHDWM1WRE89WC9HR2DS6YW/en,diamond-sale-eg
https://www.propertyfinder.eg/to/8BF8EGRBSJE3E11M4PF7DS7YJM/en,diamond-sale-eg
https://www.propertyfinder.eg/to/CMAJH31ZPJF2XB0FG04A4NMAD8/en,diamond-sale-eg
https://www.propertyfinder.eg/to/JJKA066K1TXY4BVHPN472RVPK8/en,diamond-sale-eg
https://www.propertyfinder.eg/to/GQ17HBV73W3WVXF3ZFJ4CZGYA0/en,diamond-sale-eg
https://www.propertyfinder.eg/to/QX306DS75HTZSWMKW3DJ2TDRFC/en,diamond-sale-eg
https://www.propertyfinder.eg/to/8F8ZSE2K3DG3T9M0BRHHHRZSCG/en,diamond-sale-eg
https://www.propertyfinder.eg/to/SKQPGTFT104S4EPSNGC352QE0W/en,diamond-sale-eg
https://www.propertyfinder.eg/to/X7CGNVRRND9SWJ17MHD2WPZY2M/en,diamond-sale-eg
https://www.propertyfinder.eg/to/HKW73Y7JBP15VRNE9XRXFZH9N0/en,diamond-sale-eg
https://www.propertyfinder.eg/to/7FQHASWDYTNSW8DWX4X3FVH5XR/en,diamond-sale-eg
https://www.propertyfinder.eg/to/NQCH5AAGW30Z6ES6CP23HYPMWG/en,diamond-sale-eg
https://www.propertyfinder.eg/to/A0379N96EEWPJ0ZGWGYJY7E8W0/en,diamond-sale-eg
https://www.propertyfinder.eg/to/EB9KPGSEZ9PZSSYX4T4XAFBNK8/en,diamond-sale-eg
https://www.propertyfinder.eg/to/3ANH49PVJ3AK2X3PMMTKHB4C24/en,diamond-sale-eg
https://www.propertyfinder.eg/to/HA1V4GMQA4EXAB0EF10TBFWXNC/en,diamond-sale-eg
https://www.propertyfinder.eg/to/MXP32A5YFVVR8AHH0H4M58F424/en,diamond-sale-eg
https://www.propertyfinder.eg/to/PWKPAND75SNDW1SB6QW09SQDZ0/en,diamond-sale-eg
https://www.propertyfinder.eg/to/A1JJ5414KS0Z9YWH7J6VGGNXH8/en,diamond-sale-eg
https://www.propertyfinder.eg/to/43945FD21VHZYKWW1ARKQ2KRSG/en,diamond-sale-eg
https://www.propertyfinder.eg/to/41GW1SJV3Q4REW3P56NNH5KYHR/en,diamond-sale-eg
https://www.propertyfinder.eg/to/X2WCE82WZPZKR340346ZV68D6R/en,diamond-sale-eg
https://www.propertyfinder.eg/to/N7899DX4BHXPTF3AVMTQM1J3FM/en,diamond-sale-eg
https://www.propertyfinder.eg/to/VZ9T3BQQEQDVJ8ZHSZ52EX2SP0/en,diamond-sale-eg
https://www.propertyfinder.eg/to/T9DVS9HFTJ2GQTNA2334JDY8AR/en,diamond-sale-eg
https://www.propertyfinder.eg/to/XZWNKMNJ4M0ASENNCNVWYM1PKR/en,diamond-sale-eg
https://www.propertyfinder.eg/to/GBD2P45HMG25RMZ55MGQS0PDK8/en,diamond-sale-eg
https://www.propertyfinder.eg/to/JY0R1QFH2RXF036DZ65H7491RR/en,diamond-sale-eg
https://www.propertyfinder.eg/to/FJEDKF8KB3DF006A9X6K40Z6BM/en,diamond-sale-eg
https://www.propertyfinder.eg/to/2WYP6M3X7DQJMMK5Q3AKQZCRMC/en,diamond-sale-eg
https://www.propertyfinder.eg/to/G89P3KW6VRRQ5RHKM9TKECJCPG/en,diamond-sale-eg
https://www.propertyfinder.eg/to/A58FCWND9A1B1NBQ3J68MZWVMW/en,diamond-sale-eg
https://www.propertyfinder.eg/to/83VGNZAG7Z9HN511HAHKR0RM7W/en,diamond-sale-eg
https://www.propertyfinder.eg/to/5J39F6E8NY9QFAD41EKSJB8QAG/en,diamond-sale-eg
https://www.propertyfinder.eg/to/775GRC296B6HYBW2D0R8AD06V8/en,diamond-sale-eg
https://www.propertyfinder.eg/to/YYMKG033NB45WFTXS8BW5P3MEW/en,diamond-sale-eg
https://www.propertyfinder.eg/to/QFY8D3N5ATTQX2VVWX1MXTHVD4/en,diamond-sale-eg
https://www.propertyfinder.eg/to/HWZP2GV4BSE71EYSS0SDR0E4C4/en,diamond-sale-eg
https://www.propertyfinder.eg/to/EVF4QSWT3PCCKST6GWDCNRJW7M/en,diamond-sale-eg
https://www.propertyfinder.eg/to/8S69D0C7CHWGVFZ392C4W85HB8/en,diamond-sale-eg
https://www.propertyfinder.eg/to/X9SDTAG3NS5FMJYNXER3AFVWFG/en,diamond-sale-eg
https://www.propertyfinder.eg/to/PGPJQM8YB4E18KK5YB916D36BC/en,diamond-sale-eg
https://www.propertyfinder.eg/to/YQ3728R2R07C4F34JTWNRGEV3R/en,diamond-sale-eg
https://www.propertyfinder.eg/to/3DA9WQ1JV44EZ068B2YN56ZDZG/en,diamond-sale-eg
https://www.propertyfinder.eg/to/18D4J87553R2RQNFDSAV7QA6FG/en,diamond-sale-eg
https://www.propertyfinder.eg/to/ZDS0R50BDJCPT4GK740EPP9MXC/en,diamond-sale-eg
https://www.propertyfinder.eg/to/Q1WFYFW2AWF4V50TQSVWDFNYKG/en,diamond-sale-eg
https://www.propertyfinder.eg/to/1JSN1MNXYT91KZZ7H3AAP8DS9R/en,diamond-sale-eg
https://www.propertyfinder.eg/to/4CZRCMJ6T80X7AXAYC75VP2KBR/en,diamond-sale-eg
https://www.propertyfinder.eg/to/GYATQ720ZFDQJVCRXKV6CENA6W/en,diamond-sale-eg
https://www.propertyfinder.eg/to/EZ5SK9ABY4FK62PWG4P970FTGC/en,diamond-sale-eg
https://www.propertyfinder.eg/to/XJ66WH0JBHKCG2DBAR7S9EKYWR/en,diamond-sale-eg
https://www.propertyfinder.eg/to/Y9NWBHZGNQTN6QWRNMXQSXCJV0/en,diamond-sale-eg
https://www.propertyfinder.eg/to/ZA3JXZFFQDRJ9295YRK82V2K58/en,diamond-sale-eg
https://www.propertyfinder.eg/to/B5EW58VM2P5P5BKXS1MKJK94YW/en,diamond-sale-eg
https://www.propertyfinder.eg/to/5YK7CM78S2XQC42H5F1JQXB480/en,diamond-sale-eg
https://www.propertyfinder.eg/to/04TJSZETD0CWWBQVFPAYKT2WMW/en,diamond-sale-eg
https://www.propertyfinder.eg/to/XBYF4DCDDGQVA7NCVPZKF7PM84/en,diamond-sale-eg
https://www.propertyfinder.eg/to/8KP07MBAFQQB58SYYD8RPFQK50/en,diamond-sale-eg
https://www.propertyfinder.eg/to/C3EH4J483PKXWCRF2CGN9W23XG/en,diamond-sale-eg
https://www.propertyfinder.eg/to/S34DY92S6X6ZJ1ESAB1QQW8XC8/en,diamond-sale-eg
https://www.propertyfinder.eg/to/4CH5R4VG8EHQD1A8QMY29Y7N9C/en,diamond-sale-eg
https://www.propertyfinder.eg/to/3M0YD4F11ZDSPNTYNTC3ENRYD8/en,diamond-sale-eg
https://www.propertyfinder.eg/to/CGCMC9VVGP7HK3YF7KTP0QN3XW/en,diamond-sale-eg
https://www.propertyfinder.eg/to/QR3HQTZS9RBJH4JA953GR4D7RG/en,diamond-sale-eg
https://www.propertyfinder.eg/to/XK9PSK9T0J0WDWSX4YF3ZP6PNW/en,diamond-sale-eg
https://www.propertyfinder.eg/to/M8TRVFZ1XBETZVCWSQ6F48CRX0/en,diamond-sale-eg
https://www.propertyfinder.eg/to/4FF51PRX2PK947YSMHQG9SN4QC/en,diamond-sale-eg
https://www.propertyfinder.eg/to/M6NJQ2HWHWGPGADTNCX5HNRZ7C/en,diamond-sale-eg
https://www.propertyfinder.eg/to/E4CSH26P8VQSPFYCPYAJYSG6Z8/en,diamond-sale-eg
https://www.propertyfinder.eg/to/S58Z4VHZVMPGJ5ZQ9W4Z5Y6ZFW/en,diamond-sale-eg
https://www.propertyfinder.eg/to/594M9MRTXCVH60H58P3WK1AC98/en,diamond-sale-eg
https://www.propertyfinder.eg/to/YBR1JDJ1W9YY9RFJCVT60FSYJM/en,diamond-sale-eg
https://www.propertyfinder.eg/to/CDYFXHZ945PPH4KNE8FSH3VS94/en,diamond-sale-eg
https://www.propertyfinder.eg/to/1T89KRRZB4KA6EC1K9EAA09T3C/en,diamond-sale-eg
https://www.propertyfinder.eg/to/EA6NTJ8TPY0AVK0GT59F7B3F68/en,diamond-sale-eg
https://www.propertyfinder.eg/to/XS9DRVSFCCR7APSNR9G0JWPZY0/en,diamond-sale-eg
https://www.propertyfinder.eg/to/G61VXC8X0TQ741XKDE7RYZP8A4/en,diamond-sale-eg
https://www.propertyfinder.eg/to/84V5QE1HHYCP6S4RGJYE8S70RG/en,diamond-sale-eg
https://www.propertyfinder.eg/to/5QPHK8FS9GD20JEHZJVGRZRA4G/en,diamond-sale-eg
https://www.propertyfinder.eg/to/ZFVEKPW4YM79PPRV1HPHZD8JDC/en,diamond-sale-eg
https://www.propertyfinder.eg/to/BFZV3MFQAD9368M9AS01RNPFQ8/en,diamond-sale-eg
https://www.propertyfinder.eg/to/A2JCZA34HX9CFPYV5SS7SMHBP8/en,diamond-sale-eg
https://www.propertyfinder.eg/to/BVMJGGH0SB6WWPB82XJJKNGAVG/en,diamond-sale-eg
https://www.propertyfinder.eg/to/8SG3CGSHF25XVTJCKDC9GQ11HC/en,diamond-sale-eg
https://www.propertyfinder.eg/to/XRRXSBAK7M27JDY2DP0TY9MTBC/en,diamond-sale-eg
https://www.propertyfinder.eg/to/F1WAA3MWMZ6R6JPXX16RZCA6C4/en,diamond-sale-eg
https://www.propertyfinder.eg/to/0FHCFH37R9K4GGN1T49EY74HRC/en,diamond-sale-eg
https://www.propertyfinder.eg/to/Q6GGQZ97WDC1GVC8AA5F77769C/en,diamond-sale-eg
https://www.propertyfinder.eg/to/X77T4Q60G5CM55KAKWCXC55ESC/en,diamond-sale-eg
https://www.propertyfinder.eg/to/HCRG9699VP29BRZ3Q3RJ192MMW/en,diamond-sale-eg
https://www.propertyfinder.eg/to/Z46P31RJDG5MTE4140R5GPWJK0/en,diamond-sale-eg
https://www.propertyfinder.eg/to/SADAVJ71S1GT0BQ5B7T3GKQ93R/en,diamond-sale-eg
https://www.propertyfinder.eg/to/5D03MDWE29NRJSWMTR49TSSZ9M/en,diamond-sale-eg
https://www.propertyfinder.eg/to/S95XAXDENSM4JZ7B4F8JJNJ0Z4/en,diamond-sale-eg
https://www.propertyfinder.eg/to/RBPGS3JTYFV6S1MEG5JQTMKD80/en,diamond-sale-eg
https://www.propertyfinder.eg/to/GSYKPPYP95K8Z46W46ND4F8NK8/en,diamond-sale-eg
https://www.propertyfinder.eg/to/Z6JJX502GEVFTW4EGBGV5D9R00/en,diamond-sale-eg
https://www.propertyfinder.eg/to/YMHXPB1GWGVSNHC0HKX8PFPAWR/en,diamond-sale-eg
https://www.propertyfinder.eg/to/B4W4521WVAZMCX4E7PAC4X685R/en,diamond-sale-eg
https://www.propertyfinder.eg/to/C0JKA499090B92FJTN5AFKCJ2R/en,diamond-sale-eg
https://www.propertyfinder.eg/to/ZX4M5P7MAM2KFVND4YKPN09B40/en,diamond-sale-eg
https://www.propertyfinder.eg/to/XT7H8YEG75W4S5VSDS55J3MNH8/en,diamond-sale-eg
https://www.propertyfinder.eg/to/FSSN99X8EWEK2SF7AMH5H5TGY4/en,diamond-sale-eg
https://www.propertyfinder.eg/to/CEXPJK1N5HA0PEJ8GTD83SBR1R/en,diamond-sale-eg
https://www.propertyfinder.eg/to/V138ZJ4KVQGAPC0WPW4EGZ2TDW/en,diamond-sale-eg
https://www.propertyfinder.eg/to/BXBSW3W31777BEMW79PBMVMTEW/en,diamond-sale-eg
https://www.propertyfinder.eg/to/HC0THKY4MJFY6NF0DK228GXN4G/en,diamond-sale-eg
https://www.propertyfinder.eg/to/5K49RS23R7QCVCYT3AAB40B4BM/en,diamond-sale-eg
https://www.propertyfinder.eg/to/VJYZXCN9FF40V08KNSCKP1HFK4/en,diamond-sale-eg
https://www.propertyfinder.eg/to/2Y1Y948538SJJA4XZMHPRVERF0/en,diamond-sale-eg
https://www.propertyfinder.eg/to/NGJSF13MJTBCY76PQ4PTHQNR08/en,diamond-sale-eg
https://www.propertyfinder.eg/to/2N010RHF3489MEF9VHR0DE4QE4/en,diamond-sale-eg
https://www.propertyfinder.eg/to/GYNAXCSKT2D8P0XPK7D8ZHFNT4/en,diamond-sale-eg
https://www.propertyfinder.eg/to/DDXYYP2543Z6ZHY7M88GD9VVNG/en,diamond-sale-eg
https://www.propertyfinder.eg/to/R37TW4GHQC8QXK0P1R1SJK6SNM/en,diamond-sale-eg
https://www.propertyfinder.eg/to/PBQ1AVGMFX2NP8C0Y9BMEZSQW4/en,diamond-sale-eg
https://www.propertyfinder.eg/to/TBQ0DEXJ8G3X5J32K9D9VKA3S0/en,diamond-sale-eg
https://www.propertyfinder.eg/to/4ATHT1BH7VFMWF9HKN253XQWQR/en,diamond-sale-eg
https://www.propertyfinder.eg/to/A6QWNP00HJN04XBEWE58H6P3P4/en,diamond-sale-eg
https://www.propertyfinder.eg/to/7GDHG0CMZ5FAK6YBEDG5YE3N58/en,diamond-sale-eg
https://www.propertyfinder.eg/to/95220VXCYZHQREXMB8PPXWXH50/en,diamond-sale-eg
https://www.propertyfinder.eg/to/Q8JPDAKJE4NTFRM0JT6TJ3GK60/en,diamond-sale-eg
https://www.propertyfinder.eg/to/8ZND13XJ3NDKDP7CYJXAE70A38/en,diamond-sale-eg
https://www.propertyfinder.eg/to/DY6R5H0GK380CJSQFD5BQ0YR30/en,diamond-sale-eg
https://www.propertyfinder.eg/to/F0Y5Q82YDNS6B41TS36H9TBSS4/en,diamond-sale-eg
https://www.propertyfinder.eg/to/R92NRRC2A3NJJ7ET2MWGJZXJJW/en,diamond-sale-eg
https://www.propertyfinder.eg/to/K8MKGBAP1DPD98F4NMJR6Z89C0/en,diamond-sale-eg
https://www.propertyfinder.eg/to/V8Y186N1G916MPRZ84Z3PQZQSG/en,diamond-sale-eg
https://www.propertyfinder.eg/to/T9YX1MR61W7HGJPC6AVFP1AX4W/en,diamond-sale-eg
https://www.propertyfinder.eg/to/BP1M9TX8SG5YQKBP6AHBA0NV0R/en,diamond-sale-eg
https://www.propertyfinder.eg/to/VDC1Z7WH6PN9X01Q1QFQ92Z5R8/en,diamond-sale-eg
https://www.propertyfinder.eg/to/69JC2GT3VHC5Z9DSJYFY7ZWMCC/en,diamond-sale-eg
https://www.propertyfinder.eg/to/AVE864Z05ZC1NBW6R33VBN7BRC/en,diamond-sale-eg
https://www.propertyfinder.eg/to/RWZS5H9QXM14GM0ZT7YSWTHTD4/en,diamond-sale-eg
https://www.propertyfinder.eg/to/2PRVJ36MSGMRYDNYYBTZ406288/en,diamond-sale-eg
https://www.propertyfinder.eg/to/6WZGA4A8JTN50QJRTA0HR2V2ZW/en,diamond-sale-eg
https://www.propertyfinder.eg/to/X2VYGACM8GXEJEHZKE8DA8QPD8/en,diamond-sale-eg
https://www.propertyfinder.eg/to/1D28Z300QPZFVBWVZAFFA8J19R/en,diamond-sale-eg
https://www.propertyfinder.eg/to/PPE32FXRBDG290GYN3DXFYCHEC/en,diamond-sale-eg
https://www.propertyfinder.eg/to/YVR3JJYJ2Q7YZC6DB5P2T7WV3W/en,diamond-sale-eg
https://www.propertyfinder.eg/to/PRQRVCMPK63S3CVGS5G9XFPCT8/en,diamond-sale-eg
https://www.propertyfinder.eg/to/QAQFA4JZN4AKNPK6EFDKTNKM0M/en,diamond-sale-eg
https://www.propertyfinder.eg/to/FWCNF6VHCM24B0AQPMVG8TD9EC/en,diamond-sale-eg
https://www.propertyfinder.eg/to/JXB964S55K2JBWHCB2ZGF4JGSR/en,diamond-sale-eg
https://www.propertyfinder.eg/to/QBYVPKHACQ668DXR88ZTHXNTC0/en,diamond-sale-eg
https://www.propertyfinder.eg/to/FN0Y3HVY54QB5MB16SV1D7JMVC/en,diamond-sale-eg
https://www.propertyfinder.eg/to/76E5M6M7ZPK9BM4VKYF8TV25CC/en,diamond-sale-eg
https://www.propertyfinder.eg/to/6S3PDHSTTK0S95SPSQV22S31F0/en,diamond-sale-eg
https://www.propertyfinder.eg/to/K0B771R5NXXC0SJKCKPA9J66H0/en,diamond-sale-eg
https://www.propertyfinder.eg/to/NHRADAK86X22QE3BXDGAG3GSD0/en,diamond-sale-eg
https://www.propertyfinder.eg/to/PHM48GHB74JP4PCNJ9KC1CB07W/en,diamond-sale-eg
https://www.propertyfinder.eg/to/EJ3MJRSN3S0J9MY3ZRDD0P2MXR/en,diamond-sale-eg
https://www.propertyfinder.eg/to/JGY23B5DKFXK97M14EHN12DQA8/en,diamond-sale-eg
https://www.propertyfinder.eg/to/HWE7Q5J4915KZ71EDCZVHWBHQ4/en,diamond-sale-eg
https://www.propertyfinder.eg/to/B8QYWHKM6BHEH2211FDNRR6J3W/en,diamond-sale-eg
https://www.propertyfinder.eg/to/9PSMCHCG7128YT6PEGJCKPM39R/en,diamond-sale-eg
https://www.propertyfinder.eg/to/M3ABB0VG9PWQYQT4BBX7PM6ACC/en,diamond-sale-eg
https://www.propertyfinder.eg/to/QAB451FQ3MF1EVEJA5WDSRY7M0/en,diamond-sale-eg
https://www.propertyfinder.eg/to/SY3BKVTZXZHD15FM6HKWBEDJPW/en,diamond-sale-eg
https://www.propertyfinder.eg/to/B0XBX3J1M1M2GCR4H8ABWQ73G4/en,diamond-sale-eg
https://www.propertyfinder.eg/to/KCWGVW9RPGSTT0G98SDMXQNKT8/en,diamond-sale-eg
https://www.propertyfinder.eg/to/Y396MSMEFHZWY2HVCWF2EA1MKM/en,diamond-sale-eg
https://www.propertyfinder.eg/to/VRRD57S7FTP96AQQ7T4FVVV4K0/en,diamond-sale-eg
https://www.propertyfinder.eg/to/WCAJ7CNPP0F6GJ35BKZYY3NMQM/en,diamond-sale-eg
https://www.propertyfinder.eg/to/3D44BEABJF2CWQQRAJZDM7HJT4/en,diamond-sale-eg
https://www.propertyfinder.eg/to/S6FCC1C47VWAQBTMCW8MWTN7N0/en,diamond-sale-eg
https://www.propertyfinder.eg/to/1D1A3FNK47Q78B4Z82S91FSNR8/en,diamond-sale-eg
https://www.propertyfinder.eg/to/QP8RGYM9150TP8EF1SV6NSHZ1W/en,diamond-sale-eg
https://www.propertyfinder.eg/to/TZKQS61HE8MTNSGSHGHWKBQ89W/en,diamond-sale-eg
https://www.propertyfinder.eg/to/ZJHTQVX180ND3236SSMEZVMZM0/en,diamond-sale-eg
https://www.propertyfinder.eg/to/PSDHEJS4617WNM2G0ME72VWWTR/en,diamond-sale-eg
https://www.propertyfinder.eg/to/03VA3T8R6YQX899DCH3V28F6NG/en,diamond-sale-eg
https://www.propertyfinder.eg/to/JZD081TPB0TH2A4MH1GTSPKTX8/en,diamond-sale-eg
https://www.propertyfinder.eg/to/0FTDGZGKWXNSQT8HS09HWHRQBC/en,diamond-sale-eg
https://www.propertyfinder.eg/to/SZ4HK738A9VTRSA2X2MBP0RHGC/en,diamond-sale-eg
https://www.propertyfinder.eg/to/16NNMS4EEQPZHGT2KTTF3Q4XKM/en,diamond-sale-eg
https://www.propertyfinder.eg/to/2DE42V4R87SVS3AWHZ2ND8S4QM/en,diamond-sale-eg
https://www.propertyfinder.eg/to/01K6KJ36EZWXYC7310NHM12Y38/en,diamond-sale-eg
https://www.propertyfinder.eg/to/01K6J6XVG5A8TN6AA8HSZF4TDN/en,diamond-sale-eg
https://www.propertyfinder.eg/to/BTEDGSP4MA9MTEZHCVKWQM87W0/en,diamond-sale-eg
https://www.propertyfinder.eg/to/4GATTJJJJ8Z0EXH70JV4XX5TX4/en,diamond-sale-eg
https://www.propertyfinder.eg/to/3YMG8Y14Z7JD5EBYMVVDEZMV8C/en,diamond-sale-eg
https://www.propertyfinder.eg/to/1SKN8SKCP7288VVAVDYDF2G0AR/en,diamond-sale-eg
https://www.propertyfinder.eg/to/MGGNG93ET4VB54YMKZG7T3R2HW/en,diamond-sale-eg
https://www.propertyfinder.eg/to/DBEV8JX8YECFACZ10H2PKC636W/en,diamond-sale-eg
https://www.propertyfinder.eg/to/21VNDGHFW1B155J9MXATJZB8NW/en,diamond-sale-eg
https://www.propertyfinder.eg/to/YZVJVY15ZPEG6A8M4J6QRMK6WG/en,diamond-sale-eg
https://www.propertyfinder.eg/to/HAEKP3VH5TP3K49QE8G52HZ6GC/en,diamond-sale-eg
https://www.propertyfinder.eg/to/MZ3FVPXAPF1EPX6NHKB3DQHTE8/en,diamond-sale-eg
https://www.propertyfinder.eg/to/9Q3W3SE6CEFBZACR8R2MWNVXTW/en,diamond-sale-eg
https://www.propertyfinder.eg/to/DJPNP1FFFRZ3Q3ACACJ092S9Q0/en,diamond-sale-eg
https://www.propertyfinder.eg/to/MN7RQA5F31FT1QGTS6Y7EFSCS8/en,diamond-sale-eg
https://www.propertyfinder.eg/to/CGXTS995RGKNBWEWYE6XQ44TYR/en,diamond-sale-eg
https://www.propertyfinder.eg/to/49JVHEDTKWDK0R4B7VKN4CDTA8/en,diamond-sale-eg
https://www.propertyfinder.eg/to/QD205P6N1SD59DJQMYKR8E7F50/en,diamond-sale-eg
https://www.propertyfinder.eg/to/DE59Q5J67ZYYJBR4KRC0CSGPT0/en,diamond-sale-eg
https://www.propertyfinder.eg/to/NEQ28TGEN1HDXGH21B4GHFGJ9R/en,diamond-sale-eg
https://www.propertyfinder.eg/to/QFGFPSV5D1EBP8XFZCNQVGYQ9G/en,diamond-sale-eg
https://www.propertyfinder.eg/to/WWSNZ2V124JM862WCM5RHKRV6R/en,diamond-sale-eg
https://www.propertyfinder.eg/to/S4XZPTK0KS6RMBKR1ABZ2TA3HR/en,diamond-sale-eg
https://www.propertyfinder.eg/to/RD0YAG7Y8PEBM900PDB8S8DMZ8/en,diamond-sale-eg
https://www.propertyfinder.eg/to/TK033AD62R9767YR9S7PPKTEC8/en,diamond-sale-eg
https://www.propertyfinder.eg/to/ZT2Y3Q1FZQ0YT3PTCBT7VZE6JW/en,diamond-sale-eg
https://www.propertyfinder.eg/to/3WMFF973H47V6WE4A126W8V8M0/en,diamond-sale-eg
https://www.propertyfinder.eg/to/2DN23ZV0T83RZ7MQ6KFQJ68EA0/en,diamond-sale-eg
https://www.propertyfinder.eg/to/0F3286WWYK3P35GMWKZQ9F9JH8/en,diamond-sale-eg
https://www.propertyfinder.eg/to/0PV1MBBKMM7FHP8EEAHJQPAFH8/en,diamond-sale-eg
https://www.propertyfinder.eg/to/GXTS254SFQGGQ2WDMJ3BEQBKBG/en,diamond-sale-eg
https://www.propertyfinder.eg/to/612AZ9QTE362C26BSNMPS7M6TC/en,diamond-sale-eg
https://www.propertyfinder.eg/to/CHWRNVTD7DZADWNF1KY3164QGW/en,diamond-sale-eg
https://www.propertyfinder.eg/to/JXTBDTHHZK8S8R84E6RHZ7FMEG/en,diamond-sale-eg
https://www.propertyfinder.eg/to/3CK9S8J6W4J314BMSKH60DK0NW/en,diamond-sale-eg
https://www.propertyfinder.eg/to/825NX0RQRHV2HT1A1740NMCAP4/en,diamond-sale-eg
https://www.propertyfinder.eg/to/WH80FPXK2611G7RDWJVTZKSCP8/en,diamond-sale-eg
https://www.propertyfinder.eg/to/F046TTYPWX5V6Y3X2GGKABFAE0/en,diamond-sale-eg
https://www.propertyfinder.eg/to/PRK06H77FGG2JPP8VTVW7AKZW4/en,diamond-sale-eg
https://www.propertyfinder.eg/to/NX2KKDV8HCMDCRR24YMXBD9FXM/en,diamond-sale-eg
https://www.propertyfinder.eg/to/QYRRZ5SJGVZSZRFR7FVQV38BBR/en,diamond-sale-eg
https://www.propertyfinder.eg/to/1ZACEC8S9871GAY4ZSJDDQTRAM/en,diamond-sale-eg
https://www.propertyfinder.eg/to/BH4MEZ7N45ZRPNCA63S3G1BTAM/en,diamond-sale-eg
https://www.propertyfinder.eg/to/2FK74MNJA87YSJF5JZ87XZPFKC/en,diamond-sale-eg
https://www.propertyfinder.eg/to/DBBT8CGHER0DA9R9HWQGAPK81R/en,diamond-sale-eg
https://www.propertyfinder.eg/to/K402QYNX53VP4NXGCJPD8KN804/en,diamond-sale-eg
https://www.propertyfinder.eg/to/4E87M74MFRVWPP9ZA23H1021M4/en,diamond-sale-eg
https://www.propertyfinder.eg/to/E9E7YEF0D0BTMFYB3J82SAFF0M/en,diamond-sale-eg
https://www.propertyfinder.eg/to/MDP40K9SYM8WEM04YP10NNR6MR/en,diamond-sale-eg
https://www.propertyfinder.eg/to/6JEY8C9F6JQZTQP6HB7F0KPMZ8/en,diamond-sale-eg
https://www.propertyfinder.eg/to/HMQYGFGCZNY699F0CPPZ080BN8/en,diamond-sale-eg
https://www.propertyfinder.eg/to/FE9BWRMR9PB8TXTBB0MS8ZCQBM/en,diamond-sale-eg
https://www.propertyfinder.eg/to/YX2GD53BM0RP7PXBBE1ZKW378C/en,diamond-sale-eg
https://www.propertyfinder.eg/to/FHETFA4KTZM8B7J85MKXJTWF48/en,diamond-sale-eg
https://www.propertyfinder.eg/to/D6QP46GCH9935AQ5Y53CGR4TPR/en,diamond-sale-eg
https://www.propertyfinder.eg/to/YRMWH616ENK4P19MSW08H3ZCNG/en,diamond-sale-eg
https://www.propertyfinder.eg/to/QCKXMCDSWQBDF04R8RKH0MCED8/en,diamond-sale-eg
https://www.propertyfinder.eg/to/Y5F1PC2F93VA4VHX0H9SN4KRAC/en,diamond-sale-eg
https://www.propertyfinder.eg/to/95ED5CSZAZSQ0YNQQ4PEQ6J8N0/en,diamond-sale-eg
https://www.propertyfinder.eg/to/CFH7PBRAXACXS0Y88RMKJ4P090/en,diamond-sale-eg
https://www.propertyfinder.eg/to/QCQ3CP0D5QNZMDX9434NC3AMFW/en,diamond-sale-eg
https://www.propertyfinder.eg/to/BQV7M5CQPFN81QVGRGA2T1TFDM/en,diamond-sale-eg
https://www.propertyfinder.eg/to/XY4V44F769RYQHX7Q9E9NP3KT0/en,diamond-sale-eg
https://www.propertyfinder.eg/to/YJGGH7RX900ESSXG2RW8DV2V5C/en,diamond-sale-eg
https://www.propertyfinder.eg/to/XZ7XAQK18QXVVRBDT4VW1PW4F4/en,diamond-sale-eg
https://www.propertyfinder.eg/to/KS9YJSGM8YSVGHS14050ADYSHW/en,diamond-sale-eg
https://www.propertyfinder.eg/to/HVRDR8T776GNM9N72R5K0G2VV0/en,diamond-sale-eg
https://www.propertyfinder.eg/to/M7JBG824SXRNG8ZFCFC3S4Q1Q0/en,diamond-sale-eg
https://www.propertyfinder.eg/to/0CP7XB66744GBYBMDA2NQZXGHG/en,diamond-sale-eg
https://www.propertyfinder.eg/to/DC5WSXSEGDPAX95WFNSGJ3BWJG/en,diamond-sale-eg
https://www.propertyfinder.eg/to/S6SD88XP2XWWC786W8V8ZPPDB4/en,diamond-sale-eg
https://www.propertyfinder.eg/to/83WFA1KAVY1W3GPXXQ86Q0QFJW/en,diamond-sale-eg
https://www.propertyfinder.eg/to/Z5WEHFBEAMT5GD4N05679NZGE8/en,diamond-sale-eg
https://www.propertyfinder.eg/to/FAPV6XWZA2FYM5TZRWY7V1K7BR/en,diamond-sale-eg
https://www.propertyfinder.eg/to/B61ANMA028J17PG22YSQYWV8K8/en,diamond-sale-eg
https://www.propertyfinder.eg/to/K06VEW9MSTT9AKTJV4P8TF54E4/en,diamond-sale-eg
https://www.propertyfinder.eg/to/P78HPR6Z71SSNP1TXWYTPZTGQ4/en,diamond-sale-eg
https://www.propertyfinder.eg/to/5F3P3TZW8XQWG781BHX915CJ04/en,diamond-sale-eg
https://www.propertyfinder.eg/to/3EJF6J13PRH43CWMEC2A7P69QC/en,diamond-sale-eg
https://www.propertyfinder.eg/to/5G1ZYKPW44YMTPJW08YZQSTFZM/en,diamond-sale-eg
https://www.propertyfinder.eg/to/JZVTA079W6MEG02GF28FT8Q78G/en,diamond-sale-eg
https://www.propertyfinder.eg/to/F9S5HV29885P2SGG9MN2D1VJV4/en,diamond-sale-eg
https://www.propertyfinder.eg/to/GZVPHXMV0SQRVZ8PQPW0BKZTX4/en,diamond-sale-eg
https://www.propertyfinder.eg/to/9MDXTDB46MB65CC5HBYKTDQTGM/en,diamond-sale-eg
https://www.propertyfinder.eg/to/V78Q39E8GMMQHZ77GESKSP08J4/en,diamond-sale-eg
https://www.propertyfinder.eg/to/EXPY52W2XS917QJS75V6AJJN28/en,diamond-sale-eg
https://www.propertyfinder.eg/to/HCQ1EMJ5YS7J1YKNWAP2YK6YZ4/en,diamond-sale-eg
https://www.propertyfinder.eg/to/BH0WBKEX31E12QT960XEDXFDJ0/en,diamond-sale-eg
https://www.propertyfinder.eg/to/JC9ZFG79H3DCF9M39F3ZD204EM/en,diamond-sale-eg
https://www.propertyfinder.eg/to/QFNWEY90WNHN80D6FFC297KFAC/en,diamond-sale-eg
https://www.propertyfinder.eg/to/07Q3CEH0X3VQNKWP2XTJDM7Y1R/en,diamond-sale-eg
https://www.propertyfinder.eg/to/YNXP2CWWDCHNSBQ6AJEFY6PS2R/en,diamond-sale-eg
https://www.propertyfinder.eg/to/CGX3AV5163QJDQDDGFGY2XB918/en,diamond-sale-eg
https://www.propertyfinder.eg/to/CT59C07690D227VY7QC37T1JTC/en,diamond-sale-eg
https://www.propertyfinder.eg/to/JCDRTGWEDK385876YZS0DT2ERW/en,diamond-sale-eg
https://www.propertyfinder.eg/to/461VNVKCZ9R8Y3ZRQ0F0WGAVAM/en,diamond-sale-eg
https://www.propertyfinder.eg/to/MQPD05Z53BXJGB568N9PCHC91R/en,diamond-sale-eg
https://www.propertyfinder.eg/to/4NQXA208PDENYZKWGB3APSBX1R/en,diamond-sale-eg
https://www.propertyfinder.eg/to/PZR6ZEMA4M92N8V88JMHH087G8/en,diamond-sale-eg
https://www.propertyfinder.eg/to/QBXKSFZSBRHT616VX46JZ6GMSC/en,diamond-sale-eg
https://www.propertyfinder.eg/to/3AWABH3BYF3W30BTB2MQ51XPPG/en,diamond-sale-eg
https://www.propertyfinder.eg/to/TV6579V62CAM42V4VFF04KX1EC/en,diamond-sale-eg
https://www.propertyfinder.eg/to/TZSAXAJEE5RZRW7R19APVFYWZW/en,diamond-sale-eg
https://www.propertyfinder.eg/to/BV4Z5WAHDZZ332WYQV6ZK41RQ8/en,diamond-sale-eg
https://www.propertyfinder.eg/to/7S5SXM94TXCP26VPN8PS86XMZ4/en,diamond-sale-eg
https://www.propertyfinder.eg/to/TR5AWDXC58ZRZNF1RZ0MHZBR3R/en,diamond-sale-eg
https://www.propertyfinder.eg/to/6A0QAA6VQW3YA31FPFVE04J8YC/en,diamond-sale-eg
https://www.propertyfinder.eg/to/876YM1BGGNGJZX4NAT876N0374/en,diamond-sale-eg
https://www.propertyfinder.eg/to/JN0Q01A3VDPPGX89FTE55EKH9G/en,diamond-sale-eg
https://www.propertyfinder.eg/to/SJ7FP8WJVAJN4BETEZ043ZW634/en,diamond-sale-eg
https://www.propertyfinder.eg/to/S2ZSAZD6Z4S2H8A7ZGJM5X3JP4/en,diamond-sale-eg
https://www.propertyfinder.eg/to/795Y43CPG8PFWE9P1QJ20EFWT0/en,diamond-sale-eg
https://www.propertyfinder.eg/to/6SS8VCFF4FJ27HG0NC03RDYESM/en,diamond-sale-eg
https://www.propertyfinder.eg/to/1C8G0RE3M1KENXXSWS1NSMP354/en,diamond-sale-eg
https://www.propertyfinder.eg/to/YJZTW4DY9CQC2DSXV7S7XJGXTW/en,diamond-sale-eg
https://www.propertyfinder.eg/to/7AH7597W4XR545FCJ4AMRQ6G4C/en,diamond-sale-eg
https://www.propertyfinder.eg/to/536Q732S1K1P9PAD42REG6MYXC/en,diamond-sale-eg
https://www.propertyfinder.eg/to/5WSEHC08RRKDM2QQGZGZCG0KPW/en,diamond-sale-eg
https://www.propertyfinder.eg/to/BYQGW65NMM8NP98DCK9B4KC2E8/en,diamond-sale-eg
https://www.propertyfinder.eg/to/9GNR3013R91F6ZX94AMP9FFP8C/en,diamond-sale-eg
https://www.propertyfinder.eg/to/SSQ37FVT0YDNABXM05KN5HA76W/en,diamond-sale-eg
https://www.propertyfinder.eg/to/MW600ZYC2RYMTJPVP2TAPXDGQ0/en,diamond-sale-eg
https://www.propertyfinder.eg/to/78AGHCNQ151M3NMW8K5MC3SAT0/en,diamond-sale-eg
https://www.propertyfinder.eg/to/5RYCAH5SGRTKKBT0KRQFXR156W/en,diamond-sale-eg
https://www.propertyfinder.eg/to/42F2K6AQTC9A1FM3BDQFW96P4C/en,diamond-sale-eg
https://www.propertyfinder.eg/to/EB8PWHZ68GJQCWR6WCY8Q66C4M/en,diamond-sale-eg
https://www.propertyfinder.eg/to/RHVAY9G6H4FTFF6FWEDZHR5AYR/en,diamond-sale-eg
https://www.propertyfinder.eg/to/P3X92K423KTS9C04C1CW001238/en,diamond-sale-eg
https://www.propertyfinder.eg/to/3Y9BS0VTV5QY2DFX6971HXK1BG/en,diamond-sale-eg
https://www.propertyfinder.eg/to/S6R27SKHS641RJHD541DGK8TFW/en,diamond-sale-eg
https://www.propertyfinder.eg/to/CKG1G8MWF061WSEZR19FWEW5BG/en,diamond-sale-eg
https://www.propertyfinder.eg/to/AW98E158M1DSHYNZ53C9SK1RNG/en,diamond-sale-eg
https://www.propertyfinder.eg/to/BZ1S8XRBAX0WYQD3WTR23KRVBG/en,diamond-sale-eg
https://www.propertyfinder.eg/to/77PNXYZB6Z35JZC4NY48JNW9KR/en,diamond-sale-eg
https://www.propertyfinder.eg/to/WEMG4JDTTG29KRV8077407ZPQ4/en,diamond-sale-eg
https://www.propertyfinder.eg/to/2A89574YBMT5F96XQ99J0R7M54/en,diamond-sale-eg
https://www.propertyfinder.eg/to/3FBAWS4GFBA921B335GPMXGBH4/en,diamond-sale-eg
https://www.propertyfinder.eg/to/1J310QSMSSV0G9KVHE5VXEJ7TG/en,diamond-sale-eg
https://www.propertyfinder.eg/to/DCPCNREVHXD29G2BHWVXXV4MQC/en,diamond-sale-eg
https://www.propertyfinder.eg/to/CEKFDSS3Q0M348NX9JDK64SDZG/en,diamond-sale-eg
https://www.propertyfinder.eg/to/QS5FA8FDVQQHE83APS6C4RJ908/en,diamond-sale-eg
https://www.propertyfinder.eg/to/1941G616ZSRJK38PC4BECK6HVW/en,diamond-sale-eg
https://www.propertyfinder.eg/to/H6Z1YBEBXR5300J77DV9MBFA9W/en,diamond-sale-eg
https://www.propertyfinder.eg/to/ZH836R49AH67SFQ1Z5NZMB2CFW/en,diamond-sale-eg
https://www.propertyfinder.eg/to/2MND7K8VABGV4VYR7YZ2FTP3AR/en,diamond-sale-eg
https://www.propertyfinder.eg/to/VK007ZXYK31ENS86A5BGZ44M9M/en,diamond-sale-eg
https://www.propertyfinder.eg/to/9FRVJ4S525JGFEEJS968MK1H08/en,diamond-sale-eg
https://www.propertyfinder.eg/to/KFTPTJ2AP2WQFRBPD3HMBQ3QN4/en,diamond-sale-eg
https://www.propertyfinder.eg/to/0S0GH6PAC592KFW2H891BGSW30/en,diamond-sale-eg
https://www.propertyfinder.eg/to/TQQGH8198AS2WG4100QENZBQH4/en,diamond-sale-eg
https://www.propertyfinder.eg/to/TAMVAA48DKS3KM1ZEKSREWZP8W/en,diamond-sale-eg
https://www.propertyfinder.eg/to/N2CPA2K4A7D0HNZVFRK8Y9WFFC/en,diamond-sale-eg
https://www.propertyfinder.eg/to/E61QZDYH44QDNXT93KFF1A1YSG/en,diamond-sale-eg
https://www.propertyfinder.eg/to/ZX14DAR3VR9HD2KBGHF87HHVBR/en,diamond-sale-eg
https://www.propertyfinder.eg/to/644FE3SWFBPHNS6SKFHZYWE724/en,diamond-sale-eg
https://www.propertyfinder.eg/to/JFXHMR12055J0CWNJGYQV37Z3M/en,diamond-sale-eg
https://www.propertyfinder.eg/to/K4J9X0QCNFQN8VWFH5N1BX1140/en,diamond-sale-eg
https://www.propertyfinder.eg/to/Z9QPVDNDJX5612DV9NHMXXX628/en,diamond-sale-eg
https://www.propertyfinder.eg/to/P6BTBWTQ39TN34AHHHD861RQPW/en,diamond-sale-eg
https://www.propertyfinder.eg/to/G068E4WFSNM5ZGJMYFBA9TX87M/en,diamond-sale-eg
https://www.propertyfinder.eg/to/6QQ1TY1WH5ZC2FFZKJ78VRW954/en,diamond-sale-eg
https://www.propertyfinder.eg/to/1GH23JNXD7G3W33CA5X7EQ6VBM/en,diamond-sale-eg
https://www.propertyfinder.eg/to/3QED4ZQKZ8W8EXR69DSH5V62FW/en,diamond-sale-eg
https://www.propertyfinder.eg/to/E1E3FS34P47AKNM9NC8RKZ3MDM/en,diamond-sale-eg
https://www.propertyfinder.eg/to/XGFDM0M5KV4E4J2KVMT5XHS4M8/en,diamond-sale-eg
https://www.propertyfinder.eg/to/CQZY0N6YSEVF9TENRXVPBT38WC/en,diamond-sale-eg
https://www.propertyfinder.eg/to/6K3DR9YCE8FA4FSAC404ZNXCRM/en,diamond-sale-eg
https://www.propertyfinder.eg/to/YXY7XGF0XR4J3JHRCS7DSV461C/en,diamond-sale-eg
https://www.propertyfinder.eg/to/1QPT5RBX5BHT77F636WHMQ3AB8/en,diamond-sale-eg
https://www.propertyfinder.eg/to/KF3W51D8D1GGF6T80WTSRWJWPM/en,diamond-sale-eg
https://www.propertyfinder.eg/to/7KF6SNS64GJXMQ46FY05NR8JXC/en,diamond-sale-eg
https://www.propertyfinder.eg/to/JNJ0C0R4SYZ6J1T6R0RF583R30/en,diamond-sale-eg
https://www.propertyfinder.eg/to/DN6FCP7G97G349Y03AWARVMC00/en,diamond-sale-eg
https://www.propertyfinder.eg/to/DVAKSDWTV1FM42E7HCASS17XBC/en,diamond-sale-eg
https://www.propertyfinder.eg/to/TY75K43X1RJFHWCGCGBKBPFBG4/en,diamond-sale-eg
https://www.propertyfinder.eg/to/6B7NYEQTBD0T9Q9DYFVZF4V6C0/en,diamond-sale-eg
https://www.propertyfinder.eg/to/W3N0PNMVDGHB8ZYJAZDGMF3HV4/en,diamond-sale-eg
https://www.propertyfinder.eg/to/YAEZEK24DFBHHKPR0EH212NQ1R/en,diamond-sale-eg
https://www.propertyfinder.eg/to/0JYS43S0DVNG015YQT2CEFJ7Z0/en,diamond-sale-eg
https://www.propertyfinder.eg/to/2Q2CYE0ZHKJE48WTVFERCZCC7M/en,diamond-sale-eg
https://www.propertyfinder.eg/to/P9JAE1VH1MNKSYKSXTHPCB00T8/en,diamond-sale-eg
https://www.propertyfinder.eg/to/3NQW212VVR63XC8WAY0J7R8250/en,diamond-sale-eg
https://www.propertyfinder.eg/to/M7T2RDMPH6J0FG0VDE18S5CSX8/en,diamond-sale-eg
https://www.propertyfinder.eg/to/6FKJ9FZEVS2T16Z49WC7AEJDMC/en,diamond-sale-eg
https://www.propertyfinder.eg/to/KN1F5S6STV9C5WQH68MKHRRY34/en,diamond-sale-eg
https://www.propertyfinder.eg/to/P38YN0Z5H1W5PNNEHYB10D157C/en,diamond-sale-eg
https://www.propertyfinder.eg/to/0VRH3D4KNZ2WB8D5HHCFN9DFQ8/en,diamond-sale-eg
https://www.propertyfinder.eg/to/Z09X3R26ANRFYPFEV6H1S4JN68/en,diamond-sale-eg
https://www.propertyfinder.eg/to/3KSDHBYET6NAS8BXPTWSR5FF6G/en,diamond-sale-eg
https://www.propertyfinder.eg/to/DZTAGP45JR1N4X4NFC2WKQA580/en,diamond-sale-eg
https://www.propertyfinder.eg/to/EHJ4QD7H2FVEP3SACCGCBABG0G/en,diamond-sale-eg
https://www.propertyfinder.eg/to/GB04GSFFBHRA8KRXMHKZGJ6JZ8/en,diamond-sale-eg
https://www.propertyfinder.eg/to/9H316HHSKS5WG3ED7WJ9E2E54W/en,diamond-sale-eg
https://www.propertyfinder.eg/to/SKZF78ZDF8WBD8MCDWEVFH63W0/en,diamond-sale-eg
https://www.propertyfinder.eg/to/FGKSQ6EXW1Q5Z1EZNC5JH7DAPG/en,diamond-sale-eg
https://www.propertyfinder.eg/to/V4A063D4982XQAPBKY0BYWQ8SM/en,diamond-sale-eg
https://www.propertyfinder.eg/to/WQJ8BTF39ZE9864EPXAYXYT9ZM/en,diamond-sale-eg
https://www.propertyfinder.eg/to/J7WFRRBQJ7V4W85B2V69RFQ6GR/en,diamond-sale-eg
https://www.propertyfinder.eg/to/85VCXX73671W5F1ZKK837ANXS8/en,diamond-sale-eg
https://www.propertyfinder.eg/to/AA2EBEQ3QC8ZWCH7R8EZBR1S70/en,diamond-sale-eg
https://www.propertyfinder.eg/to/03Q2E6AFZHCD566Z1M2Y72PGM8/en,diamond-sale-eg
https://www.propertyfinder.eg/to/GM7PJMN6H767EGT5YNXKN5W2BC/en,diamond-sale-eg
https://www.propertyfinder.eg/to/RKTGMK5Y43DK2AQXHS7SGK6X0G/en,diamond-sale-eg
https://www.propertyfinder.eg/to/QP233HAMEQKC1E0VKR891B1DDG/en,diamond-sale-eg
https://www.propertyfinder.eg/to/2BJJ829NFJRXHV83DA8BCP0BA0/en,diamond-sale-eg
https://www.propertyfinder.eg/to/2MSMKDXSM7BY040YR4J0XSJJBG/en,diamond-sale-eg
https://www.propertyfinder.eg/to/Y40EA9M3N5E7DTCZSRJ07C3ZSW/en,diamond-sale-eg
https://www.propertyfinder.eg/to/CKVP7G8DYDRHNFJPMQR5KEMKG4/en,diamond-sale-eg
https://www.propertyfinder.eg/to/0XQFBNERJQR2Z3Q2VK33MHAJE8/en,diamond-sale-eg
https://www.propertyfinder.eg/to/VXAYSV91M9ZYM3XP6H9YC4RDKM/en,diamond-sale-eg
https://www.propertyfinder.eg/to/7XWM9JA4F36GE189X1FKM1P3YC/en,diamond-sale-eg
https://www.propertyfinder.eg/to/Z7BYK8HAR5K855MNH1E0ZDW9KW/en,diamond-sale-eg
https://www.propertyfinder.eg/to/RB6QNC78AHV0T37Q8PV1Q7V70R/en,diamond-sale-eg
https://www.propertyfinder.eg/to/1FG92CNRS8B2BVZ14QQP72CXB4/en,diamond-sale-eg
https://www.propertyfinder.eg/to/HG7B9FWSZW9CXYB9Z4K75XGPP8/en,diamond-sale-eg
https://www.propertyfinder.eg/to/ZCHNQ3W89013YXR8XTC10V9BR0/en,diamond-sale-eg
https://www.propertyfinder.eg/to/S3MCZY038JERWEJQ8NCT1WQVV0/en,diamond-sale-eg
https://www.propertyfinder.eg/to/Q6V5XNQV7NHJY0PDCN6JB85CC0/en,diamond-sale-eg
https://www.propertyfinder.eg/to/M9FMANAF6GN4SQ2B97JEB71GH0/en,diamond-sale-eg
https://www.propertyfinder.eg/to/3A75F7HG8AHP5XFRPCWES54GEM/en,diamond-sale-eg
https://www.propertyfinder.eg/to/XJYHTGPDA7EZD6CAVVP8V6S0DC/en,diamond-sale-eg
https://www.propertyfinder.eg/to/SK2TA4C39S327T8F19GFH268YG/en,diamond-sale-eg
https://www.propertyfinder.eg/to/FE6PA6ZACAT30556BJPPM8SQA8/en,diamond-sale-eg
https://www.propertyfinder.eg/to/REXQSTP8A354YJRERZM4BDAP4G/en,diamond-sale-eg
https://www.propertyfinder.eg/to/GAXPTXWG91E9GFW3AX45GMP62G/en,diamond-sale-eg
https://www.propertyfinder.eg/to/PNEKW9X6V2M44DQ4F5SHRZMXTW/en,diamond-sale-eg
https://www.propertyfinder.eg/to/HC9XMPGRMT1VWQJQA0MX0R6CJR/en,diamond-sale-eg
https://www.propertyfinder.eg/to/T7EWGE6SGB312TBWQK0BFVKC1M/en,diamond-sale-eg
https://www.propertyfinder.eg/to/D1PJMKJK6PFJEH0VDFKGY4W9WR/en,diamond-sale-eg
https://www.propertyfinder.eg/to/MWFZ99DG1W8019VSS60KTYAT7M/en,diamond-sale-eg
https://www.propertyfinder.eg/to/JZNYAEQRWSWTJX7WZBPWGAP1A0/en,diamond-sale-eg
https://www.propertyfinder.eg/to/PRJW108WM6YTQ2QVMN59W044BM/en,diamond-sale-eg
https://www.propertyfinder.eg/to/N1X0SZVX4X6F7D8B4Y899XMTJG/en,diamond-sale-eg
https://www.propertyfinder.eg/to/95EM77FAQV735S1PK4ZVP5DKM8/en,diamond-sale-eg
https://www.propertyfinder.eg/to/FX56ES0QS2ZNCMTYS2QM5CSVA8/en,diamond-sale-eg
https://www.propertyfinder.eg/to/SGSR7531Z6JV668KNZ0H8DG3DG/en,diamond-sale-eg
https://www.propertyfinder.eg/to/QN3C2JKCDJ6832VD2AQM6GE74G/en,diamond-sale-eg
https://www.propertyfinder.eg/to/DPFWX8RRC7Z49WR3E7H5SYMB70/en,diamond-sale-eg
https://www.propertyfinder.eg/to/9YXZW2RYXGPKZB41J62VT42A9G/en,diamond-sale-eg
https://www.propertyfinder.eg/to/TBNHDGV3A5HN4EVRZ3S7BHSR5C/en,diamond-sale-eg
https://www.propertyfinder.eg/to/564232WYPGMCSP5BCBTW119068/en,diamond-sale-eg
https://www.propertyfinder.eg/to/G28QRH65X6PM35B5ZWDFWJ8A5C/en,diamond-sale-eg
https://www.propertyfinder.eg/to/HBED17W370KP8K4Z5MQFTNWAPM/en,diamond-sale-eg
https://www.propertyfinder.eg/to/6S8FXSC16BD0J6PJ7YNP33AP0R/en,diamond-sale-eg
https://www.propertyfinder.eg/to/KZT6N3F1B4W6XGDJ06R5FT1GZ8/en,diamond-sale-eg
https://www.propertyfinder.eg/to/5K1RRMSAHS9YZNXEHJ8FXY5RZ0/en,diamond-sale-eg
https://www.propertyfinder.eg/to/MY8600H1P7MVX6ES3GXXJ0CVZC/en,diamond-sale-eg
https://www.propertyfinder.eg/to/QEZ0EJ9WZ54VB6S96W7QV82CZR/en,diamond-sale-eg
https://www.propertyfinder.eg/to/DJW13C53WS47DC2X8WJY2TCM1W/en,diamond-sale-eg
https://www.propertyfinder.eg/to/WKN0Q17B6PYRVQED0EZYHEY7ZR/en,diamond-sale-eg
https://www.propertyfinder.eg/to/CAV8MQCJTMXKVTTMXTW8JDHS3W/en,diamond-sale-eg
https://www.propertyfinder.eg/to/8CF4TYTY3KC116K6NV5QPQ7NEW/en,diamond-sale-eg
https://www.propertyfinder.eg/to/RE73DWZ8HV7NJYRJD8JR56YZ8M/en,diamond-sale-eg
https://www.propertyfinder.eg/to/3S8B0SPP2K0EWXA8D3W733BYX4/en,diamond-sale-eg
https://www.propertyfinder.eg/to/BHVGQ1PZHH2JW49HTP1NEXH2VG/en,diamond-sale-eg
https://www.propertyfinder.eg/to/G4D8QB15FBXQ8PBXPJWM8MZRXC/en,diamond-sale-eg
https://www.propertyfinder.eg/to/MGWS6MKZ8DJRNA4T0M1V4Z0R7W/en,diamond-sale-eg
https://www.propertyfinder.eg/to/D59D7YP4P3VY23N70W25QEBY04/en,diamond-sale-eg
https://www.propertyfinder.eg/to/D68ZYFACJ5DA8DMNJX0RVBTEEM/en,diamond-sale-eg
https://www.propertyfinder.eg/to/HYAVKJ9ZYMWTEKFZ5YQMHFWEY8/en,diamond-sale-eg
https://www.propertyfinder.eg/to/8PW0QG6MD6GYRKK4C9QCQMA0DW/en,diamond-sale-eg
https://www.propertyfinder.eg/to/NSV3R7T8FM5MPSPH0Y7MEARNNM/en,diamond-sale-eg
https://www.propertyfinder.eg/to/P7SWBJRANMM292XTPMFYVBR0RW/en,diamond-sale-eg
https://www.propertyfinder.eg/to/ANCZ28Y8N9M3C9PF9FN3ANMT44/en,diamond-sale-eg
https://www.propertyfinder.eg/to/59X7J5K2NRYY8J0AM6RSMG7JBC/en,diamond-sale-eg
https://www.propertyfinder.eg/to/G79SZP7X7BV85D6R36BDMVX6QG/en,diamond-sale-eg
https://www.propertyfinder.eg/to/051BPAFWVQFBCZWWJVC0G4E2M4/en,diamond-sale-eg
https://www.propertyfinder.eg/to/AGNPRJPFRZ96NT8YY1E88Q7918/en,diamond-sale-eg
https://www.propertyfinder.eg/to/AQ3TWPAKG4V1X89WHRR7H5RSG4/en,diamond-sale-eg
https://www.propertyfinder.eg/to/7VSQEKAB8361X4T14VMQDBSAE8/en,diamond-sale-eg
https://www.propertyfinder.eg/to/Z8FAPMQCPSEV5T70GD5G1QS6H0/en,diamond-sale-eg
https://www.propertyfinder.eg/to/4N725QPBBC1TSG9QCSBQ7T3P20/en,diamond-sale-eg
https://www.propertyfinder.eg/to/TVJXF7S8PS7VR6XTHPEYMJT4BR/en,diamond-sale-eg
https://www.propertyfinder.eg/to/NNYY6MHBJZT3F4CEBK4BHCN3MG/en,diamond-sale-eg
https://www.propertyfinder.eg/to/68S9MC0NBE9Z4119D6DA376180/en,diamond-sale-eg
https://www.propertyfinder.eg/to/0GFC2Q087NN4RMBXPYY73NG1HM/en,diamond-sale-eg
https://www.propertyfinder.eg/to/JE44XENFNDM15DPZR5H5EBR4EG/en,diamond-sale-eg
https://www.propertyfinder.eg/to/HMX0Z24KX194JDZWWTK705ABZG/en,diamond-sale-eg
https://www.propertyfinder.eg/to/QW4CKYXH7DMVTGB1ASDRGK4KQM/en,diamond-sale-eg
https://www.propertyfinder.eg/to/BXGGN50Y3D6HEH8T1M1VHH44V0/en,diamond-sale-eg
https://www.propertyfinder.eg/to/MB4QAMX9W8GVRXNDBRAZBPDKFG/en,diamond-sale-eg
https://www.propertyfinder.eg/to/VFBK20WE29CZR3ZNEKKD8X022M/en,diamond-sale-eg
https://www.propertyfinder.eg/to/Z1K4C7TGDXEKN20CD69QFYPX14/en,diamond-sale-eg
https://www.propertyfinder.eg/to/1RMSKPKPF2QNR2DV25SGT2PE3G/en,diamond-sale-eg
https://www.propertyfinder.eg/to/97H8Q7WY4ZRYRKDSA4BYAB6780/en,diamond-sale-eg
https://www.propertyfinder.eg/to/VH5XN4MXHZ9D6QH30S46FQXZPW/en,diamond-sale-eg
https://www.propertyfinder.eg/to/QZC8NV115FX4EAXXR9V9DWK7R0/en,diamond-sale-eg
https://www.propertyfinder.eg/to/9X81KASHHBGA3NKFJV7YT7HT24/en,diamond-sale-eg
https://www.propertyfinder.eg/to/SYFAVAABFT7JFYRWR8J20APZ10/en,diamond-sale-eg
https://www.propertyfinder.eg/to/EGY8BCK4MSX0B899DP28KQBRVR/en,diamond-sale-eg
https://www.propertyfinder.eg/to/7PB02YHB2CFBFSYSVEF0RE7VM0/en,diamond-sale-eg
https://www.propertyfinder.eg/to/601NJFRQ5E257DHME16RK30AQ0/en,diamond-sale-eg
https://www.propertyfinder.eg/to/972N05R43E5GK4FEDFQNCX99Y8/en,diamond-sale-eg
https://www.propertyfinder.eg/to/YNGNQ62CA8RJ09X7CAEXJWEA3G/en,diamond-sale-eg
https://www.propertyfinder.eg/to/R9VCDYADX7BSMBHPZNNGV2C0A4/en,diamond-sale-eg
https://www.propertyfinder.eg/to/XNFC21KD89YWKCW1CCSZAA28JC/en,diamond-sale-eg
https://www.propertyfinder.eg/to/ZWX2ZV15ET2SD6YEASZC9DBQ8R/en,diamond-sale-eg
https://www.propertyfinder.eg/to/7J96KFQ3X6PSKB0W135J1YJ9ZG/en,diamond-sale-eg
https://www.propertyfinder.eg/to/X3WKMXEY7JXZ9C0EEDAB347TDG/en,diamond-sale-eg
https://www.propertyfinder.eg/to/MYR381MYVGQ91T6QY3XMVJKMF0/en,diamond-sale-eg
https://www.propertyfinder.eg/to/AW3YD12W3BVR8Z223WW5RTAXF0/en,diamond-sale-eg
https://www.propertyfinder.eg/to/2RSAAAASCQ9Y1YN80F4DGQSZW0/en,diamond-sale-eg
https://www.propertyfinder.eg/to/0WMZTGNSC91SXCE5XQB540V27M/en,diamond-sale-eg
https://www.propertyfinder.eg/to/J1T8SN6GF1JP02MQQNXFXMJF2W/en,diamond-sale-eg
https://www.propertyfinder.eg/to/PZXFDQW7YSAV9J459BXQYHTE74/en,diamond-sale-eg
https://www.propertyfinder.eg/to/6812X05SJ5E944X6BDQET8CTWC/en,diamond-sale-eg
https://www.propertyfinder.eg/to/V6F7MBP092P6PMAH27W02EF51C/en,diamond-sale-eg
https://www.propertyfinder.eg/to/5Q0QNANXKA7WA7V397MZKXQ09W/en,diamond-sale-eg
https://www.propertyfinder.eg/to/GV4DQVHPFVHHSEARE0A13R3VX8/en,diamond-sale-eg
https://www.propertyfinder.eg/to/VSD79GK6NC5J26GH7EZZ9PAV54/en,diamond-sale-eg
https://www.propertyfinder.eg/to/629B43S8ZSBGGV5YYGPC81FX2M/en,diamond-sale-eg
https://www.propertyfinder.eg/to/01K48GK643SY4GCV5XGQS0MVE6/en,diamond-sale-eg
https://www.propertyfinder.eg/to/01K47TJF5WKMD1GGRSMNQEX8Z0/en,diamond-sale-eg
https://www.propertyfinder.eg/to/BKPDX4YB9BZH936RETEXM75JC0/en,diamond-sale-eg
https://www.propertyfinder.eg/to/8F9KWH6YAZQZFXVG82VGN411C0/en,diamond-sale-eg
https://www.propertyfinder.eg/to/ZHHBJF49B0H6P4N54MZRM4MKDC/en,diamond-sale-eg
https://www.propertyfinder.eg/to/TM884FZGZZ8TD58MEF889ARR9C/en,diamond-sale-eg
https://www.propertyfinder.eg/to/1ZGJCSXD6TV31STB7B2QSQRTT4/en,diamond-sale-eg
https://www.propertyfinder.eg/to/W6NDECA5VM65JREJB7VV4V2G7C/en,diamond-sale-eg
https://www.propertyfinder.eg/to/XE94EJJ9F0MJECNDRXBZJ5HFCW/en,diamond-sale-eg
https://www.propertyfinder.eg/to/00T12SCES3ZFKFEC6Q5P0WS6AR/en,diamond-sale-eg
https://www.propertyfinder.eg/to/5ZPCMZB8FC6EKY2GC1XAS85BYM/en,diamond-sale-eg
https://www.propertyfinder.eg/to/QMPNFV61FP05RD6M5MDATRF6KM/en,diamond-sale-eg
https://www.propertyfinder.eg/to/RSSF0MJMTN65VBQ7AM0YE4NTJW/en,diamond-sale-eg
https://www.propertyfinder.eg/to/3KH2J8TPJK4YQ1NFK1J5299XK4/en,diamond-sale-eg
https://www.propertyfinder.eg/to/MZS00XJ77B5RJWNNY96V5BYK5G/en,diamond-sale-eg
https://www.propertyfinder.eg/to/8DMJVJCV0Y0V3D3Z8EB3ADCWFM/en,diamond-sale-eg
https://www.propertyfinder.eg/to/SSF2PJ47EDZ4TKZSSCXA2E0AKR/en,diamond-sale-eg
https://www.propertyfinder.eg/to/RWBVG38QCYAZV499CDE8R02GAM/en,diamond-sale-eg
https://www.propertyfinder.eg/to/WMWZYN5QR75FZ6Z2TYZPGAAPJ4/en,diamond-sale-eg
https://www.propertyfinder.eg/to/ACWGA8PZPQKW04RSZDP4G7Y8EM/en,diamond-sale-eg
https://www.propertyfinder.eg/to/X4D4Y43Q02SZ646R2C5R83RAHM/en,diamond-sale-eg
https://www.propertyfinder.eg/to/764P94EX5RTWEXN9FBTP8HMSSR/en,diamond-sale-eg
https://www.propertyfinder.eg/to/B5WVC0XDC1GEK3G9PC8VBSAFTG/en,diamond-sale-eg
https://www.propertyfinder.eg/to/Z0W3EY3Q1MJEPCBR80F0VY2ZSM/en,diamond-sale-eg
https://www.propertyfinder.eg/to/STCM5F5E0Y5E7ZQ80T4BQ5R3VC/en,diamond-sale-eg
https://www.propertyfinder.eg/to/A7XAZGSJR20W9DDC35D9J9DZ4R/en,diamond-sale-eg
https://www.propertyfinder.eg/to/TVE60RNHTQR8RMH1AXYNYWV1BW/en,diamond-sale-eg
https://www.propertyfinder.eg/to/XKDZZZN7GH6QZMJMNK9GPHDAFR/en,diamond-sale-eg
https://www.propertyfinder.eg/to/0S7VXXN980XH9ZAJFRXHFYSH5W/en,diamond-sale-eg
https://www.propertyfinder.eg/to/R6V1D3QF47Q1A613SAZCSGJC30/en,diamond-sale-eg
https://www.propertyfinder.eg/to/4JC1XV4974VDX92YWQAKT00S90/en,diamond-sale-eg
https://www.propertyfinder.eg/to/CA3DTMWQM4KW93HVWY4ESDZMGW/en,diamond-sale-eg
https://www.propertyfinder.eg/to/3S2NJSK6ANCPPH56ESBM8G07VW/en,diamond-sale-eg
https://www.propertyfinder.eg/to/36KQHZTRK93Z5F13E8FY3WQEEW/en,diamond-sale-eg
https://www.propertyfinder.eg/to/CFM3D0XNVN6G9AN52NESFTG86R/en,diamond-sale-eg
https://www.propertyfinder.eg/to/HAWXRP8HG5WQXJKBCH93G3M1RC/en,diamond-sale-eg
https://www.propertyfinder.eg/to/7Z20YNYXEBMKPVJD0SJJQAQYNW/en,diamond-sale-eg
https://www.propertyfinder.eg/to/S0217Z67ESJ3QHMX1D0GV0258G/en,diamond-sale-eg
https://www.propertyfinder.eg/to/2NTCYHYAVHGYVZNT4P7MJSRSJ4/en,diamond-sale-eg
https://www.propertyfinder.eg/to/QJTSG4VZGZW2Q9WGGS7PNR1W7C/en,diamond-sale-eg
https://www.propertyfinder.eg/to/5ZBH89SD9BWA7F1N3W24EDWM68/en,diamond-sale-eg
https://www.propertyfinder.eg/to/CFKQ2TASSRWAFV3KVS6MRDFXEW/en,diamond-sale-eg
https://www.propertyfinder.eg/to/1T4BH3K1BTZYKVQ5MCGW9T8ND0/en,diamond-sale-eg
https://www.propertyfinder.eg/to/X30SVKZ1Y079M7JG0KPCH0PV18/en,diamond-sale-eg
https://www.propertyfinder.eg/to/VWXJTBDGC3NHHZ6AKYV91C3ESR/en,diamond-sale-eg
https://www.propertyfinder.eg/to/3AM5JQM7RMY1BWR3QW96XACPDR/en,diamond-sale-eg
https://www.propertyfinder.eg/to/HRPNQ5BNHVDCD2ZN284VPWJFAW/en,diamond-sale-eg
https://www.propertyfinder.eg/to/EJQF25FYCR7WDCTQDCFDMCGY08/en,diamond-sale-eg
https://www.propertyfinder.eg/to/X3KWF5XJTJ3MVSJDE42HBP0H9C/en,diamond-sale-eg
https://www.propertyfinder.eg/to/VFPBRAR37SZK7ADN907SA76EVR/en,diamond-sale-eg
https://www.propertyfinder.eg/to/QYCGXWEGVYMFSYHNVA0ADA20HG/en,diamond-sale-eg
https://www.propertyfinder.eg/to/C7JH70QMM60736AKJK27YQN3QW/en,diamond-sale-eg
https://www.propertyfinder.eg/to/MYDP8X11GE607DP9TXN8JQE41C/en,diamond-sale-eg
https://www.propertyfinder.eg/to/9420B2GBTSDZN3W3Y9S2CM86T4/en,diamond-sale-eg
https://www.propertyfinder.eg/to/69VCZNCPZX945552155XKKBR2M/en,diamond-sale-eg
https://www.propertyfinder.eg/to/MT2EX0HBSJYCKMZ11G5N8QPB9M/en,diamond-sale-eg
https://www.propertyfinder.eg/to/RH9YJ97RJ0DC3QKEFSBNQZNJVM/en,diamond-sale-eg
https://www.propertyfinder.eg/to/AR4Y9RHDFMDTV27C9XR5NT45X4/en,diamond-sale-eg
https://www.propertyfinder.eg/to/KF1WZG9D60K8Q9FZ38H0KC6GBC/en,diamond-sale-eg
https://www.propertyfinder.eg/to/1P0G4ETDV7QCH79JWM8WW6DAC4/en,diamond-sale-eg
https://www.propertyfinder.eg/to/BP79556V4Y5MM9PYV90CN6N6BW/en,diamond-sale-eg
https://www.propertyfinder.eg/to/FM4SSB1KA8QZDFADHKSK7684PG/en,diamond-sale-eg
https://www.propertyfinder.eg/to/K8GMJ65M77WHME778913HX4K4G/en,diamond-sale-eg
https://www.propertyfinder.eg/to/19BWPSARFEBH8D3E4TC6PZQ3ZG/en,diamond-sale-eg
https://www.propertyfinder.eg/to/1FC4S65D7YVS2D511KRNZQKHE8/en,diamond-sale-eg
https://www.propertyfinder.eg/to/3H83QHWAHGK7725HAS6KMP4BZG/en,diamond-sale-eg
https://www.propertyfinder.eg/to/KEJCAMS18TT5XKRY3DCYR0K1JC/en,diamond-sale-eg
https://www.propertyfinder.eg/to/DG746MAVRGNQ2WWSPHJAYC7G6R/en,diamond-sale-eg
https://www.propertyfinder.eg/to/M322A0EQSNED2WVFSRHDD62BFG/en,diamond-sale-eg
https://www.propertyfinder.eg/to/PV8Y08KCV59VJETWYJDFX413YC/en,diamond-sale-eg
https://www.propertyfinder.eg/to/5Q7ZJS9VJZ4HS9PNXCAJ0QCE8W/en,diamond-sale-eg
https://www.propertyfinder.eg/to/5MVGB5K7PR3YK511AGE76JJBFW/en,diamond-sale-eg
https://www.propertyfinder.eg/to/TTK9KAKM1XR95EPS4VPHZYNHPW/en,diamond-sale-eg
https://www.propertyfinder.eg/to/B8RS51TMVBRS2ZA7FT2N9JH194/en,diamond-sale-eg
https://www.propertyfinder.eg/to/1CZ0132RE4Z6EW01FSE34TPC44/en,diamond-sale-eg
https://www.propertyfinder.eg/to/9WJ6SS5H2MZ96CTZBQSGRKJ02R/en,diamond-sale-eg
https://www.propertyfinder.eg/to/X4P93RMXATDG5PKEYTW2EJN7S8/en,diamond-sale-eg
https://www.propertyfinder.eg/to/P9EVZVJRBVMD699BJNXP5XCZV0/en,diamond-sale-eg
https://www.propertyfinder.eg/to/1785A8EK139WDSGMG2TY93SN9R/en,diamond-sale-eg
https://www.propertyfinder.eg/to/QY535VSQQH6XRJZXR27EKQH7DR/en,diamond-sale-eg
https://www.propertyfinder.eg/to/7WSQYSR9R2CT9ES49A220YYCW8/en,diamond-sale-eg
https://www.propertyfinder.eg/to/DYEFKNG8WBGKBMXQ3TBKHMQDRR/en,diamond-sale-eg
https://www.propertyfinder.eg/to/Y5TZZ0T1W3WS14SMAPQDRDMNBR/en,diamond-sale-eg
https://www.propertyfinder.eg/to/GT8DRS2BGYPE45PGNPRA4MVE6C/en,diamond-sale-eg
https://www.propertyfinder.eg/to/NPBVXHS60BT31SDVA53BCX1324/en,diamond-sale-eg
https://www.propertyfinder.eg/to/HECXGWABSGXPKHV8FFWFVAQ6YR/en,diamond-sale-eg
https://www.propertyfinder.eg/to/J21XNCA0D28K4GBRKFZNG4NC80/en,diamond-sale-eg
https://www.propertyfinder.eg/to/YBSH7V9BXTM139HBYMB57HR3SM/en,diamond-sale-eg
https://www.propertyfinder.eg/to/P0VFR7V1G5MKZ50RAF5G5H4C60/en,diamond-sale-eg
https://www.propertyfinder.eg/to/2RT371DAZE2WY7XZHFMA856D04/en,diamond-sale-eg
https://www.propertyfinder.eg/to/5DKKGMCHA6N9NGTPRVTCPJJ0GG/en,diamond-sale-eg
https://www.propertyfinder.eg/to/TXS9D9240Z1BW5RW153CMW2NM8/en,diamond-sale-eg
https://www.propertyfinder.eg/to/85CP5S982JPJWH8RX6984AQW80/en,diamond-sale-eg
https://www.propertyfinder.eg/to/PFV63EEPCRBM16E1FNN6DB96A4/en,diamond-sale-eg
https://www.propertyfinder.eg/to/SDEY0AKB76KWPXE6233D2ETY7C/en,diamond-sale-eg
https://www.propertyfinder.eg/to/17HRVGQS1T7TFEAZKR5EPS1490/en,diamond-sale-eg
https://www.propertyfinder.eg/to/D2Y91FNZSPRXP68ME1XA26ERD0/en,diamond-sale-eg
https://www.propertyfinder.eg/to/2ZHNTQVMXH5YYGY2AQPTCQ640W/en,diamond-sale-eg
https://www.propertyfinder.eg/to/R4WPXP939N4AF73WMVDFTE0CCW/en,diamond-sale-eg
https://www.propertyfinder.eg/to/4KMKSD84FDTAFB27TDNJHJNK88/en,diamond-sale-eg
https://www.propertyfinder.eg/to/TZN2P7GWXM38079RZ09C0GA7CG/en,diamond-sale-eg
https://www.propertyfinder.eg/to/J5W4QFJNJ7FF6PVBK6RYQZFBNM/en,diamond-sale-eg
https://www.propertyfinder.eg/to/S0QS7YESS35A0MZA80CPQE64Y0/en,diamond-sale-eg
https://www.propertyfinder.eg/to/V9NFEW10AW03W2B7J8NH8AYBG0/en,diamond-sale-eg
https://www.propertyfinder.eg/to/V144P65R09K59T8H4C8BE3177G/en,diamond-sale-eg
https://www.propertyfinder.eg/to/KV6DFTB4CMX7871MPVTRCT43KR/en,diamond-sale-eg
https://www.propertyfinder.eg/to/A7NHSJVKZZYHKV0WC5XTJ5WHSM/en,diamond-sale-eg
https://www.propertyfinder.eg/to/WJD3DMYDV4G9GC54PCAH1EF5VR/en,diamond-sale-eg
https://www.propertyfinder.eg/to/1MEECFR4F1KDMHGA9PHZVQATV0/en,diamond-sale-eg
https://www.propertyfinder.eg/to/EJT2J2RJQBHQ6GR2SSV3JVE5S4/en,diamond-sale-eg
https://www.propertyfinder.eg/to/WYCDXZ0KZEFSYT902JXX8WMX8M/en,diamond-sale-eg
https://www.propertyfinder.eg/to/XXXG05QR0MG7948XP1V08CCGW4/en,diamond-sale-eg
https://www.propertyfinder.eg/to/PNK81SKP4TKEFAXJMMZ39XNJVM/en,diamond-sale-eg
https://www.propertyfinder.eg/to/9KYM53AXKTKEKBYTJTV7SWZ2M4/en,diamond-sale-eg
https://www.propertyfinder.eg/to/1041N0TPP6SCFH8MJ871DBA0RM/en,diamond-sale-eg
https://www.propertyfinder.eg/to/T01V0S13K9YE0SJ85MBXJZRE1C/en,diamond-sale-eg
https://www.propertyfinder.eg/to/RHVGKFZE03B6DS245KBV51F7H8/en,diamond-sale-eg
https://www.propertyfinder.eg/to/PG3JCVVP8Q6N4XQQZWCCDP1Y78/en,diamond-sale-eg
https://www.propertyfinder.eg/to/Z83EEY9VDYPXMA83DYH36P2XKG/en,diamond-sale-eg
https://www.propertyfinder.eg/to/7D3Q0K63Q9AE1HW8F6J2N0JAAR/en,diamond-sale-eg
https://www.propertyfinder.eg/to/SV3MKTR4E6HA8ESE4WHAAPC764/en,diamond-sale-eg
https://www.propertyfinder.eg/to/GCTCSZZNMYTW6V2MCFFK8SMRTC/en,diamond-sale-eg
https://www.propertyfinder.eg/to/0Q21ZZ249Q5K7XFGHMB07T2H0G/en,diamond-sale-eg
https://www.propertyfinder.eg/to/66ADXDMHB3DBQD83HT6XNBV3K0/en,diamond-sale-eg
https://www.propertyfinder.eg/to/K62CZD9YAB7CW38RRXERBRH0P8/en,diamond-sale-eg
https://www.propertyfinder.eg/to/RH89VBMJAJWWWAGMB5J8AB11WW/en,diamond-sale-eg
https://www.propertyfinder.eg/to/EZ62VE8VNAM58S8JXPFNNBATJG/en,diamond-sale-eg
https://www.propertyfinder.eg/to/K19TKSYWBBAXPQHSJ6QREYKZ6M/en,diamond-sale-eg
https://www.propertyfinder.eg/to/GMXRV3KCNSAB4REJJ90BHMTC6G/en,diamond-sale-eg
https://www.propertyfinder.eg/to/CYBSXZFZKF9AWVZYEZDKBMHJ0M/en,diamond-sale-eg
https://www.propertyfinder.eg/to/884AVMVC9R29E27Q8PBMW5ZKNM/en,diamond-sale-eg
https://www.propertyfinder.eg/to/GHYGPJHE23PVB28RKM5X4Q8XZG/en,diamond-sale-eg
https://www.propertyfinder.eg/to/K49DCR8195RJNK3T5AJCH6675M/en,diamond-sale-eg
https://www.propertyfinder.eg/to/D3A79M6VYE38P9KRR8JFJ8SCY0/en,diamond-sale-eg
https://www.propertyfinder.eg/to/529WJ7TXHYS8AGX16YFDCQ4WWW/en,diamond-sale-eg
https://www.propertyfinder.eg/to/J6SNDBCT1P3C2C0Q9SXZHTRS10/en,diamond-sale-eg
https://www.propertyfinder.eg/to/BNNM1SD53GEMNM2DKX3M2A93GM/en,diamond-sale-eg
https://www.propertyfinder.eg/to/H3HWBBF16PWCC7ZW6E6QGDFP4W/en,diamond-sale-eg
https://www.propertyfinder.eg/to/0AMEYB5EYK5VJ06KQDFP0Y3224/en,diamond-sale-eg
https://www.propertyfinder.eg/to/XM6P2PGT196Q91JATZYRMPSBFW/en,diamond-sale-eg
https://www.propertyfinder.eg/to/5SB3QADTZXPV0R0VJ263EAV18W/en,diamond-sale-eg
https://www.propertyfinder.eg/to/GPGGW8NJ4FFABT1ZAAACNTTZPR/en,diamond-sale-eg
https://www.propertyfinder.eg/to/B65WSR453XGW86FTM4ZTSHYVCW/en,diamond-sale-eg
https://www.propertyfinder.eg/to/SYJE6WHNV3PZ3T0N5YC40RYSG8/en,diamond-sale-eg
https://www.propertyfinder.eg/to/7SHZC27E0037SZVX0NJHWG7X3C/en,diamond-sale-eg
https://www.propertyfinder.eg/to/S5PHXBG4T49VCY26XTZA0YS7B4/en,diamond-sale-eg
https://www.propertyfinder.eg/to/VNXEH57CDZQ49KGN651CASDPE0/en,diamond-sale-eg
https://www.propertyfinder.eg/to/ZVGVZXDTCTV22P5X747MJW99KG/en,diamond-sale-eg
https://www.propertyfinder.eg/to/XQZVHEW75Q7Q1W1GHRWTJ3YE2W/en,diamond-sale-eg
https://www.propertyfinder.eg/to/GEBYJZ4C2ER72SKB476T0WW52G/en,diamond-sale-eg
https://www.propertyfinder.eg/to/XW902X2X63Z3FBP87DFHCH7W8M/en,diamond-sale-eg
https://www.propertyfinder.eg/to/T52Q7M27PFBV4Y3V5TFFTMZ90M/en,diamond-sale-eg
https://www.propertyfinder.eg/to/YYGY5R889TS4CRNGC1B9RN9N50/en,diamond-sale-eg
https://www.propertyfinder.eg/to/SQJFWC4AW7GVSVJ9KHYGB33RQR/en,diamond-sale-eg
https://www.propertyfinder.eg/to/84J2GZ6F59JT6VHAJY7G3Z8P1C/en,diamond-sale-eg
https://www.propertyfinder.eg/to/FXHQVGHMH8MFN6488CFG1GMGZG/en,diamond-sale-eg
https://www.propertyfinder.eg/to/PD2PDET37Y8G9MYB7FS26PCKG0/en,diamond-sale-eg
https://www.propertyfinder.eg/to/SB32TKZ3YY2PQ5CM77YHX8FMSW/en,diamond-sale-eg
https://www.propertyfinder.eg/to/G6TB7AGMQRHST3PBP71ARAC450/en,diamond-sale-eg
https://www.propertyfinder.eg/to/7PKA29A325JBSKHTW0NMDJKJVR/en,diamond-sale-eg
https://www.propertyfinder.eg/to/Q1BAE57JSMFACZV9XFSYNQ9E7G/en,diamond-sale-eg
https://www.propertyfinder.eg/to/A1YJS3B6V6PBS1E61R8Q43EYCC/en,diamond-sale-eg
https://www.propertyfinder.eg/to/2T3EFS4VYSTD9J1VHMMBC99NBC/en,diamond-sale-eg
https://www.propertyfinder.eg/to/2BTBN5SQRK2FYS00E5PKBRHN6G/en,diamond-sale-eg
https://www.propertyfinder.eg/to/F5TX9W9A0HZS4WE0VWZSP3YWWG/en,diamond-sale-eg
https://www.propertyfinder.eg/to/Y6GT03J74MN1KD9PWZ8W9DM8WW/en,diamond-sale-eg
https://www.propertyfinder.eg/to/R4PZD9Z8G1CW39PXKQ4TYAW7Z4/en,diamond-sale-eg
https://www.propertyfinder.eg/to/5S1QYNCV8984Q93F6D60P9E0A0/en,diamond-sale-eg
https://www.propertyfinder.eg/to/8VGH66MTBBTBC5TDRFHDWQZNAW/en,diamond-sale-eg
https://www.propertyfinder.eg/to/CA06YV64ZXQMBHZ6PGPTXAHJPG/en,diamond-sale-eg
https://www.propertyfinder.eg/to/1EJW0HMVERM5CZF3AMXSCKA7XR/en,diamond-sale-eg
https://www.propertyfinder.eg/to/0KVMJFW3PY4EY46P631188G4AW/en,diamond-sale-eg
https://www.propertyfinder.eg/to/PQY0Q4RE0TWQ4B1V8VS29XZZDG/en,diamond-sale-eg
https://www.propertyfinder.eg/to/DSB1A7S5MGMQACXXFWHHA1HQM8/en,diamond-sale-eg
https://www.propertyfinder.eg/to/BFJSJF9DRH21QJ1YPGZN4VE52R/en,diamond-sale-eg
https://www.propertyfinder.eg/to/J0WNCVPDNNBNZHGEGE4C3S7NG0/en,diamond-sale-eg
https://www.propertyfinder.eg/to/X1SKM0R78GSEW3FDGFP3NFY8BG/en,diamond-sale-eg
https://www.propertyfinder.eg/to/7YYM5WJBNX9WVXJRR6AZXTEVQG/en,diamond-sale-eg
https://www.propertyfinder.eg/to/1JDAHNCQ838ZM4P7CR6EQB7E3C/en,diamond-sale-eg
https://www.propertyfinder.eg/to/ETD17FG7MT1PMCPJH6TZNK1FBR/en,diamond-sale-eg
https://www.propertyfinder.eg/to/75BVBRN4J0XCDB66Z13JPGWJTW/en,diamond-sale-eg
https://www.propertyfinder.eg/to/CVK5C3TCETVZEHF0NATATXH03W/en,diamond-sale-eg
https://www.propertyfinder.eg/to/TZB7ZKNM8XW1MK83G610ZHGEER/en,diamond-sale-eg
https://www.propertyfinder.eg/to/HXEC499R8R4G1T40XSQHPSW8VW/en,diamond-sale-eg
https://www.propertyfinder.eg/to/BCME0A2J4RJSS9XWT6ARMC4PZR/en,diamond-sale-eg
https://www.propertyfinder.eg/to/13V41Z5ABKYEF0ZMQ87KRETFP0/en,diamond-sale-eg
https://www.propertyfinder.eg/to/4XJ4DM6JY1BRHWC00HHF55P20R/en,diamond-sale-eg
https://www.propertyfinder.eg/to/WRBJVD42JQY7T7WHN76RNZS6H0/en,diamond-sale-eg
https://www.propertyfinder.eg/to/Q7J5NZRQPRGJYAG46E3W6NRYY8/en,diamond-sale-eg
https://www.propertyfinder.eg/to/V3FRHJVK8CZWVGJZ88QTEC0KBC/en,diamond-sale-eg
https://www.propertyfinder.eg/to/4YGGGWV91G1DD068HA245FV0RW/en,diamond-sale-eg
https://www.propertyfinder.eg/to/2N6S1VFGVG18ZDAR1E1ZRT3K7M/en,diamond-sale-eg
https://www.propertyfinder.eg/to/JJ2YJJQ7H1MRKPBY0FD2GBMMER/en,diamond-sale-eg
https://www.propertyfinder.eg/to/GW0BVT6JFFP3NXFQ4V0JXT7FB0/en,diamond-sale-eg
https://www.propertyfinder.eg/to/768HFA0YJZV6XEKG491EQFGQE4/en,diamond-sale-eg
https://www.propertyfinder.eg/to/QV98FGDV70JHSWP7BV0PHKQEG0/en,diamond-sale-eg
https://www.propertyfinder.eg/to/JTGP48Y839ESRK6X3809JHM9ZC/en,diamond-sale-eg
https://www.propertyfinder.eg/to/ETW0V332AA98TEF0EQF0Y14BMR/en,diamond-sale-eg
https://www.propertyfinder.eg/to/7SCFWKF3XSDC92YA0995MTN8QG/en,diamond-sale-eg
https://www.propertyfinder.eg/to/HP4HW7SEDWC288TRJZPBJBHT5G/en,diamond-sale-eg
https://www.propertyfinder.eg/to/6PE723STKMSNSGTJ5Q986EVAVG/en,diamond-sale-eg
https://www.propertyfinder.eg/to/WS1FEH5ZRGY47Y9G049WT9CNF0/en,diamond-sale-eg
https://www.propertyfinder.eg/to/0B87XYT2T442S60QH6HK187NEW/en,diamond-sale-eg
https://www.propertyfinder.eg/to/5C1DC9SPCHPRCWWHFZBMA1RHSR/en,diamond-sale-eg
https://www.propertyfinder.eg/to/578QABY9AVGXC4Q3C5CA9NWPKW/en,diamond-sale-eg
https://www.propertyfinder.eg/to/D7SVC2P0H2ZCE5CFT0KW9N59F8/en,diamond-sale-eg
https://www.propertyfinder.eg/to/ZQN2WFV7SHNVE74HHKH55SWT4C/en,diamond-sale-eg
https://www.propertyfinder.eg/to/11C4PM8DJEBNRX2TVGKHB4FQC0/en,diamond-sale-eg
https://www.propertyfinder.eg/to/86045QDB3WJ6GEZ9JSQQ30XA2C/en,diamond-sale-eg
https://www.propertyfinder.eg/to/TVJWV5EMPZ60X83JAFDES09B90/en,diamond-sale-eg
https://www.propertyfinder.eg/to/4KRVBJ9PJ2WNGBVYC5VYW4C69R/en,diamond-sale-eg
https://www.propertyfinder.eg/to/VVY7QH4F2H79B7QQY2TQBXVETG/en,diamond-sale-eg
https://www.propertyfinder.eg/to/NFZDZDZMHPQJXW78JN5DDQ1GXM/en,diamond-sale-eg
https://www.propertyfinder.eg/to/ETK83TM2FP91PRF7313ZER6DF8/en,diamond-sale-eg
https://www.propertyfinder.eg/to/FZCDETQPQZ71FDHWMZCEBF72X4/en,diamond-sale-eg
https://www.propertyfinder.eg/to/D4F4M3FKE6J9JYGXS9P2A9J4X0/en,diamond-sale-eg
https://www.propertyfinder.eg/to/GFHS0WQ3NDFKYMC8M8Q6BEZEZW/en,diamond-sale-eg
https://www.propertyfinder.eg/to/WXH9QYPVKP50ECM1BFT9GB05P4/en,diamond-sale-eg
https://www.propertyfinder.eg/to/Q8HR1DMDAMJWTR10RCV1DG4K58/en,diamond-sale-eg
https://www.propertyfinder.eg/to/R6GSSVVY12X378V4H6P8BP9NQ8/en,diamond-sale-eg
https://www.propertyfinder.eg/to/74HTFWYZ1RW8JNMN3QHW743DKR/en,diamond-sale-eg
https://www.propertyfinder.eg/to/8N1F7QDMHSHJQ4H04ZPYHB6XE4/en,diamond-sale-eg
https://www.propertyfinder.eg/to/XASMDD4VFNM0H2PZBMHNVW3Q7R/en,diamond-sale-eg
https://www.propertyfinder.eg/to/VDP3SWDP89ZT4W2SDHAE48NZAG/en,diamond-sale-eg
https://www.propertyfinder.eg/to/VRDZW736BJBEJ9N3HVNWZGXDD8/en,diamond-sale-eg
https://www.propertyfinder.eg/to/BWHM2H9QGWGV1G3SKA3D4VT2J8/en,diamond-sale-eg
https://www.propertyfinder.eg/to/0P6PH2HZ1R79VK0VF8MXYM66CR/en,diamond-sale-eg
https://www.propertyfinder.eg/to/HPJQJN62GTQW51QSC2512BHBWC/en,diamond-sale-eg
https://www.propertyfinder.eg/to/EP7GFVFT7X5BZMC7ZHAJ2YEK24/en,diamond-sale-eg
https://www.propertyfinder.eg/to/J0D5917YX9KXV3X489FEEPXJ3M/en,diamond-sale-eg
https://www.propertyfinder.eg/to/DA0H4RKESZSYNH2NQQV5X1KT8R/en,diamond-sale-eg
https://www.propertyfinder.eg/to/XACVQFART29ERVD5TDVX8SC17G/en,diamond-sale-eg
https://www.propertyfinder.eg/to/YZFMJFDV9PQXVDGSR5AXG1SESC/en,diamond-sale-eg
https://www.propertyfinder.eg/to/R3GSRPEYB5N4P7B35H8CJ7K4AC/en,diamond-sale-eg
https://www.propertyfinder.eg/to/G5SA6Z2ZPYQ0N6MF4R78YCDW18/en,diamond-sale-eg
https://www.propertyfinder.eg/to/Q0CX9G8WQGSSGF0JY4JNPGYAR0/en,diamond-sale-eg
https://www.propertyfinder.eg/to/HCJRPNGXYCH8R2RY8S3A3BZ5VR/en,diamond-sale-eg
https://www.propertyfinder.eg/to/PFSA53MK0QGFRJK2W9B8HJRKZ8/en,diamond-sale-eg
https://www.propertyfinder.eg/to/8VV0XFDJFWFMQ1QXQV5WN6WFBM/en,diamond-sale-eg
https://www.propertyfinder.eg/to/PV0ZZ6F77D3HGN12T4W0B6WPX8/en,diamond-sale-eg
https://www.propertyfinder.eg/to/6YCEZEAFTVTJZJB56TX6X66JCW/en,diamond-sale-eg
https://www.propertyfinder.eg/to/ZS2TQ5B16E9PGVN187ND4YTDDM/en,diamond-sale-eg
https://www.propertyfinder.eg/to/BXP35VKFSKW5EK2HRZQH3HAFPM/en,diamond-sale-eg
https://www.propertyfinder.eg/to/6QZ8G5V8E95KQCHHEMY673HHP0/en,diamond-sale-eg
https://www.propertyfinder.eg/to/CGBAJ583P0AF8A5BKN1R8K4AAR/en,diamond-sale-eg
https://www.propertyfinder.eg/to/T8RA9G02SJJBTWTE760CG9DC0W/en,diamond-sale-eg
https://www.propertyfinder.eg/to/TR98AK04NCZ80J838YGXT93Y8M/en,diamond-sale-eg
https://www.propertyfinder.eg/to/3QB41F078PTZ20WECKMM3GFY04/en,diamond-sale-eg
https://www.propertyfinder.eg/to/3ESP1XNC3PZ8P0JENYZT295H98/en,diamond-sale-eg
https://www.propertyfinder.eg/to/9KGF1S0ST6BSNZEZ2XD5PSFWXC/en,diamond-sale-eg
https://www.propertyfinder.eg/to/3SHA0WVKJPV6HWR6VWK5FPP2MW/en,diamond-sale-eg
https://www.propertyfinder.eg/to/73ZQ63MNMMYPKVEXZAEC316760/en,diamond-sale-eg
https://www.propertyfinder.eg/to/2H9TKK0Z4Z24K37XD6K26ME7RC/en,diamond-sale-eg
https://www.propertyfinder.eg/to/JMJAXQMQ5AYRD2XKDB2KNZ2WJR/en,diamond-sale-eg
https://www.propertyfinder.eg/to/N42YGRKWN3AF52YYXS74TFMVC0/en,diamond-sale-eg
https://www.propertyfinder.eg/to/NYZW13PMKK41XSFHD0RZ3MPYHM/en,diamond-sale-eg
https://www.propertyfinder.eg/to/FFDJX3VBYJ3W8SAN47TMNFC7V0/en,diamond-sale-eg
https://www.propertyfinder.eg/to/ZHCR1HEZW73N17YZNGVJZ9ZM0G/en,diamond-sale-eg
https://www.propertyfinder.eg/to/14GN0KT96VJ05TB4SXPDH1M4A8/en,diamond-sale-eg
https://www.propertyfinder.eg/to/W1BRB5J7D95AZ5M75J75KRQE0C/en,diamond-sale-eg
https://www.propertyfinder.eg/to/627Q5ACM66A6BPG1YQ4RAJNKPM/en,diamond-sale-eg
https://www.propertyfinder.eg/to/DKJQPQDWZW46AMAJ1V2SZYMYJW/en,diamond-sale-eg
https://www.propertyfinder.eg/to/T5PSCFMY6ETGZA03N6DZJTJQR8/en,diamond-sale-eg
https://www.propertyfinder.eg/to/76PD78G7C5SQH6Z17ACD2YS8ZG/en,diamond-sale-eg
https://www.propertyfinder.eg/to/C1407CTTJCFS67JJHEHFQ7K4F8/en,diamond-sale-eg
https://www.propertyfinder.eg/to/6FXX40RCV9D0ERCJFNWQ7B213R/en,diamond-sale-eg
https://www.propertyfinder.eg/to/JGTY72XDWEH1XAQY3913YFZEGC/en,diamond-sale-eg
https://www.propertyfinder.eg/to/DA2HK4104BTK1GCJ5KCG487AAC/en,diamond-sale-eg
https://www.propertyfinder.eg/to/871EMR5C8E4WT1H7S62G1PRV2M/en,diamond-sale-eg
https://www.propertyfinder.eg/to/Q2VM7CGKD2CN8Q2MD0H3MBG654/en,diamond-sale-eg
https://www.propertyfinder.eg/to/XNJ0YS8HG7M3JV9AJ0E66PFHXM/en,diamond-sale-eg
https://www.propertyfinder.eg/to/ZS9MC63A4AQY47E268QS3CZGAM/en,diamond-sale-eg
https://www.propertyfinder.eg/to/01JZ6G09D3ZRWJXDHBW581F8EM/en,diamond-sale-eg
https://www.propertyfinder.eg/to/7QNPBYCQZ3F6V9HZ1WWRS9F4FW/en,diamond-sale-eg
https://www.propertyfinder.eg/to/883XHJ3JGQNEK0XFJD68P8V47G/en,diamond-sale-eg
https://www.propertyfinder.eg/to/3RN1KQFB4Q5AM092N1E7ZNN7M0/en,diamond-sale-eg
https://www.propertyfinder.eg/to/ES10R36K99G2XYEFA9GAGZV86R/en,diamond-sale-eg
https://www.propertyfinder.eg/to/NNABRWDPY7X41GJ3RQ706AEHZG/en,diamond-sale-eg
https://www.propertyfinder.eg/to/4TR71T8Z1YNSBPEZXA6G0F9TZR/en,diamond-sale-eg
https://www.propertyfinder.eg/to/QZ9ECQGH25G3S4MX6Q5WPKG2A0/en,diamond-sale-eg
https://www.propertyfinder.eg/to/JM54DVRFWX9XRP09WTTDQAPGG8/en,diamond-sale-eg
https://www.propertyfinder.eg/to/9SP34WAR1B83VTQGTRWFRM89QC/en,diamond-sale-eg
https://www.propertyfinder.eg/to/WCT65PSQP4ASQQSTXT1CETSMSM/en,diamond-sale-eg
https://www.propertyfinder.eg/to/B6AHYWMVQ2SBJAA89YPV8Q56JG/en,diamond-sale-eg
https://www.propertyfinder.eg/to/8RY814M7MJ4KT3T7KEV96VEF0G/en,diamond-sale-eg
https://www.propertyfinder.eg/to/J99S11F74E20F2ZNN7GATET08W/en,diamond-sale-eg
https://www.propertyfinder.eg/to/5Q62HDGS6ZMTD0YTGSQ9F5BK64/en,diamond-sale-eg
https://www.propertyfinder.eg/to/981H34A48K33KN8V2SW7S4X1Y4/en,diamond-sale-eg
https://www.propertyfinder.eg/to/KFHZ35ZAGJ1SRGE4E7CFJJQXPG/en,diamond-sale-eg
https://www.propertyfinder.eg/to/EXNC2EES0R6WR4MF3BPGXTY5W0/en,diamond-sale-eg
https://www.propertyfinder.eg/to/PGXZSRM9VP77YC6NMFFN6W7G04/en,diamond-sale-eg
https://www.propertyfinder.eg/to/BFT9XWSWS7GZNV2CN5ZG5GG99R/en,diamond-sale-eg
https://www.propertyfinder.eg/to/57PQVSB7JQ07RHM63T05R6GJN8/en,diamond-sale-eg
https://www.propertyfinder.eg/to/B4CZWT0J22QNKP5G8996Z0QXQ0/en,diamond-sale-eg
https://www.propertyfinder.eg/to/WVT07G6EFXFZPG23HX3Y9NADX4/en,diamond-sale-eg
https://www.propertyfinder.eg/to/4GMEVVBYAWZPT93950N7F2EBVR/en,diamond-sale-eg
https://www.propertyfinder.eg/to/BHB5S3NGK70NT0HEMFJPA8SNZ4/en,diamond-sale-eg
https://www.propertyfinder.eg/to/SMBRPPVFHA932B4BRCC9B6AZY4/en,diamond-sale-eg
https://www.propertyfinder.eg/to/6YXKHCC6RQ92AHZPEF6AP1HD2R/en,diamond-sale-eg
https://www.propertyfinder.eg/to/C1J3C1FPFYCFM89XTGF25QG7GW/en,diamond-sale-eg
https://www.propertyfinder.eg/to/Q9EDDKR1T2H717W1GTNQ1XAMR0/en,diamond-sale-eg
https://www.propertyfinder.eg/to/GDB69PQWKGW7SQC1AAYAGWQ34M/en,diamond-sale-eg
https://www.propertyfinder.eg/to/SS05BAVN1PYW37X7Q1NYSEDEZ4/en,diamond-sale-eg
https://www.propertyfinder.eg/to/H2VKYY4EN9DP9KJPKRHSE4334M/en,diamond-sale-eg
https://www.propertyfinder.eg/to/H93NNH6GQ5FK4CWKSSQ4RTM5JG/en,diamond-sale-eg
https://www.propertyfinder.eg/to/ZEJKK5EJZNS3S015HPBWDSR208/en,diamond-sale-eg
https://www.propertyfinder.eg/to/EKC2H6V9D8QS7YWR3MB39N3MTM/en,diamond-sale-eg
https://www.propertyfinder.eg/to/HABZ8HYZ06PZSQXZQKZDQ0EQCC/en,diamond-sale-eg
https://www.propertyfinder.eg/to/AYHS3KQ6MXW1XNP7EEMNF328Q8/en,diamond-sale-eg
https://www.propertyfinder.eg/to/D1T90MWSG65564V1F869N0F10C/en,diamond-sale-eg
https://www.propertyfinder.eg/to/9MQGC3GT1GDMZS11FAW3PFGZTM/en,diamond-sale-eg
https://www.propertyfinder.eg/to/7CXNVA1BRGCYGJGH8PPFD7W8KW/en,diamond-sale-eg
https://www.propertyfinder.eg/to/79C4B39EKEVJEQ8J926ZGE2RN8/en,diamond-sale-eg
https://www.propertyfinder.eg/to/5VVXCW6S56A5H09NH00ZNM3VPC/en,diamond-sale-eg
https://www.propertyfinder.eg/to/3V98NT12BY5N58SC59FNE9CMD4/en,diamond-sale-eg
https://www.propertyfinder.eg/to/AV6JGVM3RTKSPK3CRGV4RE8XW8/en,diamond-sale-eg
https://www.propertyfinder.eg/to/ZRWZGX2FA94PFN4H810NQWZ6HG/en,diamond-sale-eg
https://www.propertyfinder.eg/to/CGABGGPNEY81D5MCS644W767VG/en,diamond-sale-eg
https://www.propertyfinder.eg/to/7Y6DQFZ9GQ9NGMJKDE71SNH15G/en,diamond-sale-eg
https://www.propertyfinder.eg/to/01K31CWFWJT2GEQK8CR9D2YDM5/en,diamond-sale-eg
https://www.propertyfinder.eg/to/8MYX128NYFG2BG6EACH5HB8SPW/en,diamond-sale-eg
https://www.propertyfinder.eg/to/CD0BK21SMT32GZ7H8H2ETKGW00/en,diamond-sale-eg
https://www.propertyfinder.eg/to/7Z616SVAXQMDE7RCFQDVK9XFF0/en,diamond-sale-eg
https://www.propertyfinder.eg/to/DCTTEZPDNR2RZ9FMX8T7NB66H8/en,diamond-sale-eg
https://www.propertyfinder.eg/to/FDJH7TD1GNM4CY8MMJ82MHQ0X4/en,diamond-sale-eg
https://www.propertyfinder.eg/to/7JX54RB223PKE33WPA5CHJM3TG/en,diamond-sale-eg
https://www.propertyfinder.eg/to/43BPNAY969C0W01RA7KCA8AQ80/en,diamond-sale-eg
https://www.propertyfinder.eg/to/W14DWQ1EQV556EYGF2DAFYYEBW/en,diamond-sale-eg
https://www.propertyfinder.eg/to/3BZTQXGCJEG3FJG2GD2QYN6E8W/en,diamond-sale-eg
https://www.propertyfinder.eg/to/RQP8N0H0T0BR1PSQ0XM41GC894/en,diamond-sale-eg
https://www.propertyfinder.eg/to/AWN9REFP85QZ0T166HB5QRXGY8/en,diamond-sale-eg
https://www.propertyfinder.eg/to/SDMT3R7W5P2FCXP6JC7EGFM17R/en,diamond-sale-eg
https://www.propertyfinder.eg/to/PGA4341Y2SF01MBTTEFP1ZZR6R/en,diamond-sale-eg
https://www.propertyfinder.eg/to/3Q4R53GPF8NA8GPCE9CAKWW7KM/en,diamond-sale-eg
https://www.propertyfinder.eg/to/HQD6JWC937ZDSYSZD1STXNBJM0/en,diamond-sale-eg
https://www.propertyfinder.eg/to/3SNBE1RAM0MC51Y7VGHGF354WC/en,diamond-sale-eg
https://www.propertyfinder.eg/to/BY72M8XQANHRFRX8V33MMQHMCR/en,diamond-sale-eg
https://www.propertyfinder.eg/to/7TQKDYBD7RNJ5976E19A5BCT3R/en,diamond-sale-eg
https://www.propertyfinder.eg/to/7MKQVT97EPFGS5NF0NMRN8VD7W/en,diamond-sale-eg
https://www.propertyfinder.eg/to/X24GXF93ZKAEWJWHN1PVCMNJCC/en,diamond-sale-eg
https://www.propertyfinder.eg/to/2V0KWJPQ6N8K2HHHFHVMGD6DX0/en,diamond-sale-eg
https://www.propertyfinder.eg/to/0QVJ3M93HVX3WN9AXZ34V8WTP0/en,diamond-sale-eg
https://www.propertyfinder.eg/to/EH5N1PGSE77FQAMBKJ2QZQGRNC/en,diamond-sale-eg
https://www.propertyfinder.eg/to/GGGTNYRT833G9Y24HAYFYSWH5W/en,diamond-sale-eg
https://www.propertyfinder.eg/to/5ZCMBT1F7JRZPVVXG40W8K4JJG/en,diamond-sale-eg
https://www.propertyfinder.eg/to/N489B1VA5PN9AFHQAPKD7D6HRW/en,diamond-sale-eg
https://www.propertyfinder.eg/to/DFV6P8ZGZD68HR17MKN1V3QN7G/en,diamond-sale-eg
https://www.propertyfinder.eg/to/9HTZ5VF5HVPCZ22NB695H82V6R/en,diamond-sale-eg
https://www.propertyfinder.eg/to/ARTRAWQECM202J21KJ8SV6NZM8/en,diamond-sale-eg
https://www.propertyfinder.eg/to/1GH1S2AJ1P7CT4PNBQECHR7K78/en,diamond-sale-eg
https://www.propertyfinder.eg/to/MDW2398ZR538CWTVKP2R0608DW/en,diamond-sale-eg
https://www.propertyfinder.eg/to/DF00ZQ9N93HR9RVRDQ0MHPTBDM/en,diamond-sale-eg
https://www.propertyfinder.eg/to/Y8Z9AGE76SAD0N5RGAG7TX4SXG/en,diamond-sale-eg
https://www.propertyfinder.eg/to/879GEKEQ0SAQX7ECKR9KPMKW9M/en,diamond-sale-eg
https://www.propertyfinder.eg/to/YEY04NS28RRSCKYW88WJVPW0K8/en,diamond-sale-eg
https://www.propertyfinder.eg/to/QPW9XZW1V9541GWEK1RX4M9G0M/en,diamond-sale-eg
https://www.propertyfinder.eg/to/6H63CMWDT86DXZGYC7HHK5JGZG/en,diamond-sale-eg
https://www.propertyfinder.eg/to/HEQ4QWK4VSJ3TMK866MH8EEJK0/en,diamond-sale-eg
https://www.propertyfinder.eg/to/RF0JPF3XG2PZSYGW4FDGGSMBP4/en,diamond-sale-eg
https://www.propertyfinder.eg/to/DBW0KF79NYW1BAECNZBTDTR55C/en,diamond-sale-eg
https://www.propertyfinder.eg/to/MQ2XH9QPV6A8V392SPMQRZ59AW/en,diamond-sale-eg
https://www.propertyfinder.eg/to/NY143PJ73NXVCHQ7V8SHPT1YFC/en,diamond-sale-eg
https://www.propertyfinder.eg/to/V5FESAGXEEMWR2AER0RZDYDT00/en,diamond-sale-eg
https://www.propertyfinder.eg/to/ETEJ0GR37X12JQ7XQ3AY73EBG8/en,diamond-sale-eg
https://www.propertyfinder.eg/to/QPST5B2Q0R9YMHBXSW81Y6HYAM/en,diamond-sale-eg
https://www.propertyfinder.eg/to/YPAX8J3Q4269Z7GFG0G674FTMR/en,diamond-sale-eg
https://www.propertyfinder.eg/to/9XBBG5YX92FJR2NV2MHWBQFYTM/en,diamond-sale-eg
https://www.propertyfinder.eg/to/44688FV4JYWZM17NYJHAG0SPWG/en,diamond-sale-eg
https://www.propertyfinder.eg/to/858DVB6QVYPG663G0MAWJWV200/en,diamond-sale-eg
https://www.propertyfinder.eg/to/7F71N548492Q4DWQ0SNZH1X84W/en,diamond-sale-eg
https://www.propertyfinder.eg/to/SZ13RR9JWM9CYK8WJ31AE1RCA0/en,diamond-sale-eg
https://www.propertyfinder.eg/to/MJKNAWKYYN8JZ3504Z0QKFPC5R/en,diamond-sale-eg
https://www.propertyfinder.eg/to/FKMZJZSJ9Y6JPA9VNFJFS8ZVQR/en,diamond-sale-eg
https://www.propertyfinder.eg/to/Q7AXAVPJD447MMAMCYWTJB5AVW/en,diamond-sale-eg
https://www.propertyfinder.eg/to/D8PCENTDWVQSRDP1C8JCYE74QC/en,diamond-sale-eg
https://www.propertyfinder.eg/to/3HFNK4Y1AJHWYFNSMMAVK91XGR/en,diamond-sale-eg
https://www.propertyfinder.eg/to/EV863H8YGA3VSB3YGZ1A1A2AGC/en,diamond-sale-eg
https://www.propertyfinder.eg/to/27B5DRVFXTC1NKFZ3ZE4VZZC4G/en,diamond-sale-eg
https://www.propertyfinder.eg/to/TE81MZ81C2C5MHRJ9BV1E5G5KR/en,diamond-sale-eg
https://www.propertyfinder.eg/to/FYZZRQJXV7VMG2M24VVRWD0XH8/en,diamond-sale-eg
https://www.propertyfinder.eg/to/AX25T72GNBKYZ8794050M1QTD4/en,diamond-sale-eg
https://www.propertyfinder.eg/to/9GMN27GGBRTPP2DTAB0B9WG668/en,diamond-sale-eg
https://www.propertyfinder.eg/to/S359B1PWYXCKC4F6AYNR2FFP88/en,diamond-sale-eg
https://www.propertyfinder.eg/to/JJF37T6NERH5Y93JJ2C7FQMGZ8/en,diamond-sale-eg
https://www.propertyfinder.eg/to/GFMP26V6SPXTPRC58SBTJTA9C4/en,diamond-sale-eg
https://www.propertyfinder.eg/to/K5XNSXJ3K27GDQ85AKFKDTFZE4/en,diamond-sale-eg
https://www.propertyfinder.eg/to/3TP2HYY7KMSETFHRYYWHE88W9C/en,diamond-sale-eg
https://www.propertyfinder.eg/to/9GF3J2QZT6A8M83YGX74ARQCJ0/en,diamond-sale-eg
https://www.propertyfinder.eg/to/3TRGWH7GTQYCT9M92AKST5EG44/en,diamond-sale-eg
https://www.propertyfinder.eg/to/8ZTYZ4C12ZM7GB8CAGJJ9MENE0/en,diamond-sale-eg
https://www.propertyfinder.eg/to/BR4HRXZW6KVDTSM4H2W939XF08/en,diamond-sale-eg
https://www.propertyfinder.eg/to/70470727HKS98CZ9PYQ36KDXGC/en,diamond-sale-eg
https://www.propertyfinder.eg/to/WRTDB1Z29V3HBS0H1174E7VYA8/en,diamond-sale-eg
https://www.propertyfinder.eg/to/7ZK27P5WN9YRD4ND03E5FB5NW0/en,diamond-sale-eg
https://www.propertyfinder.eg/to/S1S38H2TJJVYXMKARMDA5XR1F8/en,diamond-sale-eg
https://www.propertyfinder.eg/to/8GCPQ43BNMX8NHSX3QA9ENZKG8/en,diamond-sale-eg
https://www.propertyfinder.eg/to/4KM3S1E6KXHAHT7N2YXMX4KKVG/en,diamond-sale-eg
https://www.propertyfinder.eg/to/3EKE7H0TM98FZ6FACX4C6CNDJ4/en,diamond-sale-eg
https://www.propertyfinder.eg/to/WV6MGXDXB2KK49M8CEW6FCGZV0/en,diamond-sale-eg
https://www.propertyfinder.eg/to/B4Y5741P1WMHNVB1V4RTPPXQYR/en,diamond-sale-eg
https://www.propertyfinder.eg/to/7DVW89AYR9RZA3Z3W7XQ0ZAZTC/en,diamond-sale-eg
https://www.propertyfinder.eg/to/C375FBCBBHBATKW8A2WDF10NZM/en,diamond-sale-eg
https://www.propertyfinder.eg/to/A5C0K49YQQ4CEBNPAWNMJCH8T8/en,diamond-sale-eg
https://www.propertyfinder.eg/to/FH98Y4T6PF7TWKETAX9SG9KGSM/en,diamond-sale-eg
https://www.propertyfinder.eg/to/JDSW257T4P64CCEEDWVAT6EH94/en,diamond-sale-eg
https://www.propertyfinder.eg/to/6ZKE6G1AHG8KK04G7T34YEY1N4/en,diamond-sale-eg
https://www.propertyfinder.eg/to/JP9MT5BPT59AD04T5W37VG0JYR/en,diamond-sale-eg
https://www.propertyfinder.eg/to/WY9WBWR5DVSJ4CE6ZRH00TNKH0/en,diamond-sale-eg
https://www.propertyfinder.eg/to/1K3XC174APT09YQ0N1HV4G5TAC/en,diamond-sale-eg
https://www.propertyfinder.eg/to/1RNVNP14R0F1D3EVSN6C1PVQXG/en,diamond-sale-eg
https://www.propertyfinder.eg/to/E2XVT2H1TGQ9S4WFA7ZEWCEQ2W/en,diamond-sale-eg
https://www.propertyfinder.eg/to/2P4R98HRW1G28JYTFKEB8FTPZ0/en,diamond-sale-eg
https://www.propertyfinder.eg/to/A1KBPCV5YAJ714S0Q8EFSGYY20/en,diamond-sale-eg
https://www.propertyfinder.eg/to/D96F1H6FMC1M0QGJ9YJFH1E0WR/en,diamond-sale-eg
https://www.propertyfinder.eg/to/Z59R7XHZKBQ76VFN0CEX4ADJRR/en,diamond-sale-eg
https://www.propertyfinder.eg/to/Z69E9P4KT11WDDCKNDHJDTTRTG/en,diamond-sale-eg
https://www.propertyfinder.eg/to/R2986FHGQVJ5S0A983CP25F0TG/en,diamond-sale-eg
https://www.propertyfinder.eg/to/H95EBBR5R3DMJRHPPJTGDSY8A8/en,diamond-sale-eg
https://www.propertyfinder.eg/to/HFJWW47VJRGJKCK5ETYHBBEDNR/en,diamond-sale-eg
https://www.propertyfinder.eg/to/DY4A1TWGHG03A6G4WT8Y9A01PM/en,diamond-sale-eg
https://www.propertyfinder.eg/to/X4BZAKJX5A6FSQHZPMYQ919520/en,diamond-sale-eg
https://www.propertyfinder.eg/to/PSRJS69GCGTQ9DF14J32XAV3G0/en,diamond-sale-eg
https://www.propertyfinder.eg/to/Q3GHQ8PNWTRXR3A80DR8Z8GDCG/en,diamond-sale-eg
https://www.propertyfinder.eg/to/EBS070JEKZH36WNGAK9G8KJ9RR/en,diamond-sale-eg
https://www.propertyfinder.eg/to/01JZMZWZT1V9WTF7MFTJTPREH4/en,diamond-sale-eg
https://www.propertyfinder.eg/to/VATXTEAKNV88T9AHEP42RP5TJC/en,diamond-sale-eg
https://www.propertyfinder.eg/to/6TR8FFEB6MB2V45JN2MT0GRRB4/en,diamond-sale-eg
https://www.propertyfinder.eg/to/01JSYJMB1EY5YANF7AB9K07CDK/en,diamond-sale-eg
https://www.propertyfinder.eg/to/1YK2T8MWPBF8C2R3C19Y5VVTW4/en,diamond-sale-eg
https://www.propertyfinder.eg/to/TFWDYS1K65Z8KRCDQYV9S3H8GG/en,diamond-sale-eg
https://www.propertyfinder.eg/to/DF66N3RCE8NZ3B15YW8RS3J88G/en,diamond-sale-eg
https://www.propertyfinder.eg/to/9QXGG3XKVGYSYXXR3GH8T0P7S0/en,diamond-sale-eg
https://www.propertyfinder.eg/to/1SEDVS5HT4FA3S8B6ARE7JN3BW/en,diamond-sale-eg
https://www.propertyfinder.eg/to/WSSVP7WM7H8CKN70YVWZA9RMRG/en,diamond-sale-eg
https://www.propertyfinder.eg/to/XGH5YK56JPG0GW9H0QH50XBGHC/en,diamond-sale-eg
https://www.propertyfinder.eg/to/5R6VB5H75Y71ZT3PX0JKV2EZKG/en,diamond-sale-eg
https://www.propertyfinder.eg/to/E3C68JDTMXRC4X57JEK6SB97R0/en,diamond-sale-eg
https://www.propertyfinder.eg/to/DPBDKJMGRHBC3X3NFK3N3K8QRW/en,diamond-sale-eg
https://www.propertyfinder.eg/to/3FETPC58ZDWWQPM6J8XGRH8S6G/en,diamond-sale-eg
https://www.propertyfinder.eg/to/1RR20DVZ2K5GVXJ9X73R1361QG/en,diamond-sale-eg
https://www.propertyfinder.eg/to/BW3KAV63P5CQ1ZB6WX5Y2HBN74/en,diamond-sale-eg
https://www.propertyfinder.eg/to/SMMC92Z7MP4X287FNWCKADDYJ4/en,diamond-sale-eg
https://www.propertyfinder.eg/to/1FA32DJ4ASY6WPR0NK4DDZ3T3C/en,diamond-sale-eg
https://www.propertyfinder.eg/to/0ME8MHRE9TH7K5NA73WY86W5SC/en,diamond-sale-eg
https://www.propertyfinder.eg/to/SWVE9F5ZG6E4HQ4YBVCM1CKME0/en,diamond-sale-eg
https://www.propertyfinder.eg/to/HDW5W329PGH0EZ3QW9WCZRVFZ8/en,diamond-sale-eg
https://www.propertyfinder.eg/to/TE6KMH5QEMZW6W1P83BQNQHPTG/en,diamond-sale-eg
https://www.propertyfinder.eg/to/RS0YWXPAX1BRBQS5SEEQ063YVW/en,diamond-sale-eg
https://www.propertyfinder.eg/to/986SMC2HX9J295KGJR4EYVD9NG/en,diamond-sale-eg
https://www.propertyfinder.eg/to/5GX5YHWV6X6DVNPRQXXT37R4Q4/en,diamond-sale-eg
https://www.propertyfinder.eg/to/K8CP7WSD954A9ZMWTG2ZBTYH8R/en,diamond-sale-eg
https://www.propertyfinder.eg/to/KSP69E82SS1Z6AJA2DSW2C4RZC/en,diamond-sale-eg
https://www.propertyfinder.eg/to/6PCMV4EYNR3477103QP4TFB32W/en,diamond-sale-eg
https://www.propertyfinder.eg/to/V3R7NT6H6KRXMCPFJXC44TS35W/en,diamond-sale-eg
https://www.propertyfinder.eg/to/4QNKN8NAMFSSQE7TVDPH4DNT98/en,diamond-sale-eg
https://www.propertyfinder.eg/to/NAAQN7NPVKR7N9M9R1K08EG8XR/en,diamond-sale-eg
https://www.propertyfinder.eg/to/H1QMB3K8QN288TXEKX6NTJD15G/en,diamond-sale-eg
https://www.propertyfinder.eg/to/6QKKPFQZK7X456W0RYB9S8ZQKR/en,diamond-sale-eg
https://www.propertyfinder.eg/to/MJ06QM7NJD7F5MZY67AD8XY3Z0/en,diamond-sale-eg
https://www.propertyfinder.eg/to/XPQ6E1TM0E8B8DQ9CD7BMJYJVW/en,diamond-sale-eg
https://www.propertyfinder.eg/to/2ZM82ZV9GVWZGHTY0VHR6NNBKW/en,diamond-sale-eg
https://www.propertyfinder.eg/to/J5ADMG4J7Z36J63B32A9TDAJY4/en,diamond-sale-eg
